label,_neutral,browDownLeft,browDownRight,browInnerUp,browOuterUpLeft,browOuterUpRight,cheekPuff,cheekSquintLeft,cheekSquintRight,eyeBlinkLeft,eyeBlinkRight,eyeLookDownLeft,eyeLookDownRight,eyeLookInLeft,eyeLookInRight,eyeLookOutLeft,eyeLookOutRight,eyeLookUpLeft,eyeLookUpRight,eyeSquintLeft,eyeSquintRight,eyeWideLeft,eyeWideRight,jawForward,jawLeft,jawOpen,jawRight,mouthClose,mouthDimpleLeft,mouthDimpleRight,mouthFrownLeft,mouthFrownRight,mouthFunnel,mouthLeft,mouthLowerDownLeft,mouthLowerDownRight,mouthPressLeft,mouthPressRight,mouthPucker,mouthRight,mouthRollLower,mouthRollUpper,mouthShrugLower,mouthShrugUpper,mouthSmileLeft,mouthSmileRight,mouthStretchLeft,mouthStretchRight,mouthUpperUpLeft,mouthUpperUpRight,noseSneerLeft,noseSneerRight
dogal,7.446750487360987e-07,0.05727261304855347,0.027995139360427856,0.1075420007109642,0.07419060915708542,0.059407662600278854,1.1027990694856271e-05,1.0637963754334123e-07,1.7917024308644613e-07,0.15665383636951447,0.09094029664993286,0.23639222979545593,0.23481734097003937,0.0034066259395331144,0.4107135236263275,0.3690584599971771,0.00861977506428957,0.03335292264819145,0.032031647861003876,0.3548622727394104,0.38405007123947144,0.0038886559195816517,0.004427871201187372,0.0001313020766247064,0.00047695054672658443,0.0015115502756088972,2.129077256540768e-05,0.0003642416268121451,0.015272663906216621,0.0005510617629624903,0.000276344595476985,0.0004688944900408387,0.0026449542492628098,0.0019456964218989015,0.00030772987520322204,0.0008471962646581233,0.024579694494605064,0.0033423632849007845,0.10014872997999191,0.0005382894887588918,0.001798535231500864,0.0009555285214446485,0.004023078363388777,0.008599535562098026,0.0010395407443866134,0.0004691466747317463,0.001141250366345048,0.0023163401056081057,0.00027789155137725174,0.00020564139413181692,2.9005084343225462e-06,6.604008717658871e-07
dogal,1.0337058711229474e-06,0.01664893515408039,0.007384410593658686,0.21968752145767212,0.14634737372398376,0.12142573297023773,1.4303880561783444e-05,1.463481993368987e-07,2.2850446157463011e-07,0.1526833027601242,0.062415894120931625,0.2993527352809906,0.28128451108932495,0.0046469662338495255,0.3833540380001068,0.33703696727752686,0.01047108881175518,0.027511198073625565,0.025004083290696144,0.3257083594799042,0.3123358488082886,0.004365879576653242,0.0060991523787379265,0.0001514545438112691,0.0004140057717449963,0.001075992127880454,1.4530128282785881e-05,0.0002878065570257604,0.01999787986278534,0.0004612643097061664,0.0008338120533153415,0.0015493562677875161,0.0013341036392375827,0.0016531107248738408,0.00023162060824688524,0.0005706052761524916,0.0514318011701107,0.0053343200124800205,0.021785447373986244,0.00043659796938300133,0.0014972677454352379,0.0006998902535997331,0.007006083615124226,0.013187211006879807,0.005345772951841354,0.0022592570167034864,0.003648812882602215,0.007311615627259016,0.000820955028757453,0.0005105274613015354,3.5843054320139345e-06,9.250435937246948e-07
dogal,6.29150747499807e-07,0.01343868114054203,0.007076233625411987,0.26690348982810974,0.10899718105792999,0.1291496455669403,1.5302886822610162e-05,1.3720608649236965e-07,1.5729722235846566e-07,0.1609877645969391,0.06337477266788483,0.11375760287046432,0.10566821694374084,0.05136822536587715,0.06899060308933258,0.07892853021621704,0.05657457187771797,0.0830288752913475,0.08540987968444824,0.4021519124507904,0.3699912130832672,0.0036716421600431204,0.00548169668763876,0.0001760938175721094,0.0005162220331840217,0.001705719972960651,1.8088267097482458e-05,0.00043470735545270145,0.013003433123230934,0.0005798597703687847,0.0003571781562641263,0.0005964236916042864,0.0022495342418551445,0.0019120167708024383,0.0005864590057171881,0.0010933898156508803,0.035559941083192825,0.006082490086555481,0.026630282402038574,0.0003319637617096305,0.0010384474880993366,0.0008002185495570302,0.0014700230676680803,0.00508309667930007,0.005202515982091427,0.0028821583837270737,0.003726348979398608,0.007286525331437588,0.00026868435088545084,0.00017690329696051776,2.7855478492710972e-06,6.358316682053555e-07
dogal,6.602547841794149e-07,0.0028795269317924976,0.0012677733320742846,0.43513160943984985,0.2909173369407654,0.26844820380210876,1.3746053809882142e-05,1.9461026568023954e-07,1.9853926858104387e-07,0.1264047622680664,0.046624716371297836,0.1043371856212616,0.09044577926397324,0.017493650317192078,0.17547467350959778,0.1636897325515747,0.02431127242743969,0.09052079916000366,0.10287945717573166,0.27852511405944824,0.2805907428264618,0.004688445944339037,0.00993399042636156,0.000132708708406426,0.0003582998469937593,0.0012446435866877437,2.1518306311918423e-05,0.0003245547122787684,0.008067305199801922,0.0005780956125818193,0.0011761978967115283,0.001940730377100408,0.0012987884692847729,0.001017254777252674,0.0004463378863874823,0.0006705866544507444,0.035854022949934006,0.007713200058788061,0.020007196813821793,0.0006368914037011564,0.0012536307331174612,0.0006752241752110422,0.0038530402816832066,0.008680013008415699,0.004501359071582556,0.002590231830254197,0.006043691653758287,0.010886347852647305,0.00045787906856276095,0.0003254734037909657,4.2374285840196535e-06,6.370066785166273e-07
dogal,6.387994631040783e-07,0.0038184840232133865,0.0014922553673386574,0.41491571068763733,0.25581517815589905,0.26942384243011475,1.3232674973551184e-05,1.853511122362761e-07,2.645228107667208e-07,0.10792258381843567,0.03029288537800312,0.08513609319925308,0.07417193800210953,0.024374082684516907,0.1282259225845337,0.12668249011039734,0.0332149975001812,0.10544304549694061,0.12301450967788696,0.28817421197891235,0.22540315985679626,0.005194732919335365,0.014912288635969162,0.00014132251089904457,0.0005032463814131916,0.0012861033901572227,2.1881565771764144e-05,0.0003403490409255028,0.01155200693756342,0.0002891754556912929,0.0005774474120698869,0.0010241820709779859,0.0025831740349531174,0.002002578228712082,0.00046984886284917593,0.0009152662241831422,0.03207720071077347,0.003449034411460161,0.05365828052163124,0.0004190606123302132,0.0010271691717207432,0.0007011510315351188,0.00235942704603076,0.008759834803640842,0.0030590423848479986,0.0013435003347694874,0.004202225711196661,0.007156457286328077,0.00042396594653837383,0.00022383169562090188,5.154544851393439e-06,6.322405283754051e-07
dogal,5.893747925256321e-07,0.005641242489218712,0.0022955690510571003,0.40793824195861816,0.20588742196559906,0.2021191120147705,9.515788406133652e-06,1.7739760949098127e-07,2.3538324001037836e-07,0.15708959102630615,0.049258507788181305,0.11515562236309052,0.09937122464179993,0.02236907370388508,0.144450381398201,0.13551883399486542,0.028485048562288284,0.08008409291505814,0.09778498858213425,0.3432328402996063,0.32947057485580444,0.003945502452552319,0.009616847150027752,0.00014694994024466723,0.0002693437854759395,0.001141683547757566,3.977142114308663e-05,0.0002836917992681265,0.009280837140977383,0.0003878020797856152,0.0003248190332669765,0.0006709590670652688,0.0032179674599319696,0.0020518768578767776,0.0004960745573043823,0.0007830271497368813,0.019430821761488914,0.004699310753494501,0.07235397398471832,0.00043417661800049245,0.0008272198028862476,0.000718499009963125,0.0016290978528559208,0.006691690534353256,0.0022751777432858944,0.001510612084530294,0.002198193920776248,0.014184915460646152,0.00033030231134034693,0.00019246684678364545,5.3291423682821915e-06,6.187248686728708e-07
dogal,4.40434860138339e-07,0.006133799906820059,0.0032944208942353725,0.3803926110267639,0.20892538130283356,0.1909935623407364,1.3444838259601966e-05,1.2490791334585083e-07,3.1142943157647096e-07,0.18808019161224365,0.055200230330228806,0.1621130406856537,0.14357034862041473,0.025791514664888382,0.11962546408176422,0.12861672043800354,0.03609322011470795,0.06009061262011528,0.07060299068689346,0.3117264211177826,0.2770366668701172,0.0038845837116241455,0.009711836464703083,0.0002058681711787358,0.000557013729121536,0.0017720978939905763,3.388254117453471e-05,0.0004903135704807937,0.01808525063097477,0.000336639117449522,0.00010914525773841888,0.00022908761457074434,0.004280752036720514,0.0013086781837046146,0.0006584612419828773,0.0015868322225287557,0.030568646267056465,0.002760208211839199,0.08787737786769867,0.0007796502322889864,0.0008179389988072217,0.0011109000770375133,0.0006549524841830134,0.002887043636292219,0.0029000388458371162,0.0012980489991605282,0.001832172623835504,0.007563467137515545,0.000208538185688667,8.008800796233118e-05,4.9433501772000454e-06,6.395431455530343e-07
dogal,8.882850011104892e-07,0.004843499511480331,0.0016437902813777328,0.5007837414741516,0.15151427686214447,0.1973465234041214,1.6755182514316402e-05,2.1969380270547845e-07,3.811446447343769e-07,0.19012442231178284,0.05836494266986847,0.21472042798995972,0.18643154203891754,0.041354406625032425,0.08004547655582428,0.08753076195716858,0.0537121407687664,0.045305050909519196,0.04974451661109924,0.2998743951320648,0.27004101872444153,0.0034943411592394114,0.009037148207426071,0.0001761515741236508,0.0003938336158171296,0.0011617866111919284,1.9696601157193072e-05,0.00032928705331869423,0.026120981201529503,0.0014443076215684414,0.0003777374804485589,0.0007058806950226426,0.0010991079034283757,0.0020692110992968082,0.0004247307078912854,0.0005524586304090917,0.08629842102527618,0.024807509034872055,0.009106387384235859,0.00031728853355161846,0.0017871776362881064,0.0009529346716590226,0.0036676512099802494,0.0053237727843225,0.037965498864650726,0.023974908515810966,0.008237904869019985,0.030941776931285858,0.0003938159497920424,0.0002390624285908416,3.021333441211027e-06,8.613930617684673e-07
dogal,8.63521677274548e-07,0.0036484994925558567,0.0015130226965993643,0.5007771253585815,0.16101118922233582,0.2065478265285492,1.580027128511574e-05,2.4442022095172433e-07,4.823240828955022e-07,0.21864791214466095,0.07045206427574158,0.192545548081398,0.16011649370193481,0.05334436148405075,0.07036921381950378,0.07556583732366562,0.06007753312587738,0.05065431445837021,0.06099683418869972,0.31376147270202637,0.33230599761009216,0.002846210030838847,0.00831717811524868,0.00021517291315831244,0.0004755097033921629,0.0008443344850093126,1.2171566595498007e-05,0.00022606118000112474,0.029508979991078377,0.00047691049985587597,0.0006647634436376393,0.0012875833781436086,0.0014501207042485476,0.0050846184603869915,0.0003983016940765083,0.000741638068575412,0.06600623577833176,0.008502763696014881,0.016365492716431618,0.00011172412632731721,0.001134291524067521,0.000645634310785681,0.002807347336784005,0.007171108387410641,0.047280557453632355,0.020101254805922508,0.016252832487225533,0.046363428235054016,0.0011564763262867928,0.0005251961993053555,4.332744083512807e-06,8.647867275612953e-07
dogal,7.508077146667347e-07,0.0022844469640403986,0.000997960101813078,0.49161097407341003,0.2645998001098633,0.2949753999710083,1.2299839909246657e-05,1.8872242435463704e-07,3.3645201824583637e-07,0.19914457201957703,0.06876210868358612,0.2761702835559845,0.23852896690368652,0.029013242572546005,0.11729687452316284,0.11528640240430832,0.03736418858170509,0.031413353979587555,0.034679971635341644,0.29689326882362366,0.3082931339740753,0.003421464469283819,0.007798059843480587,0.00014935426588635892,0.0003088002558797598,0.000806855910923332,1.560473356221337e-05,0.0001931175938807428,0.020290246233344078,0.0007751151570118964,0.0007665031007491052,0.0014891325263306499,0.000941602629609406,0.003224520245566964,0.0003120619512628764,0.0005324798985384405,0.056156184524297714,0.011678301729261875,0.013026649132370949,0.0002080758276861161,0.001257831696420908,0.0005920196999795735,0.004742191638797522,0.00972947757691145,0.013691375963389874,0.008258297108113766,0.0063315159641206264,0.027376601472496986,0.0011894736671820283,0.0007540657534264028,4.4175121729495e-06,7.147019687181455e-07
dogal,7.776311008456105e-07,0.001658908324316144,0.0007232757052406669,0.5131728649139404,0.3389613628387451,0.35922086238861084,1.4470598216576036e-05,2.41780981014017e-07,5.106566618451325e-07,0.2275174856185913,0.06536685675382614,0.30158084630966187,0.2640049457550049,0.021787207573652267,0.14132216572761536,0.13663353025913239,0.03249667212367058,0.026273474097251892,0.031213896349072456,0.2590843141078949,0.2387351542711258,0.0028630965389311314,0.009533681906759739,0.00015218256157822907,0.0004889973206445575,0.0009822053834795952,1.2312409126025159e-05,0.000208956582355313,0.01668415404856205,0.0007742639281786978,0.002122352132573724,0.0035573209170252085,0.0006756239454261959,0.003706157673150301,0.0003546657389961183,0.0005799568025395274,0.0845140665769577,0.014728573150932789,0.007627101149410009,0.00013855868019163609,0.0022951681166887283,0.0007399120950140059,0.006227035075426102,0.009143810719251633,0.017377372831106186,0.008206871338188648,0.013854432851076126,0.025519920513033867,0.0010753461392596364,0.0005675606080330908,4.293846814107383e-06,8.831510172058188e-07
dogal,2.8729348855449643e-07,0.0010629218304529786,0.00042427785228937864,0.6240878105163574,0.4463365972042084,0.4578995406627655,1.1909362001460977e-05,2.249088311145897e-07,5.66150561098766e-07,0.16718409955501556,0.058986108750104904,0.22988449037075043,0.20876455307006836,0.003916908521205187,0.4810757040977478,0.46151667833328247,0.008001483045518398,0.04203769564628601,0.04610763117671013,0.22169511020183563,0.20022304356098175,0.0045396010391414165,0.014028060249984264,0.00022012666158843786,0.000375084433471784,0.0010054368758574128,4.096647899132222e-05,9.999980102293193e-05,0.0047824750654399395,0.0007036968017928302,0.002577379113063216,0.0029311978723853827,0.0005825787084177136,0.004271027632057667,0.0008880015229806304,0.0012938337167724967,0.029098378494381905,0.005795583128929138,0.025706853717565536,0.00010959121573250741,0.0015830931952223182,0.00039890932384878397,0.00193583604414016,0.007690864149481058,0.006007256451994181,0.0034276798833161592,0.017468595877289772,0.02673291601240635,0.00038375818985514343,0.00021807542361784726,7.45188981454703e-06,5.422914455266437e-07
dogal,4.034952780784806e-07,0.0031366138719022274,0.0011106476886197925,0.3310791254043579,0.4269048869609833,0.49308133125305176,1.3783529539068695e-05,3.4121563885491923e-07,6.475263489846839e-07,0.19456462562084198,0.09828735888004303,0.14969772100448608,0.15093879401683807,0.001628641039133072,0.7273272275924683,0.7284761667251587,0.0023413661401718855,0.05892810970544815,0.060037124902009964,0.21107004582881927,0.22317522764205933,0.0035729440860450268,0.007345934864133596,0.0002796803310047835,0.00015202694339677691,0.0005304553778842092,8.892731420928612e-05,3.601861681090668e-05,0.004979058634489775,0.0006740759126842022,0.00947773177176714,0.009464554488658905,0.0006969641544856131,0.0023776961024850607,0.0010487019317224622,0.0017955242656171322,0.04621589928865433,0.006204019766300917,0.0246955007314682,0.00012812372006010264,0.001797605655156076,0.0002053925272775814,0.0033748620189726353,0.01578165590763092,0.01996411196887493,0.008608418516814709,0.05716782808303833,0.04627867788076401,0.0006824914598837495,0.0003938884474337101,1.453664299333468e-05,6.916342272234033e-07
dogal,6.008868354001606e-07,0.003379082540050149,0.0010743307648226619,0.42240452766418457,0.42196112871170044,0.4914519190788269,1.9035162040381692e-05,4.1346430634803255e-07,9.071144404515508e-07,0.1398567259311676,0.06141495704650879,0.1670207530260086,0.16412152349948883,0.0007712406804785132,0.8040212392807007,0.7955501079559326,0.002412216505035758,0.05484769120812416,0.05580144003033638,0.235552117228508,0.22083519399166107,0.005592318717390299,0.011997133493423462,0.0003328774473629892,7.572922186227515e-05,0.0008170444052666426,0.00018268598068971187,5.853793118149042e-05,0.005869138054549694,0.0008149149944074452,0.00912767555564642,0.00963611900806427,0.0005388615536503494,0.004093965981155634,0.0010570567101240158,0.0019193479092791677,0.05308504402637482,0.009243525564670563,0.016239402815699577,7.485950482077897e-05,0.0029170438647270203,0.00044018583139404655,0.003420958761125803,0.0107162706553936,0.01396053284406662,0.0068414825946092606,0.04156550019979477,0.057751163840293884,0.0004705529718194157,0.00032480168738402426,9.951481843017973e-06,9.786867849470582e-07
dogal,3.8525919876519765e-07,0.0009159483597613871,0.0004917575279250741,0.5634809732437134,0.4278269410133362,0.37895479798316956,1.5773715858813375e-05,3.029924187103461e-07,5.249522700978559e-07,0.40120217204093933,0.2808474600315094,0.2339826226234436,0.21010100841522217,0.010745001025497913,0.274213045835495,0.27053308486938477,0.024852294474840164,0.04665185511112213,0.05681263282895088,0.35293176770210266,0.39990606904029846,0.0011581561993807554,0.0021706230472773314,0.000302444415865466,0.0002565637696534395,0.0012911631492897868,7.19976524123922e-05,0.00016547834093216807,0.005773318465799093,0.0005444003036245704,0.003377101616933942,0.004050747025758028,0.0011041687102988362,0.003086030948907137,0.0011395649053156376,0.0024611123371869326,0.035680629312992096,0.0045946743339300156,0.03358573466539383,0.00011704349890351295,0.001823156955651939,0.0005264604697003961,0.001721260487101972,0.006419939920306206,0.005841520149260759,0.0025957480538636446,0.018484340980648994,0.03825807571411133,0.00027697053155861795,0.00015139766037464142,6.616636710532475e-06,5.920060743846989e-07
dogal,6.051551508789998e-07,0.0016726974863559008,0.001252971589565277,0.5810738801956177,0.2908574342727661,0.2006140947341919,1.2775271898135543e-05,3.551714371496928e-07,3.159643995331862e-07,0.22719420492649078,0.10763072222471237,0.11723928153514862,0.10157356411218643,0.020563097670674324,0.14476703107357025,0.1512221395969391,0.03542222082614899,0.0835333839058876,0.09900259971618652,0.32834768295288086,0.4097133278846741,0.0024276208132505417,0.005794052500277758,0.00020563669386319816,0.000277081475360319,0.0008749138796702027,2.4707514967303723e-05,0.00019618078658822924,0.006302052177488804,0.00036083318991586566,0.003074770327657461,0.004107393324375153,0.0018777650548145175,0.0038182158023118973,0.0005246606306172907,0.0008651929092593491,0.023648446425795555,0.004064385313540697,0.04006659612059593,0.00014342005306389183,0.0010546115227043629,0.00028643241967074573,0.002707689069211483,0.012432007119059563,0.012617318890988827,0.006299460772424936,0.023001013323664665,0.02582019753754139,0.0008190874941647053,0.0005611574160866439,5.1590841394499876e-06,6.195319883772754e-07
dogal,9.021753157867352e-07,0.0014698419254273176,0.000734698201995343,0.5048235058784485,0.3383985757827759,0.30026713013648987,1.5408102626679465e-05,3.254517935147305e-07,2.687704636628041e-07,0.21051162481307983,0.08390554785728455,0.15335308015346527,0.12977734208106995,0.08094358444213867,0.050314415246248245,0.058224696666002274,0.07892836630344391,0.05900738760828972,0.07188234478235245,0.2850135266780853,0.40583014488220215,0.002459857612848282,0.005788926500827074,0.0001747361820889637,0.00029892328893765807,0.0009942012839019299,1.977517968043685e-05,0.00021175002621021122,0.01491866447031498,0.00045430767931975424,0.0027357006911188364,0.005124218296259642,0.0008514567743986845,0.001555897411890328,0.0004728789790533483,0.0009618701878935099,0.0757419615983963,0.01097952015697956,0.008636420592665672,0.00029189331689849496,0.0014221972087398171,0.0006268334109336138,0.005768669303506613,0.01088697835803032,0.010614430531859398,0.005223180633038282,0.0104446429759264,0.03550590202212334,0.0010091830044984818,0.0006378840189427137,5.076175057183718e-06,8.728453622097732e-07
dogal,6.743231892869517e-07,0.0011571787763386965,0.0007184346904978156,0.5131752490997314,0.36137959361076355,0.30929896235466003,1.9946306565543637e-05,4.5955002292430436e-07,2.3221845424359344e-07,0.1242900937795639,0.05008000135421753,0.13520938158035278,0.12358398735523224,0.4231618642807007,0.005902999546378851,0.009709765203297138,0.3753029704093933,0.06567967683076859,0.06814920902252197,0.3445364832878113,0.23582279682159424,0.00556907756254077,0.008820891380310059,0.00025991021539084613,0.00046132103307172656,0.001124615897424519,1.1905012797797099e-05,0.00015993131091818213,0.006071775685995817,0.0004738721763715148,0.011576010845601559,0.022710423916578293,0.0006181841599754989,0.00112853292375803,0.0008403889951296151,0.0012082020984962583,0.04574078321456909,0.01654275506734848,0.0053553506731987,0.00018826068844646215,0.0018727740971371531,0.0008226625504903495,0.005691655445843935,0.006316082086414099,0.0057118842378258705,0.0032613298390060663,0.022689301520586014,0.1331602931022644,0.0009658875060267746,0.0006188467377796769,4.484083092393121e-06,1.0005178410210647e-06
dogal,6.294424110819818e-07,0.0012739592930302024,0.0009230355499312282,0.44339874386787415,0.35271403193473816,0.3348798453807831,2.7037927793571725e-05,8.037017664719315e-07,2.394064608779445e-07,0.09198606759309769,0.04029932990670204,0.08765511214733124,0.08540280163288116,0.6979299783706665,0.0018736780621111393,0.0033497291151434183,0.6570836305618286,0.1001255214214325,0.10201022028923035,0.3827119469642639,0.23290413618087769,0.007988814264535904,0.009878656826913357,0.00041144504211843014,0.0008110551862046123,0.001228953362442553,8.30189401312964e-06,0.00013057405885774642,0.002331620315089822,0.0004459211486391723,0.03874597325921059,0.05953212082386017,0.0008400803781114519,0.0006485544145107269,0.0015193946892395616,0.0018309637671336532,0.02185191959142685,0.011078312061727047,0.0065532284788787365,0.00023603161389473826,0.0015378169482573867,0.0008150318753905594,0.004875843413174152,0.008787655271589756,0.004916072823107243,0.0025919275358319283,0.08429212123155594,0.19366735219955444,0.0029918986838310957,0.002175843808799982,5.023447101848433e-06,1.3321639471541857e-06
dogal,4.914900841868075e-07,0.0005491830524988472,0.0006927188369445503,0.560451865196228,0.482576847076416,0.3492104113101959,2.8318665499682538e-05,7.389222673737095e-07,2.5269389425375266e-07,0.05476100370287895,0.030968017876148224,0.09011232107877731,0.09123596549034119,0.8520411252975464,0.0007515688776038587,0.0015122967306524515,0.8369855880737305,0.09852715581655502,0.0987413078546524,0.35565754771232605,0.24215537309646606,0.0158556941896677,0.014138595201075077,0.0006287933210842311,0.0011404118267819285,0.0008955409866757691,8.392756171815563e-06,9.341402619611472e-05,0.0038416278548538685,0.0004465274978429079,0.020102504640817642,0.030798543244600296,0.0009421419235877693,0.0016881788615137339,0.0016313398955389857,0.002108569722622633,0.030945386737585068,0.013682693243026733,0.006564056035131216,9.130418038694188e-05,0.0012168086832389235,0.0008887252770364285,0.0036491218488663435,0.006688619963824749,0.011262139305472374,0.005400375463068485,0.08839117735624313,0.21763893961906433,0.0014699609018862247,0.0008672249387018383,4.25005146098556e-06,1.3097583178023342e-06
dogal,4.632528316506068e-07,0.0007827992085367441,0.0007557196076959372,0.5161588191986084,0.4481967091560364,0.3081403970718384,2.6796225938596763e-05,6.25204961579584e-07,2.1841361785845947e-07,0.0878087729215622,0.03788522630929947,0.08083069324493408,0.07008115947246552,0.4726030230522156,0.005696820095181465,0.010003053583204746,0.43844011425971985,0.11981169134378433,0.1284940540790558,0.3180917799472809,0.2830488085746765,0.008653323166072369,0.009890618734061718,0.0005779476487077773,0.0005208805669099092,0.000797993503510952,1.0733919225458521e-05,9.387730824528262e-05,0.002727801213040948,0.0005394644103944302,0.016193494200706482,0.024822767823934555,0.0011666984064504504,0.00047145786811597645,0.0014134591910988092,0.0017667977372184396,0.018414223566651344,0.0072615607641637325,0.0077458037994802,0.00028991582803428173,0.000858983607031405,0.0007170895696617663,0.0026720110327005386,0.007179954554885626,0.016319837421178818,0.007929564453661442,0.17870700359344482,0.3615841567516327,0.0031118043698370457,0.0019946035463362932,5.007652816857444e-06,8.569185752094199e-07
dogal,5.674857561643876e-07,0.0011662117904052138,0.0010694462107494473,0.44270122051239014,0.4208553731441498,0.28705886006355286,3.8644961023237556e-05,5.490852572620497e-07,2.095399338486459e-07,0.0884610116481781,0.052822045981884,0.09832510352134705,0.10165328532457352,0.17073822021484375,0.021558696404099464,0.039873458445072174,0.18294070661067963,0.10025186091661453,0.09122887253761292,0.3698826730251312,0.2334214746952057,0.009109042584896088,0.007674072869122028,0.0004877183528151363,0.00048063017311505973,0.001309037208557129,1.1490466931718402e-05,0.00012747735308948904,0.002086109248921275,0.000854589743539691,0.023305542767047882,0.03267810121178627,0.00104656966868788,0.00030917409458197653,0.0020955714862793684,0.002195060718804598,0.018864979967474937,0.011161758564412594,0.0048276339657604694,0.0004981119418516755,0.0012034154497087002,0.0010447268141433597,0.00270285177975893,0.008533898741006851,0.012244071811437607,0.007567239925265312,0.15424683690071106,0.28737542033195496,0.00539332116022706,0.004177995957434177,6.149837190605467e-06,1.1112203992524883e-06
dogal,1.0238916274829535e-06,0.0014624185860157013,0.0008283280767500401,0.4912225902080536,0.4474531412124634,0.3188140094280243,1.8988152078236453e-05,2.765465865195438e-07,2.1725918486481532e-07,0.11195911467075348,0.05072471499443054,0.13386507332324982,0.13333015143871307,0.01941956765949726,0.1419200301170349,0.1616174429655075,0.034397367388010025,0.06743381917476654,0.0634387657046318,0.30863919854164124,0.19463913142681122,0.00710273114964366,0.008249334990978241,0.0001502640516264364,0.00015029958740342408,0.0010641153203323483,3.6229095712769777e-05,0.0002062654384644702,0.00703320512548089,0.0004637046658899635,0.0053309667855501175,0.010453502647578716,0.0006759159732609987,0.0005623578908853233,0.0004235785163473338,0.0006884580943733454,0.049510229378938675,0.011973531916737556,0.007731553632766008,0.0009109578677453101,0.0015618570614606142,0.0006870849174447358,0.007771375589072704,0.012027165852487087,0.004877233877778053,0.0031113401055336,0.00798303447663784,0.04192352294921875,0.0008969880291260779,0.000585523433983326,6.562930138898082e-06,1.0203075362369418e-06
dogal,4.936194386573334e-07,0.0032394947484135628,0.002066756132990122,0.4513082206249237,0.22535258531570435,0.17455999553203583,1.0552110325079411e-05,2.2995865833763673e-07,1.4718828822424257e-07,0.1603247970342636,0.05569227784872055,0.18448631465435028,0.15265688300132751,0.09092935919761658,0.046291325241327286,0.04736766591668129,0.0834888368844986,0.05130629241466522,0.05961836874485016,0.2828601896762848,0.31478363275527954,0.0041226232424378395,0.008305434137582779,0.00012162571510998532,0.0003343869757372886,0.001004646997898817,2.26786269195145e-05,0.00018911111692432314,0.004915518220514059,0.0005889000021852553,0.0018261411460116506,0.0026792550925165415,0.0013282133731991053,0.001139077008701861,0.0005411283345893025,0.0006555670988745987,0.025505047291517258,0.008707797154784203,0.022628337144851685,0.0005045896396040916,0.0011727543314918876,0.0005142329027876258,0.0044288234785199165,0.010969453491270542,0.003183221910148859,0.0020244361367076635,0.006815637927502394,0.009636369533836842,0.00084329565288499,0.0006168452091515064,4.05917808166123e-06,5.921212391513109e-07
dogal,5.091632715448213e-07,0.0018396693048998713,0.0010986890411004424,0.4847765564918518,0.32793140411376953,0.2690611481666565,9.913326721289195e-06,2.0027322022997396e-07,1.6979279848783335e-07,0.17048540711402893,0.053483378142118454,0.19544567167758942,0.1641058623790741,0.05930517241358757,0.06518539041280746,0.07098782807588577,0.06065982207655907,0.04704781621694565,0.0544290654361248,0.27536705136299133,0.2969655394554138,0.0038077649660408497,0.009075533598661423,9.094382403418422e-05,0.00043399559217505157,0.0010335614206269383,1.907681507873349e-05,0.00021147704683244228,0.0073995147831737995,0.0005208775401115417,0.001281837816350162,0.001975297462195158,0.0011708579258993268,0.0017654652474448085,0.00035851370193995535,0.0005429828888736665,0.03181023895740509,0.006713083479553461,0.031691864132881165,0.00043613999150693417,0.0015873875236138701,0.0006369645125232637,0.007436861749738455,0.012403056025505066,0.0019907979294657707,0.0010091575095430017,0.004369966220110655,0.0057757217437028885,0.000759584829211235,0.000549722695723176,3.960133199143456e-06,5.118653803037887e-07
dogal,4.904197794530774e-07,0.004057638812810183,0.0024158682208508253,0.42370161414146423,0.2464410364627838,0.18405461311340332,1.2245439393154811e-05,2.0650095677865465e-07,1.8305129856344138e-07,0.12013471126556396,0.04761224985122681,0.2089972347021103,0.18865379691123962,0.006739722564816475,0.33134031295776367,0.28843170404434204,0.012434284202754498,0.04371090233325958,0.045856770128011703,0.24162527918815613,0.2612268924713135,0.005880439188331366,0.011198382824659348,0.0001581787073519081,0.0003044147160835564,0.0008995466632768512,1.999496453208849e-05,0.00017129186016973108,0.0038982003461569548,0.0005636151181533933,0.0020813141018152237,0.0028343419544398785,0.0015755391214042902,0.0007400911999866366,0.0005210997769609094,0.0008229996310546994,0.019170334562659264,0.004902259912341833,0.03749322146177292,0.0008915908401831985,0.0009027725900523365,0.0004051987489219755,0.0038685037288814783,0.01268004346638918,0.00307440641336143,0.0017705177888274193,0.007871424779295921,0.008348195813596249,0.001205230364575982,0.0010333291720598936,5.472537395689869e-06,6.490973873951589e-07
dogal,7.550462441940908e-07,0.0022495705634355545,0.0014567350735887885,0.49605247378349304,0.3059602677822113,0.22391769289970398,1.5198534129012842e-05,2.930361517883284e-07,3.4054465913868626e-07,0.11126493662595749,0.040798529982566833,0.17363449931144714,0.1537112444639206,0.006233311258256435,0.345814973115921,0.30636629462242126,0.010043840855360031,0.052383553236722946,0.055512890219688416,0.26923468708992004,0.21889327466487885,0.006562603637576103,0.013025379739701748,0.00020262514590285718,0.00031994457822293043,0.0007443999056704342,1.4689728232042398e-05,0.00013654485519509763,0.005803308449685574,0.0004038964107166976,0.006297733169049025,0.010258305817842484,0.0012776728253811598,0.0027252482250332832,0.0004793241969309747,0.0007576008210889995,0.027033457532525063,0.007199471350759268,0.021068722009658813,0.00015526342031080276,0.001087811659090221,0.00033959062420763075,0.004775240086019039,0.015904907137155533,0.008029472082853317,0.004436354152858257,0.015988901257514954,0.030490465462207794,0.0016224948922172189,0.0010384311899542809,7.290766461665044e-06,9.468124062550487e-07
dogal,5.810070433653891e-07,0.006304230075329542,0.003954049199819565,0.3705296814441681,0.24388667941093445,0.1642061173915863,1.0222068340226542e-05,1.995773004637158e-07,3.082929254105693e-07,0.12060236185789108,0.037813641130924225,0.14868685603141785,0.1307099312543869,0.003659481182694435,0.4327397346496582,0.3825300335884094,0.007527701091021299,0.057587068527936935,0.06661785393953323,0.2747935652732849,0.2363804131746292,0.005693336483091116,0.012974684126675129,0.0001434948790119961,0.00031459180172532797,0.0011457052314653993,3.5522865800885484e-05,0.0002445606514811516,0.006739419884979725,0.0003796104865614325,0.0006021222798153758,0.0010050054406747222,0.003293802263215184,0.0020281581673771143,0.0004334653203841299,0.0007630090694874525,0.015739265829324722,0.003182683140039444,0.11951905488967896,0.0004564305127132684,0.0011598631972447038,0.0004910780698992312,0.0027971325907856226,0.011129395104944706,0.001733554294332862,0.0009269530419260263,0.003043269971385598,0.007843182422220707,0.0006851060315966606,0.00038034692988730967,5.5679433899058495e-06,6.423341005756811e-07
dogal,7.626049409736879e-07,0.005394613370299339,0.002789414254948497,0.4168592095375061,0.25261539220809937,0.1969275027513504,1.1395711226214189e-05,2.3922956415844965e-07,3.9743861179886153e-07,0.1200753003358841,0.033912062644958496,0.15024921298027039,0.13325326144695282,0.004001826513558626,0.42256495356559753,0.37191811203956604,0.00817809533327818,0.058032818138599396,0.067454993724823,0.2811276614665985,0.20286592841148376,0.006086576264351606,0.01443431992083788,0.00013863890490029007,0.00034964937367476523,0.0010157499928027391,2.8117783585912548e-05,0.00022173856268636882,0.007868959568440914,0.0002558558771852404,0.001356273889541626,0.0025061918422579765,0.002367943525314331,0.0018237645272165537,0.00038338243030011654,0.0008267040248028934,0.02133811265230179,0.0030183084309101105,0.10570498555898666,0.00043632020242512226,0.0015758759109303355,0.0004394728457555175,0.00501732574775815,0.01294142659753561,0.0015289555303752422,0.0006867385818623006,0.0035709247458726168,0.011316085234284401,0.000848200754262507,0.00042003285489045084,6.921363819856197e-06,7.915577953099273e-07
dogal,6.031546604390314e-07,0.004048492759466171,0.002663792110979557,0.4072418510913849,0.2763303816318512,0.19117020070552826,1.2655321370402817e-05,2.1036206021562975e-07,3.1645893727727525e-07,0.13134019076824188,0.044025518000125885,0.20001725852489471,0.17648638784885406,0.004375016782432795,0.4048366844654083,0.3559282124042511,0.008444723673164845,0.043214231729507446,0.04674624279141426,0.2873363196849823,0.252176970243454,0.005254002287983894,0.011601867154240608,0.00016207920270971954,0.00043224275577813387,0.0010997442295774817,1.9117011106573045e-05,0.0002441108226776123,0.007013837341219187,0.0004212603089399636,0.0012481481535360217,0.0019304004963487387,0.0019184686243534088,0.002396888332441449,0.0004308910865802318,0.0007603804115206003,0.024725493043661118,0.0048378328792750835,0.04723026975989342,0.0002830020966939628,0.0013006002409383655,0.0004893110599368811,0.0034027397632598877,0.011079431511461735,0.003412031102925539,0.0016627750592306256,0.006113833282142878,0.009829833172261715,0.0008495236397720873,0.0004927064874209464,5.159758075024001e-06,7.550757459284796e-07
dogal,5.499111921380972e-07,0.004723417107015848,0.0030374466441571712,0.351776659488678,0.28825992345809937,0.20812050998210907,1.2474208233470563e-05,1.805763503170965e-07,3.2754454082351003e-07,0.12842561304569244,0.037440475076436996,0.19149498641490936,0.16743430495262146,0.005031671840697527,0.3651379942893982,0.3165013790130615,0.011633580550551414,0.046102091670036316,0.05222846567630768,0.23766687512397766,0.23171450197696686,0.005500434432178736,0.013872450217604637,0.0001983378897421062,0.00042856307118199766,0.0007898915791884065,1.654222432989627e-05,0.00015262086526490748,0.007893369533121586,0.0002480164694134146,0.0013681275304406881,0.0022419695742428303,0.002621445106342435,0.005684662610292435,0.00045336910989135504,0.0008381538209505379,0.01805800572037697,0.003013704437762499,0.06385748088359833,0.00010984952677972615,0.0007863685023039579,0.000339340913342312,0.0025446584913879633,0.013316303491592407,0.004363376181572676,0.0018778686644509435,0.007707009091973305,0.011787314899265766,0.001173732103779912,0.0005917991511523724,6.27641384198796e-06,7.842474474273331e-07
dogal,4.5598073938890593e-07,0.0025311766657978296,0.0016388178337365389,0.42339468002319336,0.35627681016921997,0.236624613404274,1.247419641003944e-05,1.7320921585906035e-07,3.2975572139548603e-07,0.09403730928897858,0.032035812735557556,0.2107430249452591,0.1877221316099167,0.004521030467003584,0.422086238861084,0.3809339106082916,0.007163782138377428,0.04142055660486221,0.04568246379494667,0.2176325023174286,0.21790172159671783,0.0075908866710960865,0.01748739741742611,0.00017377726908307523,0.0005175094120204449,0.001079575507901609,1.6901174603844993e-05,0.0002582685265224427,0.00897449254989624,0.00036865079891867936,0.0008316541207022965,0.0012749965535476804,0.0023635735269635916,0.004341598134487867,0.00042073114309459925,0.0008076363592408597,0.022822318598628044,0.003421575063839555,0.06955733895301819,0.00018538549193181098,0.0010958616621792316,0.0004879315383732319,0.0025282083079218864,0.008985708467662334,0.0034722855780273676,0.0013898668112233281,0.006178020499646664,0.0064924657344818115,0.0007258146069943905,0.0003616731846705079,5.14440853294218e-06,5.777790192951215e-07
dogal,7.151396630433737e-07,0.0031577879562973976,0.0020763869397342205,0.42679792642593384,0.3088919520378113,0.2195650339126587,1.271377277589636e-05,2.031686250347775e-07,4.020440940166736e-07,0.11234499514102936,0.03820813074707985,0.1820044368505478,0.16274316608905792,0.004971726331859827,0.39222025871276855,0.351328581571579,0.008319864049553871,0.04758081212639809,0.05220167711377144,0.28392261266708374,0.23318317532539368,0.0065366472117602825,0.012986835092306137,0.00015830305346753448,0.0003596512833610177,0.0009504270856268704,2.2849408196634613e-05,0.00020144121663179249,0.012624051421880722,0.0002825160336215049,0.0010715470416471362,0.0020856645423918962,0.0019119350472465158,0.004116843920201063,0.0003681343805510551,0.0008347779512405396,0.029105717316269875,0.004026960581541061,0.05833904817700386,0.00018446260946802795,0.0014026720309630036,0.0004969408037140965,0.004311282653361559,0.011530064046382904,0.0027912359219044447,0.0011909123277291656,0.0038868961855769157,0.012627498246729374,0.0008165116305463016,0.00038082984974607825,6.652181582467165e-06,7.66527023188246e-07
dogal,4.990052957509761e-07,0.0025195686612278223,0.001538739656098187,0.4428075850009918,0.34959056973457336,0.23429878056049347,1.212849747389555e-05,2.2636736218828446e-07,2.864090618004411e-07,0.09920459240674973,0.03350521996617317,0.2021239846944809,0.17849589884281158,0.005042095202952623,0.3992883265018463,0.3571186661720276,0.007895106449723244,0.04378030076622963,0.04939211905002594,0.2271220088005066,0.24835264682769775,0.007049554958939552,0.016909396275877953,0.00018387555610388517,0.00039687336538918316,0.0008514883811585605,1.7502039554528892e-05,0.0001814949355321005,0.005921148229390383,0.0003075339482165873,0.0017797386972233653,0.0026598842814564705,0.002462905365973711,0.00426860898733139,0.000456466426840052,0.0007878134492784739,0.017721449956297874,0.0033577538561075926,0.0661935955286026,0.00015448206977453083,0.0008466774015687406,0.0003525964275468141,0.0029395439196377993,0.013907328248023987,0.004101303871721029,0.001759585808031261,0.009418589062988758,0.009616411291062832,0.0012499575968831778,0.0006841765716671944,6.099785878177499e-06,6.722857506247237e-07
dogal,5.470546398100851e-07,0.002168917329981923,0.0012605577940121293,0.4740442931652069,0.36237189173698425,0.2478151023387909,1.1714512766047847e-05,2.681651949387742e-07,2.947714108358923e-07,0.11107262223958969,0.038262706249952316,0.19801175594329834,0.17433403432369232,0.005959933623671532,0.3766747713088989,0.34002912044525146,0.008110273629426956,0.045927103608846664,0.05153767019510269,0.25627654790878296,0.2697227895259857,0.006705952808260918,0.01494202483445406,0.00019803780014626682,0.0003341833653394133,0.000749859435018152,1.844274993345607e-05,0.00015556202561128885,0.004800333175808191,0.0002805148542392999,0.0028956574387848377,0.004699743818491697,0.002433973364531994,0.0037102745845913887,0.0004768109938595444,0.0007892162539064884,0.01369869988411665,0.0034406057093292475,0.06677959114313126,0.00015127009828574955,0.0007212713826447725,0.00029232134693302214,0.0028428086079657078,0.01581011526286602,0.004577493295073509,0.0023531646002084017,0.010796940885484219,0.0203300341963768,0.0014478272059932351,0.0008742389036342502,7.410064881696599e-06,7.48937623029633e-07
dogal,5.802285159006715e-07,0.0020312597043812275,0.001077260822057724,0.4837563931941986,0.36867666244506836,0.2669574022293091,1.2644138223549817e-05,2.6607781933307706e-07,3.256812419749622e-07,0.11494671553373337,0.041882049292325974,0.21359311044216156,0.18833068013191223,0.005363258067518473,0.39822205901145935,0.3604341149330139,0.0073427464812994,0.04133712127804756,0.04586998000741005,0.26302510499954224,0.28797513246536255,0.006297041196376085,0.013794041238725185,0.00019852291734423488,0.00034977839095517993,0.0008384645916521549,1.929474456119351e-05,0.00017300090985372663,0.00658046267926693,0.00028985340031795204,0.0024328725412487984,0.003982124384492636,0.00209474703297019,0.0033445751760154963,0.000474021042464301,0.0009159999317489564,0.019401205703616142,0.003462115302681923,0.05885639041662216,0.00017676806601230055,0.0009269852889701724,0.00034879273152910173,0.003076757537201047,0.013670007698237896,0.00427050469443202,0.0019357070559635758,0.009324236772954464,0.016079824417829514,0.001203736406750977,0.0006875238032080233,7.164104772527935e-06,7.566125646008004e-07
dogal,4.36641613532629e-07,0.0026429772842675447,0.0018872604705393314,0.45929959416389465,0.27484390139579773,0.20701462030410767,8.849257937981747e-06,2.094819819831173e-07,2.0752914053900895e-07,0.20146165788173676,0.07546951621770859,0.1853579580783844,0.15583869814872742,0.03928175941109657,0.08637925237417221,0.09180045872926712,0.049043282866477966,0.05079304054379463,0.060441337525844574,0.3141106069087982,0.3347838222980499,0.003311061067506671,0.007025280501693487,0.00012441075523383915,0.00041559000965207815,0.0009346575825475156,2.066084744001273e-05,0.0001833671412896365,0.005009996704757214,0.00038041078369133174,0.0012916126288473606,0.002026956994086504,0.0021506634075194597,0.003651983803138137,0.0004813947598449886,0.0006491984822787344,0.012655643746256828,0.003853926435112953,0.0767672061920166,0.00019926195091102272,0.0011469583259895444,0.0004553964245133102,0.003201556159183383,0.011013285256922245,0.0017554998630657792,0.0009971006074920297,0.004701988305896521,0.010176679119467735,0.0008381793741136789,0.0005093448562547565,4.8623865041008685e-06,5.494918013937422e-07
dogal,4.540324027857423e-07,0.0025870429817587137,0.0012445843312889338,0.508613646030426,0.2588791251182556,0.24435101449489594,9.157000931736547e-06,2.07166479526677e-07,2.6339407099840173e-07,0.20587767660617828,0.06591769307851791,0.21570985019207,0.18587015569210052,0.03415050357580185,0.09609340876340866,0.10511051118373871,0.047042012214660645,0.043926484882831573,0.05084063857793808,0.316418319940567,0.3219326436519623,0.0032804622314870358,0.008946109563112259,0.00011274479766143486,0.00048330609570257366,0.0012449863133952022,2.8609083528863266e-05,0.00027614471036940813,0.008114906959235668,0.0003072558611165732,0.0007350302184931934,0.0011786388931795955,0.0021376830991357565,0.0044790832325816154,0.0004093652532901615,0.0006821056012995541,0.018095269799232483,0.0027775100897997618,0.099945068359375,0.0002210025704698637,0.0016768303466960788,0.0006932056276127696,0.0036447348538786173,0.00868216436356306,0.0011429915903136134,0.0005079657421447337,0.003321991767734289,0.005348161794245243,0.0004950867150910199,0.00025653588818386197,4.056701527588302e-06,4.870336738349579e-07
dogal,3.846472225177422e-07,0.0033448010217398405,0.0027243567164987326,0.44893255829811096,0.2313934564590454,0.17897552251815796,1.0045429917227011e-05,3.4630883760655706e-07,3.670315606996155e-07,0.1781400442123413,0.06263106316328049,0.15848585963249207,0.1336022913455963,0.023967120796442032,0.12927629053592682,0.13743554055690765,0.04117167368531227,0.06665243208408356,0.07705742120742798,0.2978076934814453,0.22232501208782196,0.003774450859054923,0.012728884816169739,0.0002194926782976836,0.0002642915060278028,0.0008005842682905495,2.5831463062786497e-05,0.00013156639761291444,0.0024601409677416086,0.00033013985375873744,0.006891399621963501,0.008162619546055794,0.002665800740942359,0.005394265055656433,0.0007206945447251201,0.0008564798044972122,0.009665792807936668,0.0030940514989197254,0.06774967163801193,7.694883242947981e-05,0.0007391985272988677,0.00018469474161975086,0.0017121334094554186,0.01191346812993288,0.00937485508620739,0.005639798939228058,0.03937963396310806,0.039871834218502045,0.0010657974053174257,0.0007735017570666969,5.740033429901814e-06,6.674154633401486e-07
dogal,5.20955438787496e-07,0.003715882310643792,0.0024754900950938463,0.4755924642086029,0.2953796684741974,0.20385576784610748,1.1265708963037468e-05,4.4186151626490755e-07,6.223263540050539e-07,0.23444423079490662,0.09379811584949493,0.14538238942623138,0.12076890468597412,0.005216119345277548,0.34700995683670044,0.33466723561286926,0.019994325935840607,0.07356823980808258,0.09103231132030487,0.27698376774787903,0.2943677008152008,0.002568331081420183,0.00892032403498888,0.00027285737451165915,0.00020001271332148463,0.000625882123131305,4.4674856326309964e-05,8.279467147076502e-05,0.0037641620729118586,0.00017550478514749557,0.007197102531790733,0.008604541420936584,0.002198495203629136,0.006353393197059631,0.0005914737703278661,0.0010811099782586098,0.016531601548194885,0.0018635146552696824,0.09231171011924744,6.659587234025821e-05,0.0008520050323568285,0.00015677489864174277,0.0027304578106850386,0.020649706944823265,0.01487481128424406,0.005892339162528515,0.056417316198349,0.06211183965206146,0.0015176249435171485,0.0008663287735544145,8.455716852040496e-06,8.630186698610487e-07
dogal,7.038275953163975e-07,0.004641253035515547,0.0025208403822034597,0.40126392245292664,0.31727227568626404,0.2518250048160553,1.3869039321434684e-05,3.939559007903881e-07,8.142193337334902e-07,0.20474311709403992,0.06960520148277283,0.1265583038330078,0.11169066280126572,0.0021656507160514593,0.5638578534126282,0.5225967764854431,0.007427448406815529,0.07402269542217255,0.08688747882843018,0.3028748333454132,0.255102276802063,0.0030712909065186977,0.008299137465655804,0.00024248703266493976,0.00026475253980606794,0.0014334468869492412,7.729470962658525e-05,0.00018819645629264414,0.003930129110813141,0.00024721119552850723,0.005424738395959139,0.006716979667544365,0.0012632951838895679,0.006175769492983818,0.0007131830789148808,0.0014383031520992517,0.024980347603559494,0.0035274920519441366,0.04705343768000603,6.0394049796741456e-05,0.002443161327391863,0.00040484487544745207,0.0030287608969956636,0.012203016318380833,0.0037930968683212996,0.0016587842255830765,0.020161889493465424,0.045062918215990067,0.0004713774542324245,0.00023098921519704163,6.849155397503637e-06,9.437932817490946e-07
dogal,6.665465548394423e-07,0.008265791460871696,0.0035509527660906315,0.3122101426124573,0.25866326689720154,0.23009024560451508,1.702948793536052e-05,5.396721007855376e-07,9.72173211266636e-07,0.15157608687877655,0.06408647447824478,0.10702816396951675,0.09736673533916473,0.0013467578683048487,0.6918523907661438,0.6717110872268677,0.004384015221148729,0.09009644389152527,0.1064828559756279,0.3348103165626526,0.24705283343791962,0.004418679978698492,0.011661697179079056,0.0004451732093002647,5.213688928051852e-05,0.0008638148428872228,0.00031857643625698984,6.444091559387743e-05,0.005513646174222231,0.0002167123748222366,0.006443836260586977,0.00840120017528534,0.0021992945112288,0.008706345222890377,0.0013411251129582524,0.0027301644440740347,0.027850748971104622,0.003715232480317354,0.05752653256058693,3.051596286240965e-05,0.0014983853325247765,0.0003514059353619814,0.0015394276706501842,0.010939715430140495,0.012045139446854591,0.004371637012809515,0.04172339662909508,0.0773630365729332,0.0003146103990729898,0.00018151327094528824,1.086429983843118e-05,1.098567622648261e-06
dogal,5.187591796129709e-07,0.0018973823171108961,0.0014833665918558836,0.44241854548454285,0.30973315238952637,0.3960382342338562,2.5883839043672197e-05,8.514866749465e-07,9.493033417129482e-07,0.14443373680114746,0.036689393222332,0.04359778016805649,0.04447314515709877,0.001248595886863768,0.8000958561897278,0.799278736114502,0.001423512352630496,0.2171141803264618,0.2309322953224182,0.4605914354324341,0.1604478657245636,0.005008853506296873,0.02267589047551155,0.0004305390175431967,0.00031862835749052465,0.001013763714581728,0.00019139279902447015,7.898944022599608e-05,0.005084767937660217,0.000394821516238153,0.013576502911746502,0.011438681744039059,0.0019516670145094395,0.0014078893000259995,0.0017391936853528023,0.00532709201797843,0.04458530992269516,0.0020320184994488955,0.07054811716079712,0.00019033982243854553,0.001670526573434472,0.00029117593658156693,0.002147913444787264,0.013667643070220947,0.008092133328318596,0.001619559247046709,0.05102343112230301,0.015160657465457916,0.00030358496587723494,0.00012667226837947965,2.2003709091222845e-05,9.705280490379664e-07
dogal,7.290345251931285e-07,0.0037016193382441998,0.0024675815366208553,0.3608228266239166,0.2883153557777405,0.3167007565498352,3.2937976357061416e-05,8.397875035370816e-07,1.1857556501126965e-06,0.13012497127056122,0.03777362406253815,0.04489200562238693,0.04830261692404747,0.0006143191712908447,0.8610221147537231,0.8584712147712708,0.0010070682037621737,0.19689498841762543,0.20446816086769104,0.4401082992553711,0.15893428027629852,0.005793643184006214,0.018971698358654976,0.00047051842557266355,0.0003842313017230481,0.0015838139224797487,0.00018910806102212518,0.00015295782941393554,0.006340519059449434,0.0003705434501171112,0.011207537725567818,0.009566624648869038,0.0019417430739849806,0.0016797881107777357,0.001740641426295042,0.006039926316589117,0.05562255531549454,0.0021045710891485214,0.0671541690826416,0.00017298193415626884,0.0022775211837142706,0.00036877047386951745,0.0021506715565919876,0.012381404638290405,0.010461976751685143,0.001860884833149612,0.04818663001060486,0.012737330049276352,0.0002435317583149299,9.342908742837608e-05,1.7488609955762513e-05,1.276296870855731e-06
dogal,7.875151482039655e-07,0.0059615266509354115,0.0021735362242907286,0.37629902362823486,0.23773989081382751,0.20445460081100464,1.6429592506028712e-05,7.52044570617727e-07,6.26304768047703e-07,0.1707751750946045,0.0438784584403038,0.040228407829999924,0.031054023653268814,0.009763183072209358,0.2547382414340973,0.24382342398166656,0.023666085675358772,0.2424846589565277,0.27926507592201233,0.42236030101776123,0.21912388503551483,0.0028225646819919348,0.015113556757569313,0.00023200562281999737,0.0005313128931447864,0.002650321926921606,8.551481005270034e-05,0.0004355977289378643,0.0029117229860275984,0.00013707843027077615,0.01938473992049694,0.019788110628724098,0.0033985236659646034,0.005590031389147043,0.0008068705210462213,0.0018602818017825484,0.017694411799311638,0.0014267612714320421,0.12624132633209229,4.691385038313456e-05,0.002604119246825576,0.0005616130074486136,0.0021945687476545572,0.009588354267179966,0.0027718814089894295,0.0006903430330567062,0.046397604048252106,0.014731465838849545,9.24753476283513e-05,4.7883051593089476e-05,6.096226570662111e-06,1.0762031479316647e-06
dogal,1.3751225651503773e-06,0.008059417828917503,0.004897709935903549,0.3064466416835785,0.21772955358028412,0.1574172079563141,1.8097669453709386e-05,4.98355177569465e-07,5.667064328918059e-07,0.0894266813993454,0.02971137873828411,0.03164517134428024,0.033243030309677124,0.012625614181160927,0.15836265683174133,0.17328007519245148,0.02852104790508747,0.2334773689508438,0.23689578473567963,0.5244247913360596,0.18067175149917603,0.006080619525164366,0.012340910732746124,0.00012036626867484301,0.0008035240462049842,0.0031308208126574755,3.5213077353546396e-05,0.0005713910795748234,0.005950180348008871,0.0003532602568157017,0.003771391464397311,0.005712385755032301,0.0025380903389304876,0.001238559023477137,0.000834411708638072,0.0020249660592526197,0.02740703895688057,0.004358208738267422,0.10673997551202774,0.0004679621779359877,0.007635840680450201,0.0007627073209732771,0.008714967407286167,0.012094521895051003,0.0006521624163724482,0.0003245472616981715,0.0025192233733832836,0.006460451986640692,8.700111357029527e-05,5.596972187049687e-05,4.933666787110269e-06,1.1477380894575617e-06
dogal,3.339742761454545e-06,0.15138021111488342,0.07165760546922684,0.09210794419050217,0.019898051396012306,0.03253595158457756,1.1555874152691104e-05,4.965841640114377e-07,5.078878189124225e-07,0.10893271118402481,0.05269015580415726,0.02331712655723095,0.024097947403788567,0.06334446370601654,0.03839246556162834,0.05943189561367035,0.08918077498674393,0.2689264714717865,0.2685612440109253,0.5178486108779907,0.2901666760444641,0.004644855856895447,0.006077067460864782,6.332906923489645e-05,0.000979946693405509,0.003344300203025341,2.4454253434669226e-05,0.000905311550013721,0.007943320088088512,0.00016716971003916115,0.006254361942410469,0.0126878060400486,0.0017827502451837063,0.0016263492871075869,0.00034226017305627465,0.0008189617656171322,0.0349712111055851,0.005468491464853287,0.0943046435713768,0.00036318704951554537,0.01626041904091835,0.0021292625460773706,0.026453372091054916,0.01310671865940094,0.00022845547937322408,9.968772064894438e-05,0.001448433962650597,0.00857276190072298,7.313080277526751e-05,4.04263410018757e-05,2.5422305043321103e-06,1.7571378521097358e-06
dogal,1.2460160405680654e-06,0.017933040857315063,0.011873913928866386,0.23959624767303467,0.09525895118713379,0.08320438116788864,1.0661060514394194e-05,5.000795795240265e-07,2.3803320914339565e-07,0.08419649302959442,0.022238178178668022,0.0405467227101326,0.029398160055279732,0.1836906224489212,0.017695216462016106,0.024009114131331444,0.16969332098960876,0.22188088297843933,0.24540866911411285,0.33453860878944397,0.2726486027240753,0.006783435586839914,0.016338380053639412,0.00013562226376961917,0.0005224171909503639,0.0015653482405468822,2.329684139112942e-05,0.0002527844626456499,0.006158675067126751,0.00013468893303070217,0.013896849006414413,0.029990876093506813,0.0021750053856521845,0.001043299911543727,0.0006056178826838732,0.0013521229848265648,0.01900579035282135,0.0033220709301531315,0.05201235041022301,0.00033022736897692084,0.0024679582566022873,0.0010574163170531392,0.007627603132277727,0.01624094322323799,0.0005791370640508831,0.0002888949529733509,0.00393682811409235,0.020967135205864906,0.0003533222188707441,0.00018702796660363674,4.304966751078609e-06,1.4711870335304411e-06
dogal,7.577535257041745e-07,0.013848908245563507,0.009930121712386608,0.19044841825962067,0.11873176693916321,0.09882722049951553,1.652245373406913e-05,2.683424895622011e-07,1.5022278887499851e-07,0.10925708711147308,0.03765641897916794,0.08165361732244492,0.07144298404455185,0.39853546023368835,0.006914307363331318,0.01059614960104227,0.3423129618167877,0.10697279870510101,0.1154354140162468,0.3787301778793335,0.22934730350971222,0.0062981476075947285,0.007622209377586842,0.00021742518583778292,0.0005564313614740968,0.0009758114465512335,9.255948498321231e-06,0.00012340894318185747,0.0067802234552800655,0.0002461765252519399,0.010850285179913044,0.02070399560034275,0.0009183069341816008,0.0009396291570737958,0.0007322769379243255,0.0012119637103751302,0.027009086683392525,0.005851713474839926,0.008607670664787292,0.00022463021741714329,0.0010320496512576938,0.0005835656775161624,0.004286343231797218,0.012158217839896679,0.004706696607172489,0.0024088029749691486,0.012234282679855824,0.036527469754219055,0.0017844575922936201,0.0008974162628874183,4.2891815610346384e-06,1.3283644193506916e-06
dogal,3.854120791402238e-07,0.0019095689058303833,0.0015708766877651215,0.5460984706878662,0.2819041907787323,0.19684776663780212,7.281809757841984e-06,2.0443215476007026e-07,1.2049117970036605e-07,0.15942072868347168,0.0462239608168602,0.3666982352733612,0.32535919547080994,0.34532254934310913,0.009119679220020771,0.013913619332015514,0.3071674704551697,0.020151257514953613,0.01972856931388378,0.20914793014526367,0.14414924383163452,0.005800907500088215,0.008539125323295593,0.00010201325494563207,0.00036216675653122365,0.00045458690146915615,8.814018656266853e-06,6.71064481139183e-05,0.004141529090702534,0.0006236733170226216,0.001863764482550323,0.003873092820867896,0.0013113594613969326,0.0015990729443728924,0.00029965434805490077,0.00040443349280394614,0.01261302549391985,0.009206929244101048,0.03233269229531288,0.00046493267291225493,0.0007725952309556305,0.0002722970675677061,0.010679541155695915,0.024219032377004623,0.002685626968741417,0.002338697900995612,0.0025626986753195524,0.020667430013418198,0.006233477033674717,0.0047276983968913555,5.563941158470698e-06,5.286700570650282e-07
dogal,4.5079906385581126e-07,0.0005953838117420673,0.0007157824002206326,0.5954389572143555,0.5157068967819214,0.32653170824050903,1.1975669622188434e-05,2.5743418063939316e-07,2.02874900878669e-07,0.20783419907093048,0.07374443113803864,0.423770934343338,0.38102054595947266,0.2874118685722351,0.01208921242505312,0.020453667268157005,0.25815680623054504,0.019143616780638695,0.017837807536125183,0.20470814406871796,0.16881206631660461,0.005165445152670145,0.00847626943141222,0.00014745933003723621,0.00025175526388920844,0.0003977329470217228,6.0755533013434615e-06,9.991373372031376e-05,0.004994802176952362,0.0006553544080816209,0.005268716719001532,0.009703646413981915,0.0008092513890005648,0.0010219806572422385,0.0002854716731235385,0.0004900925559923053,0.029616523534059525,0.011217756196856499,0.014889000914990902,0.0005533210351131856,0.000751814222894609,0.0002772173029370606,0.011064206250011921,0.014732005074620247,0.01326791662722826,0.008813037537038326,0.013265295885503292,0.06202023848891258,0.01638690009713173,0.010999888181686401,6.610393484152155e-06,7.012380933701934e-07
dogal,3.4933634651679313e-07,0.0004946598201058805,0.00030343912658281624,0.6311687231063843,0.6356027126312256,0.599139392375946,1.14657395897666e-05,2.3214627731249493e-07,1.9311200105676107e-07,0.26875725388526917,0.12427722662687302,0.5392753481864929,0.5106651782989502,0.13235782086849213,0.03103802166879177,0.045664433389902115,0.13163676857948303,0.015208033844828606,0.013440798968076706,0.15487849712371826,0.22441020607948303,0.005125791300088167,0.0085947560146451,0.00012903539754915982,0.000618703430518508,0.00042159174336120486,2.429209871479543e-06,8.996422548079863e-05,0.0024856559466570616,0.0009107834193855524,0.02866145595908165,0.04117162525653839,0.00044738000724464655,0.0009252552408725023,0.00039107538759708405,0.000476863730000332,0.02113567292690277,0.010430130176246166,0.00850674044340849,0.00041166041046380997,0.0009466444025747478,0.00042750014108605683,0.013244403526186943,0.012232997454702854,0.006416326854377985,0.004206585697829723,0.021959446370601654,0.03969380632042885,0.021680546924471855,0.018030794337391853,7.1988765739661176e-06,8.528560329068569e-07
dogal,3.864094253458461e-07,0.000340851373039186,0.00043174094753339887,0.623938798904419,0.6291228532791138,0.48774829506874084,1.0212002962362021e-05,2.3099303803064686e-07,3.548866800429096e-07,0.37050729990005493,0.23042409121990204,0.5849975943565369,0.5524862408638,0.029420793056488037,0.13883854448795319,0.13692772388458252,0.03575000911951065,0.012986194342374802,0.01287832297384739,0.135616734623909,0.2384003847837448,0.0034798174165189266,0.004717853851616383,0.00018216764146927744,0.00023535294167231768,0.00021748260769527406,4.517718025454087e-06,5.1254130084998906e-05,0.004602617118507624,0.0012531888205558062,0.03819647058844566,0.04884998872876167,0.00038243428571149707,0.0010957226622849703,0.0002807934070006013,0.0003744049754459411,0.030115444213151932,0.008583512157201767,0.010782960802316666,0.00036167059442959726,0.0007738781278021634,0.0002634936827234924,0.017071468755602837,0.013486597687005997,0.021337995305657387,0.01365838386118412,0.06485602259635925,0.10961410403251648,0.027161957696080208,0.021462110802531242,1.0191766705247574e-05,6.743637186445994e-07
dogal,2.934430369805341e-07,0.0003276552597526461,0.00021522195311263204,0.7036425471305847,0.741695761680603,0.7116710543632507,7.889323569543194e-06,2.3612068389411434e-07,3.960794572321902e-07,0.304308146238327,0.1999145895242691,0.546220064163208,0.5413596630096436,0.008333949372172356,0.3128497898578644,0.30670395493507385,0.017826808616518974,0.013743876479566097,0.010554378852248192,0.10211530327796936,0.16080452501773834,0.004820306319743395,0.0072570485062897205,0.00013478181790560484,0.00021320644009392709,0.0001694921957096085,1.1142799849039875e-05,2.1748839571955614e-05,0.0030442264396697283,0.0008105181623250246,0.0697282999753952,0.06890261173248291,0.0004552818136289716,0.000862310582306236,0.00035786631633527577,0.000391537556424737,0.023319320753216743,0.004636022262275219,0.03097403421998024,0.0005811303271912038,0.0009118627640418708,9.933954424923286e-05,0.020375587046146393,0.0241046492010355,0.007567150518298149,0.005279896780848503,0.054992448538541794,0.039968449622392654,0.009033515118062496,0.008351156488060951,1.5605328371748328e-05,6.242838139769447e-07
dogal,3.494159841466171e-07,0.0006786712328903377,0.00030427254387177527,0.6770050525665283,0.6845040917396545,0.6058163046836853,8.544275260646828e-06,4.5076296828483464e-07,6.507268608402228e-07,0.25567466020584106,0.13341788947582245,0.627743661403656,0.6340722441673279,0.0006327198352664709,0.8578925132751465,0.8641771078109741,0.0009171644342131913,0.007166713010519743,0.006377366837114096,0.12274935841560364,0.24321509897708893,0.004825907293707132,0.00902038998901844,0.00017692692927084863,0.00013544985267799348,0.0004227115132380277,4.6632940211566165e-05,4.9752525228541344e-05,0.0025070917326956987,0.0010834328131750226,0.05694806948304176,0.049694254994392395,0.00037721465923823416,0.0010741996811702847,0.0004297869454603642,0.00043105476652272046,0.02732464298605919,0.008205621503293514,0.016063494607806206,0.000409478263463825,0.0026208003982901573,0.00019499023619573563,0.016932746395468712,0.024526428431272507,0.012391811236739159,0.010380900464951992,0.07271847873926163,0.05901714786887169,0.0028796130791306496,0.002818033332005143,7.763256689941045e-06,7.389743927888048e-07
dogal,2.870612547667406e-07,0.001113474601879716,0.0004489320272114128,0.6158263683319092,0.6117761731147766,0.5446487665176392,6.99006523063872e-06,3.570651472273312e-07,4.2013402890006546e-07,0.1920730620622635,0.0785478949546814,0.4145681858062744,0.40857940912246704,0.0006071392563171685,0.8586193323135376,0.8586605191230774,0.0009948317892849445,0.016353867948055267,0.017595237120985985,0.1269131451845169,0.24956996738910675,0.005379713140428066,0.01258995570242405,0.00017755289445631206,6.106240471126512e-05,0.0003628108825068921,0.00010420388571219519,3.524774365359917e-05,0.0011445300187915564,0.001268163905479014,0.012782181613147259,0.01014346070587635,0.0009478010470047593,0.001322279334999621,0.0006128121167421341,0.0005045285215601325,0.013651883229613304,0.008941499516367912,0.04772469401359558,0.0004249412741046399,0.0011181030422449112,0.0001185184737551026,0.007227971684187651,0.026471318677067757,0.013802086003124714,0.01607501320540905,0.048675794154405594,0.048106975853443146,0.00256859022192657,0.003545123618096113,7.797262696840335e-06,4.424303199357382e-07
dogal,3.665600161184557e-07,0.0011951096821576357,0.001091096899472177,0.6159287095069885,0.4485832750797272,0.2809236943721771,9.05698470887728e-06,4.6589562430199294e-07,6.34438492852496e-07,0.176736980676651,0.06428273767232895,0.28966477513313293,0.24819527566432953,0.001558251096867025,0.6754915714263916,0.6499220132827759,0.003243593033403158,0.02893739938735962,0.03504253923892975,0.1785561889410019,0.27537772059440613,0.004567035008221865,0.013366851955652237,0.0002610625815577805,0.00017079051758628339,0.0006576891173608601,4.7232348151737824e-05,6.81751043885015e-05,0.0015702253440394998,0.0004360114980954677,0.014635516330599785,0.01538021769374609,0.0012632927391678095,0.004110147710889578,0.0007007509120739996,0.0009165237424895167,0.011112536303699017,0.003759461920708418,0.05957823246717453,9.009875793708488e-05,0.0010413427371531725,0.00019641828839667141,0.0031884973868727684,0.019914796575903893,0.008179990574717522,0.005495095159858465,0.058616336435079575,0.08250872045755386,0.0019519636407494545,0.0018082838505506516,7.941839612612966e-06,6.174127520353068e-07
dogal,3.7713840583819547e-07,0.001113439560867846,0.0011347109684720635,0.5529367327690125,0.3926233649253845,0.24732911586761475,1.1759092558349948e-05,3.5119728636345826e-07,4.044082970722229e-07,0.15941129624843597,0.07015912234783173,0.1811085194349289,0.1539372205734253,0.003123814705759287,0.5503687858581543,0.5107711553573608,0.0035730646923184395,0.0517510361969471,0.057249099016189575,0.28061893582344055,0.3004125952720642,0.004661968443542719,0.010662185028195381,0.00022730698401574045,0.00032927325810305774,0.0009508341900072992,2.544987182773184e-05,0.00013665934966411442,0.0020933542400598526,0.0003619591298047453,0.009581081569194794,0.010088853538036346,0.0018573144916445017,0.0032708472572267056,0.0007546232081949711,0.0012165241641923785,0.012778319418430328,0.0034093097783625126,0.05714911222457886,0.00011850875307573006,0.0009343699784949422,0.00027547628269530833,0.002131826477125287,0.011729484423995018,0.005040978547185659,0.002468857681378722,0.03800191357731819,0.022234046831727028,0.0009791996562853456,0.0008349872077815235,7.203354016382946e-06,5.820074875373393e-07
dogal,4.36757375155139e-07,0.0009511486859992146,0.0006398277473635972,0.5426411032676697,0.42189380526542664,0.27544358372688293,9.657826012698933e-06,2.6183204226981616e-07,2.381260770789595e-07,0.1555272489786148,0.08334675431251526,0.20937971770763397,0.1865062564611435,0.007878081873059273,0.3529498875141144,0.3347998261451721,0.007377926260232925,0.04460989311337471,0.05108950659632683,0.3144798278808594,0.4282646179199219,0.0044525014236569405,0.0079398388043046,0.00013853423297405243,0.00029767394880764186,0.0013121403753757477,3.9502669096691534e-05,0.0002898462116718292,0.005960551556199789,0.0005000894307158887,0.0009911031229421496,0.0017627849010750651,0.0020536810625344515,0.0011475970968604088,0.0005246950895525515,0.0009459228022024035,0.013513115234673023,0.0037606197874993086,0.08809059113264084,0.0007200787076726556,0.0012714972253888845,0.0007252432405948639,0.002728077583014965,0.009042586199939251,0.0012879623100161552,0.000784491014201194,0.002933229086920619,0.011838317848742008,0.0005649726372212172,0.0004225567972753197,6.15160843153717e-06,5.091957859804097e-07
sasirma,2.988114431445865e-07,2.5427963919355534e-05,1.89020956895547e-05,0.9307704567909241,0.8941099643707275,0.7882303595542908,1.2727056855510455e-05,4.071500541158457e-07,4.4296439227764495e-07,0.03859757259488106,0.009669089689850807,0.24851976335048676,0.22130270302295685,0.06357922405004501,0.0674968734383583,0.062488991767168045,0.06130700185894966,0.03878060355782509,0.046739764511585236,0.13957221806049347,0.13382942974567413,0.022581033408641815,0.07714599370956421,0.0001129847951233387,0.0006688155117444694,0.005470937117934227,9.167208190774545e-05,0.0014890338061377406,0.005965919699519873,0.0004599146486725658,0.00010569299047347158,0.00019528904522303492,0.012364791706204414,0.002187075326219201,0.0007865558727644384,0.0013640852412208915,0.005837912671267986,0.0015305039705708623,0.5346249938011169,0.0015986466314643621,0.0017496810760349035,0.0017028894508257508,0.0015908721834421158,0.006109112408012152,0.0002676450530998409,0.0001445404632249847,0.0008360548526979983,0.002687434433028102,0.0006113438867032528,0.0003415670071262866,3.926962563127745e-06,2.2960213641454175e-07
sasirma,2.4142318011399766e-07,2.6833791707758792e-05,3.4383094316581264e-05,0.9343588948249817,0.8542700409889221,0.6920454502105713,6.706332351313904e-05,1.0242715688946191e-06,2.4771568405412836e-06,0.00548124173656106,0.001044602831825614,0.2866842746734619,0.24454084038734436,0.05047084391117096,0.13987287878990173,0.11249901354312897,0.022236084565520287,0.043027520179748535,0.04342213645577431,0.04716046527028084,0.029681317508220673,0.1429799646139145,0.46284234523773193,0.0003304588608443737,0.0019331632647663355,0.5429143309593201,0.019524866715073586,0.0029390864074230194,0.18525084853172302,0.023719090968370438,2.9255772915348643e-06,5.885816790396348e-06,0.22570112347602844,0.0006012222147546709,0.07149451225996017,0.1549435704946518,0.0034993074368685484,0.0008966539753600955,0.6646546125411987,0.008432770147919655,0.0028336183167994022,0.009226396679878235,0.0003320811956655234,0.0028698823880404234,0.00010782578465295956,5.771997894044034e-05,2.7217001843382604e-05,0.0002488735190127045,0.003012071829289198,0.0009294868214055896,4.486209036258515e-06,4.4956260580875096e-07
sasirma,3.497113425510179e-07,7.523414387833327e-05,0.00014385285612661391,0.8363986015319824,0.7685996890068054,0.6239442825317383,3.792605275521055e-05,7.273372943927825e-07,2.345139137105434e-06,0.003946484532207251,0.0009514050907455385,0.11526430398225784,0.0875314474105835,0.013412968255579472,0.2662563920021057,0.2772054374217987,0.01214281190186739,0.11657780408859253,0.12945623695850372,0.028872083872556686,0.035771094262599945,0.1568463295698166,0.4427887797355652,0.00019094986782874912,0.001120115164667368,0.4717639982700348,0.032805636525154114,0.004520423244684935,0.04602540284395218,0.009472152218222618,3.836082669295138e-06,6.06889398113708e-06,0.2317138910293579,0.00034587850677780807,0.029513327404856682,0.07515088468790054,0.002698532771319151,0.0005090373451821506,0.7534780502319336,0.019010698422789574,0.0034845396876335144,0.020312363281846046,0.000344361033057794,0.0018927123164758086,2.221279646619223e-05,1.1184789400431328e-05,2.3520231479778886e-05,0.0001847902312874794,0.0006865563918836415,0.00028276018565520644,3.2231587283604313e-06,3.922561404579028e-07
sasirma,2.9597902084788075e-07,6.429255881812423e-05,0.00015930301742628217,0.8354966640472412,0.7632530927658081,0.5741510987281799,3.127946183667518e-05,5.02777538713417e-07,2.2254700979829067e-06,0.005436036270111799,0.0012798706302419305,0.11503872275352478,0.08994553238153458,0.011233825236558914,0.2913554012775421,0.29520946741104126,0.0107694948092103,0.10811060667037964,0.12333635240793228,0.03144700080156326,0.036522094160318375,0.12531229853630066,0.3479767143726349,0.0001614934444660321,0.0018090576631948352,0.44676074385643005,0.012083308771252632,0.006951420567929745,0.020957451313734055,0.0052626472897827625,4.304983121983241e-06,6.888530151627492e-06,0.1479993760585785,0.00040376937249675393,0.01695644110441208,0.04299521446228027,0.0032674490939825773,0.0006493692635558546,0.7273564338684082,0.013626896776258945,0.004020108375698328,0.016780421137809753,0.000309883791487664,0.0013799044536426663,2.5905472284648567e-05,1.5232370969897602e-05,3.772574564209208e-05,0.0002974348026327789,0.0003112460544798523,0.0001815572613850236,2.553324748078012e-06,2.9213626362434297e-07
sasirma,3.2485860401720856e-07,1.4736661796632688e-05,9.805331501411274e-06,0.9763103723526001,0.8919813632965088,0.8081445693969727,4.201883712084964e-05,1.048185595209361e-06,3.3653141144895926e-06,0.003654739586636424,0.0010916016763076186,0.28423237800598145,0.2745039463043213,0.022365199401974678,0.26538893580436707,0.2542044520378113,0.0074671185575425625,0.04185403138399124,0.0359402634203434,0.03651817515492439,0.024587171152234077,0.17626376450061798,0.440368115901947,0.00022621815151069313,0.0009119157330133021,0.41818177700042725,0.01724032126367092,0.008418302051723003,0.04434904828667641,0.0019334586104378104,9.462217349209823e-06,2.141564073099289e-05,0.1509384661912918,0.0007393548730760813,0.02052585780620575,0.07243718206882477,0.004150725435465574,0.0005557899712584913,0.7274401783943176,0.0058402991853654385,0.005063687916845083,0.015138895250856876,0.00032385182566940784,0.001510082045570016,4.4996988435741514e-05,1.9710074411705136e-05,4.371222894405946e-05,0.000744377903174609,0.0008053546189330518,0.00024906385806389153,3.921146799257258e-06,3.3220069894923654e-07
sasirma,3.084838056111039e-07,1.6301974028465338e-05,1.65268502314575e-05,0.9567233324050903,0.8605380058288574,0.7177157402038574,6.497814320027828e-05,8.874018817550677e-07,2.0110935565753607e-06,0.006641923915594816,0.0017154766246676445,0.22110696136951447,0.21921755373477936,0.019186027348041534,0.2066923975944519,0.1988450288772583,0.013925381936132908,0.05002438649535179,0.0492229238152504,0.06336385011672974,0.02970050647854805,0.11177875101566315,0.31092900037765503,0.00030788566800765693,0.0019197161309421062,0.4111732542514801,0.004145048558712006,0.006434357259422541,0.01713881827890873,0.000774037092924118,4.342745160101913e-05,7.606591680087149e-05,0.07055754959583282,0.0012426896719262004,0.027046289294958115,0.07850131392478943,0.007164619863033295,0.0008416010532528162,0.3242650628089905,0.0014137865509837866,0.002818767912685871,0.01120119821280241,0.0002411771274637431,0.0029252797830849886,0.0001539186341688037,6.334616773528978e-05,0.0003386827593203634,0.0012161931954324245,0.0014082151465117931,0.0005761801730841398,3.871364697261015e-06,4.845615535487013e-07
sasirma,3.0184398269739177e-07,2.0837984266108833e-05,1.6269064872176386e-05,0.9451016783714294,0.849553644657135,0.7303584814071655,2.142967605323065e-05,9.63548586696561e-07,1.0233156899630558e-06,0.011021633632481098,0.002890250412747264,0.31019043922424316,0.2979077994823456,0.046345118433237076,0.09143286943435669,0.07955975085496902,0.038583800196647644,0.03237607702612877,0.03092198632657528,0.08965113013982773,0.04968457296490669,0.07061758637428284,0.2233114093542099,0.0001507541601313278,0.00247203535400331,0.12329276651144028,0.0008825697004795074,0.0038943917024880648,0.004577429965138435,0.0005006486317142844,7.75065491325222e-05,0.00014354509767144918,0.07555310428142548,0.0027293493039906025,0.006910228636115789,0.010832689702510834,0.00218332395888865,0.0008743522339500487,0.6017296314239502,0.0009844411397352815,0.004465468227863312,0.012167269363999367,0.0005965630407445133,0.007250301539897919,3.059165828744881e-05,1.67159378179349e-05,0.0002161115116905421,0.0010862499475479126,0.0007379635935649276,0.0004476001486182213,3.030744210263947e-06,3.9338300439339946e-07
sasirma,3.511239583531278e-07,3.81038298655767e-05,6.182940705912188e-05,0.915254533290863,0.8359276056289673,0.6297584772109985,1.0741558980953414e-05,5.08919583808165e-07,1.076801709132269e-06,0.01350393332540989,0.002294712932780385,0.3136703073978424,0.2845129668712616,0.04360038414597511,0.09733869135379791,0.08198807388544083,0.04048149660229683,0.027112159878015518,0.034267526119947433,0.06669243425130844,0.044571176171302795,0.04801182821393013,0.244366854429245,0.00015571978292427957,0.0003402372822165489,0.001713123288936913,5.070231782156043e-05,0.0003516879805829376,0.003120583947747946,0.00039726117393001914,0.0012593212304636836,0.0022242371924221516,0.004727881867438555,0.001984617207199335,0.000740420597139746,0.0012478920398280025,0.009298351593315601,0.004102110397070646,0.1572313904762268,0.0007449027616530657,0.0012224511010572314,0.0006383315776474774,0.002430223859846592,0.012708550319075584,0.0013247361639514565,0.001062720431946218,0.004257525317370892,0.027389034628868103,0.001229178044013679,0.0008683808846399188,6.306130671873689e-06,3.892091342549975e-07
sasirma,4.580400627673953e-07,5.065466393716633e-05,4.7423396608792245e-05,0.9158964157104492,0.7830685377120972,0.6291162967681885,1.2113192497054115e-05,3.357023388161906e-07,1.290617547056172e-06,0.006534439977258444,0.0014132197247818112,0.2861331105232239,0.25746047496795654,0.022198090329766273,0.1755918264389038,0.1708831936120987,0.015340609475970268,0.03189748153090477,0.0326581746339798,0.045580241829156876,0.028378333896398544,0.08616980165243149,0.28114718198776245,0.00011831949814222753,0.00030854452052153647,0.002722016768530011,7.233265205286443e-05,0.0005549525376409292,0.004962619859725237,0.0007634061621502042,0.0008420009980909526,0.0016071581048890948,0.0018323734402656555,0.0041580419056117535,0.0006750302272848785,0.001057578600011766,0.01993258111178875,0.010708826594054699,0.04897105321288109,0.00036998061113990843,0.0028111208230257034,0.001925734686665237,0.003491991898044944,0.008676288649439812,0.0011436293134465814,0.0010269084013998508,0.0023431233130395412,0.02066674269735813,0.000478089670650661,0.00036003655986860394,4.3388513404352125e-06,3.2830948271111993e-07
sasirma,5.650475145557721e-07,5.154867540113628e-05,3.0226849048631266e-05,0.9264076948165894,0.8512557148933411,0.746796727180481,1.5811847333679907e-05,3.8019567227820517e-07,3.015785978277563e-06,0.011944817379117012,0.001913184765726328,0.29239124059677124,0.29065847396850586,0.012421759776771069,0.26761555671691895,0.262657105922699,0.00948756281286478,0.02419503591954708,0.03047146089375019,0.049062106758356094,0.04534170404076576,0.04655921459197998,0.26502981781959534,0.00016649968165438622,0.0004158844822086394,0.002866672119125724,6.855976243969053e-05,0.0006982267368584871,0.028634391725063324,0.00035410135751590133,0.00037964381044730544,0.0008081975975073874,0.0019507440738379955,0.006520505994558334,0.0005637230933643878,0.001992510398849845,0.07186395674943924,0.004558934364467859,0.056791599839925766,0.0002893216151278466,0.0034333413932472467,0.0021199407055974007,0.0027805932331830263,0.005422755144536495,0.002359574194997549,0.0008449340821243823,0.002812380436807871,0.014217399060726166,0.00042560449219308794,0.00012751137546729296,5.472255907079671e-06,4.273443892088835e-07
sasirma,4.1550714513505227e-07,2.140594006050378e-05,2.0719151507364586e-05,0.9509584307670593,0.8808964490890503,0.7847586870193481,1.9996528862975538e-05,3.8506635746671236e-07,1.559494648972759e-06,0.011725394986569881,0.0026989742182195187,0.3150259256362915,0.2956819236278534,0.0204986073076725,0.1506560891866684,0.14992660284042358,0.030297350138425827,0.029710980132222176,0.026711585000157356,0.07594043016433716,0.03237922862172127,0.05786174535751343,0.19805341958999634,0.0002402776590315625,0.000192102903383784,0.0021528443321585655,8.914959471439943e-05,0.0004804625641554594,0.009834548458456993,0.0011569015914574265,0.00032426242250949144,0.000562152883503586,0.0029507551807910204,0.0027334471233189106,0.0009640574571676552,0.0016748544294387102,0.036441754549741745,0.012190790846943855,0.04051005095243454,0.0006531650433316827,0.0015142124611884356,0.0010080658830702305,0.0015627301763743162,0.00679396465420723,0.0063158124685287476,0.0054616075940430164,0.00386062846519053,0.02462562546133995,0.0006679269135929644,0.0004388174565974623,4.969649580743862e-06,3.6704486205962894e-07
sasirma,4.255821011156513e-07,1.3546655281970743e-05,4.660001195588848e-06,0.9786216020584106,0.9221839308738708,0.882635235786438,1.747698843246326e-05,5.144699457559909e-07,1.2877270592071e-06,0.009947932325303555,0.002551617566496134,0.35924074053764343,0.3659649193286896,0.02070542238652706,0.1885303109884262,0.1829182505607605,0.016718870028853416,0.02402367815375328,0.01734977774322033,0.07142434269189835,0.023123009130358696,0.0635438933968544,0.2055492103099823,0.00020755194418597966,0.00017603991727810353,0.0022508357651531696,0.0001120490996981971,0.0004965868429280818,0.006370590068399906,0.001021659467369318,0.00040633752360008657,0.0007066240650601685,0.004927509464323521,0.0027699628844857216,0.0010183824924752116,0.0016894546570256352,0.019533542916178703,0.008117549121379852,0.08188208192586899,0.0008730314439162612,0.0013430812396109104,0.0012024885509163141,0.00207040598616004,0.010954548604786396,0.003471450647339225,0.0029061329551041126,0.002615557285025716,0.019383994862437248,0.0016223296988755465,0.0010786899365484715,7.20747038940317e-06,3.271371440405346e-07
sasirma,4.053252951052855e-07,1.228187102242373e-05,7.497318165405886e-06,0.9801698923110962,0.9138996601104736,0.8526975512504578,1.3522971130441874e-05,8.690470281180751e-07,2.2040151179680834e-06,0.005359324160963297,0.0016782606253400445,0.3516429662704468,0.35841137170791626,0.029155183583498,0.16344429552555084,0.15236921608448029,0.019412826746702194,0.02565266564488411,0.024365628138184547,0.03895819932222366,0.024205707013607025,0.11215522140264511,0.32402873039245605,0.00021181405463721603,0.00022766551410313696,0.0024717918131500483,0.00014555857342202216,0.0004496860783547163,0.0023950417526066303,0.00029802179778926075,0.002830200595781207,0.004010723903775215,0.006010910961776972,0.007168063893914223,0.0012164870277047157,0.001945286407135427,0.010832920670509338,0.0035799331963062286,0.14198322594165802,0.0001961117668543011,0.001789615722373128,0.0008698820020072162,0.0019251966150477529,0.011994663625955582,0.0018706298433244228,0.0011403009993955493,0.009975096210837364,0.03247470781207085,0.001291745575144887,0.0006759791867807508,7.297827323782258e-06,3.559835874966666e-07
sasirma,5.365095034903788e-07,2.353818308620248e-05,1.8506618289393373e-05,0.957365095615387,0.9021406173706055,0.8067762851715088,1.441860877093859e-05,6.520991746583604e-07,1.875627617664577e-06,0.008121800608932972,0.002515476895496249,0.19266074895858765,0.1869443953037262,0.006483545992523432,0.3807942569255829,0.36150360107421875,0.006955621764063835,0.050659820437431335,0.05203563719987869,0.06030351668596268,0.03537578880786896,0.07668764144182205,0.20878197252750397,0.0001464417582610622,0.00023619142302777618,0.0023034950718283653,0.00014605908654630184,0.0005912993219681084,0.004235468804836273,0.0003181445354130119,0.00079858343815431,0.0011238662991672754,0.005427043419331312,0.002363284584134817,0.0005638048169203103,0.0013194489292800426,0.019988587126135826,0.0023343150969594717,0.21353578567504883,0.0009863130981102586,0.0016608387231826782,0.0005991256912238896,0.002928962232545018,0.014902792870998383,0.0022825608029961586,0.0010335210245102644,0.005895552691072226,0.011931162327528,0.0009921465534716845,0.000461590476334095,7.825919965398498e-06,3.454742909525521e-07
sasirma,4.0962902403407497e-07,2.3642116502742283e-05,2.561881410656497e-05,0.9501922130584717,0.8750028610229492,0.7514272928237915,3.95614406443201e-05,8.53505298437085e-07,2.385140987826162e-06,0.005863190162926912,0.002116805873811245,0.15171167254447937,0.15259802341461182,0.005395815707743168,0.4342915713787079,0.43729346990585327,0.003770760726183653,0.06762125343084335,0.06328581273555756,0.07539700716733932,0.030749941244721413,0.11625178158283234,0.24743327498435974,0.00024181125627364963,0.0009060498559847474,0.13525430858135223,0.003124300390481949,0.0027355081401765347,0.02459808439016342,0.0007314925896935165,1.5672876543249004e-05,2.4866501917131245e-05,0.1633254587650299,0.0008279212634079158,0.010680533945560455,0.049014389514923096,0.004864159505814314,0.00032745255157351494,0.7248018980026245,0.005053566303104162,0.0025943301152437925,0.009816628880798817,0.00035152153577655554,0.005866311956197023,8.89655711944215e-05,2.8745276722474955e-05,0.0001406916562700644,0.0006016412517055869,0.00275937607511878,0.00092648237477988,5.97604775975924e-06,3.89979732062784e-07
sasirma,2.9896821729380463e-07,1.7477121218689717e-05,2.5035777071025223e-05,0.9602569341659546,0.9116573929786682,0.6949166059494019,3.184096931363456e-05,7.953966019158543e-07,2.4863684302545153e-06,0.010317601263523102,0.002425909973680973,0.24078592658042908,0.21044665575027466,0.009634636342525482,0.3636200726032257,0.3696434497833252,0.0049932594411075115,0.04716439172625542,0.05071282014250755,0.07311368733644485,0.05962799862027168,0.07628362625837326,0.3318518400192261,0.00043011418893001974,0.0002587868948467076,0.09485624730587006,0.007597492076456547,0.0048078130930662155,0.053781524300575256,0.0010357393184676766,6.589647455257364e-06,1.46222191688139e-05,0.2705475091934204,0.0011712347622960806,0.01060038898140192,0.06124770641326904,0.0032921999227255583,0.0003014403337147087,0.8212490677833557,0.003921566531062126,0.002622943837195635,0.017918962985277176,0.00012120659812353551,0.0010236888192594051,7.903043297119439e-05,2.925010812759865e-05,5.791477087768726e-05,0.0007961489609442651,0.0006822941359132528,0.00020251331443432719,3.583303850973607e-06,3.021821157744853e-07
sasirma,1.753917473479305e-07,2.2958620320423506e-05,1.7371521607856266e-05,0.9715177416801453,0.9186843633651733,0.7637937068939209,1.0439286597829778e-05,5.228089321462903e-07,1.0438610615892685e-06,0.012619315646588802,0.004166964441537857,0.2823515236377716,0.2685583829879761,0.011320258490741253,0.3535597026348114,0.36673301458358765,0.005200129467993975,0.03680775314569473,0.03798086568713188,0.0730632022023201,0.07589831203222275,0.06712393462657928,0.24971482157707214,0.0002369971916778013,0.0002775261818896979,0.02847432717680931,0.002121580531820655,0.0035913665778934956,0.012729967944324017,0.0015283877728506923,1.0852899322344456e-05,2.233404120488558e-05,0.23162704706192017,0.0019505909876897931,0.0035520633682608604,0.009257524274289608,0.0006592162535525858,0.000336200202582404,0.9236697554588318,0.003029649145901203,0.0018880815478041768,0.008420296013355255,0.00016255048103630543,0.0006976114236749709,3.379934059921652e-05,2.232997394457925e-05,4.466152313398197e-05,0.0009224956738762558,0.000177744819666259,9.694507025415078e-05,2.645616859808797e-06,1.5225079152969556e-07
sasirma,2.09495169656293e-07,2.489863254595548e-05,3.366080272826366e-05,0.9533443450927734,0.9160468578338623,0.6853405237197876,1.4040498172107618e-05,6.235608793758729e-07,1.3110992540532607e-06,0.00951160304248333,0.0024381913244724274,0.22825460135936737,0.1939193159341812,0.011379623785614967,0.33192873001098633,0.34361985325813293,0.006098067853599787,0.050890885293483734,0.058088455349206924,0.05988681688904762,0.07235431671142578,0.0785650983452797,0.3540360629558563,0.000267842406174168,0.00020775230950675905,0.040116459131240845,0.003327740589156747,0.004655845463275909,0.019077932462096214,0.0013238771352916956,1.1619937140494585e-05,2.5296581952716224e-05,0.21052607893943787,0.0012230194406583905,0.0045072841458022594,0.01430940069258213,0.0010717256227508187,0.00035455721081234515,0.9057328104972839,0.004472312051802874,0.0022487423848360777,0.007938141003251076,0.00016396050341427326,0.0007446109666489065,4.382321276352741e-05,2.5903942514560185e-05,6.021107401465997e-05,0.001099727931432426,0.00019667786546051502,0.00010289173951605335,2.5316480787296314e-06,1.8308027449620567e-07
sasirma,1.7996312351442612e-07,2.4244409360107966e-05,2.9484799597412348e-05,0.960295557975769,0.9232816696166992,0.7231624126434326,1.0485952770977747e-05,5.017955686525966e-07,1.0481405752216233e-06,0.010609971359372139,0.0031052923295646906,0.24746501445770264,0.22013835608959198,0.011510597541928291,0.3380226492881775,0.35288316011428833,0.005643174517899752,0.044645920395851135,0.05044747143983841,0.06238357350230217,0.07326013594865799,0.07451779395341873,0.3028104603290558,0.0002467665763106197,0.0001687397889327258,0.017869310453534126,0.0016655249055474997,0.0028860815800726414,0.015654072165489197,0.0009702343959361315,1.434692876500776e-05,3.07360605802387e-05,0.1954420655965805,0.0018767884466797113,0.0027310175355523825,0.0088141318410635,0.0009701100643724203,0.00030586315551772714,0.9184173345565796,0.0028766777832061052,0.0012927819043397903,0.004037128761410713,0.00018021762662101537,0.0008878840017132461,7.76850210968405e-05,4.416308001964353e-05,8.675464778207242e-05,0.0014360833447426558,0.0002720383636187762,0.0001321950403507799,2.9833672670065425e-06,1.5660555163776735e-07
sasirma,1.5820590704151982e-07,2.9677839847863652e-05,3.484694752842188e-05,0.9516059756278992,0.8924387693405151,0.6956264972686768,9.918650903273374e-06,4.7567169758622185e-07,6.883782361910562e-07,0.013764763250946999,0.004894512705504894,0.25265732407569885,0.21408645808696747,0.035584285855293274,0.12947407364845276,0.12741617858409882,0.02650352008640766,0.04811568930745125,0.054741036146879196,0.08897236734628677,0.10661537945270538,0.05944621190428734,0.22805196046829224,0.00023312542180065066,0.0003857459232676774,0.01649915799498558,0.0007176894578151405,0.002739210380241275,0.007680044509470463,0.001068397774361074,1.935244472406339e-05,3.849966378766112e-05,0.15885084867477417,0.0023543157149106264,0.0029672272503376007,0.006100169382989407,0.0008402836974710226,0.00045426571159623563,0.911707878112793,0.001918713329359889,0.0013182888505980372,0.0035953375045210123,0.000184260614332743,0.0009462909656576812,6.0432364989537746e-05,4.109344808966853e-05,0.00012491240340750664,0.00149626936763525,0.0001703076995909214,0.00010128038411494344,2.434506541248993e-06,1.6194869090213615e-07
sasirma,1.8543738633525209e-07,4.98229346703738e-05,5.671818144037388e-05,0.9253708720207214,0.8506675958633423,0.646472692489624,1.6261277778539807e-05,4.0592101413494674e-07,1.1086143558713957e-06,0.013343445956707,0.003705921582877636,0.3216027319431305,0.29106050729751587,0.056351061910390854,0.08021191507577896,0.07199545204639435,0.05140549689531326,0.037867531180381775,0.038636766374111176,0.13295435905456543,0.08024504780769348,0.0688289925456047,0.2551266849040985,0.000374576891772449,0.00028806953923776746,0.021707985550165176,0.0013612747425213456,0.002370858332142234,0.01798032969236374,0.001204402302391827,8.919078936742153e-06,2.1822237613378093e-05,0.21581454575061798,0.0010051645804196596,0.006118447985500097,0.018696581944823265,0.0013537388294935226,0.00046025082701817155,0.8497112989425659,0.0032054679468274117,0.0011619256110861897,0.00619390606880188,7.624012505402789e-05,0.0005911297048442066,0.00010574350017122924,7.56086446926929e-05,7.487828406738117e-05,0.0022741612046957016,0.00021262341761030257,0.00010182004916714504,2.8775054943253053e-06,2.7602118279901333e-07
sasirma,1.9444293286596803e-07,6.220334762474522e-05,9.234590106643736e-05,0.8923319578170776,0.8323323130607605,0.6199841499328613,1.5360419638454914e-05,3.487468518414971e-07,1.0007526043409598e-06,0.012558885850012302,0.003479809034615755,0.2881697714328766,0.25485074520111084,0.039762143045663834,0.09777344018220901,0.09518294781446457,0.0381062887609005,0.04029428958892822,0.04488885775208473,0.11596468091011047,0.07971129566431046,0.06953088194131851,0.23271548748016357,0.0002790041617117822,0.0006410711794160306,0.021750448271632195,0.0005749501870013773,0.0023710138630121946,0.013512658886611462,0.0006850319332443178,1.3436762856144924e-05,2.9160397389205173e-05,0.15917639434337616,0.0017223161412402987,0.003948566038161516,0.01140603143721819,0.0018472414230927825,0.0004044937959406525,0.8278012871742249,0.0018563016783446074,0.001072404207661748,0.005122296046465635,0.00010563083196757361,0.000986164202913642,0.000111645735159982,6.2207443988882e-05,0.00015033457020763308,0.0017566826427355409,0.00022752142103854567,0.0001022804353851825,2.9293519219208974e-06,2.76352523087553e-07
sasirma,2.4382839569625503e-07,2.1292700694175437e-05,2.039124592556618e-05,0.9671106338500977,0.8850685358047485,0.7486424446105957,1.3217010746302549e-05,7.0733130996814e-07,9.038882353706867e-07,0.013222317211329937,0.005962055642157793,0.18812856078147888,0.18398375809192657,0.01938711851835251,0.17487327754497528,0.17961473762989044,0.020670199766755104,0.06482617557048798,0.06715485453605652,0.12343316525220871,0.08331241458654404,0.06428094208240509,0.1872549206018448,0.00025120354257524014,0.0003296385402791202,0.011876863427460194,0.0005082977004349232,0.0016006402438506484,0.00424168212339282,0.00031237778603099287,0.00015815805818419904,0.00026932297623716295,0.1181522086262703,0.003307405626401305,0.0025266213342547417,0.006445279810577631,0.001323221018537879,0.0003282430407125503,0.8433816432952881,0.0007652475032955408,0.0009378666873089969,0.00196950975805521,0.0002915887162089348,0.002532285638153553,0.00015480707224924117,7.43808996048756e-05,0.0007096410263329744,0.00319584715180099,0.000523814873304218,0.0002681270125322044,4.203106072964147e-06,2.637027023411065e-07
sasirma,2.418760232103523e-07,5.158289786777459e-05,5.58381034352351e-05,0.9361887574195862,0.8474166989326477,0.650118350982666,1.0470563211129047e-05,5.23046310263453e-07,8.726247529011744e-07,0.016380827873945236,0.008893250487744808,0.1773580014705658,0.18199047446250916,0.005651767365634441,0.4230858385562897,0.4369465112686157,0.004226643592119217,0.060648560523986816,0.061020925641059875,0.13734287023544312,0.09513111412525177,0.05719669908285141,0.1285293996334076,0.0002218142617493868,0.0002380779478698969,0.006474758964031935,0.0004072427691426128,0.0011606599437072873,0.005023137200623751,0.0002438923838781193,0.00011977845133515075,0.0002053858625004068,0.10814005881547928,0.00314211449585855,0.001507735694758594,0.005062508396804333,0.0014651590026915073,0.00023559450346510857,0.9087076783180237,0.0010364267509430647,0.0007090502185747027,0.0013693176442757249,0.0003392911166884005,0.0023354089353233576,0.00014519828255288303,5.550681089516729e-05,0.0006265118136070669,0.002845165552571416,0.0005153698148205876,0.00021685623505618423,6.46436819806695e-06,2.3596558662575262e-07
sasirma,2.4386073960158683e-07,3.2327236112905666e-05,1.7702433979138732e-05,0.9668364524841309,0.8872108459472656,0.7681819200515747,9.76621868176153e-06,5.844531187904067e-07,8.216687774620368e-07,0.01572626270353794,0.009022854268550873,0.24822844564914703,0.2590038776397705,0.00726549094542861,0.36658310890197754,0.38075852394104004,0.006343815475702286,0.04509477689862251,0.03939874470233917,0.12745103240013123,0.08142194151878357,0.062089867889881134,0.13190241158008575,0.00020116021914873272,0.00024209340335801244,0.006873779464513063,0.0004228956822771579,0.0014153207885101438,0.003846369683742523,0.00026747389347292483,0.00013099369243718684,0.00024611808476038277,0.09017696231603622,0.0030735693871974945,0.0013159516965970397,0.0036542434245347977,0.0011753090657293797,0.00030731677543371916,0.8993408679962158,0.0011290013790130615,0.0008208322688005865,0.001528673805296421,0.00044410506961867213,0.002767746802419424,0.0001134426420321688,5.5500302551081404e-05,0.0004896115860901773,0.003918114583939314,0.0004832448030356318,0.0002351584698772058,6.019013653713046e-06,2.340761540153835e-07
sasirma,2.064034987370178e-07,4.3779647967312485e-05,3.711645331350155e-05,0.9469816088676453,0.8669023513793945,0.6899241209030151,9.126139048021287e-06,4.859809337176557e-07,7.806195299053797e-07,0.01798667199909687,0.008191760629415512,0.20663495361804962,0.2081037163734436,0.00876581110060215,0.3529297411441803,0.36201903223991394,0.0058920495212078094,0.05239395797252655,0.05465123429894447,0.1319824904203415,0.1018703356385231,0.05165219306945801,0.14030610024929047,0.00021235657914076,0.00025302270660176873,0.005187795963138342,0.0003022213059011847,0.0011198981665074825,0.0041717952117323875,0.0002323024527868256,0.00013456761371344328,0.00023559023975394666,0.07472822815179825,0.003931656014174223,0.0011908364249393344,0.0032325994689017534,0.0015537544386461377,0.00030349145526997745,0.8643763661384583,0.0007393626146949828,0.0005685460637323558,0.0011627747444435954,0.00032245373586192727,0.002404493745416403,0.00021647263201884925,9.285124542657286e-05,0.0009670398430898786,0.0038574610371142626,0.0004313096287660301,0.00018351282051298767,5.952164428890683e-06,2.1774891934001062e-07
sasirma,2.0245819598585513e-07,4.5537188270827755e-05,3.8087124266894534e-05,0.9494563937187195,0.8834642767906189,0.7205603122711182,8.653578333905898e-06,4.100257058325951e-07,6.99926545166818e-07,0.01722455769777298,0.008032712154090405,0.2548573315143585,0.25831615924835205,0.007780978921800852,0.3489268124103546,0.3633415699005127,0.0066253868862986565,0.04229377955198288,0.0400012843310833,0.12156004458665848,0.08622285723686218,0.057194143533706665,0.13354408740997314,0.00018240699137095362,0.00024429894983768463,0.004264316521584988,0.0002592066884972155,0.0010733993258327246,0.004159766249358654,0.00024524552281945944,0.00010014724102802575,0.00017549574840813875,0.07321807742118835,0.0037219193764030933,0.0008714320720173419,0.0024779897648841143,0.0014002115931361914,0.0002920530969277024,0.8909578323364258,0.0009730207966640592,0.0004768319195136428,0.0009247515699826181,0.00040584796806797385,0.002784509677439928,0.0002356282202526927,0.00010472795838722959,0.0007603999110870063,0.0035461392253637314,0.0005460396059788764,0.00023545842850580812,6.0484971982077695e-06,2.1220877499672497e-07
sasirma,2.0057674987583596e-07,4.462691504159011e-05,5.068370228400454e-05,0.9297956228256226,0.8630989789962769,0.6833922863006592,1.0663653483788949e-05,3.447258904998307e-07,8.025398869904166e-07,0.022749196738004684,0.009901504032313824,0.21568545699119568,0.2170633226633072,0.00682338560000062,0.39688611030578613,0.40932804346084595,0.0048215859569609165,0.05027834698557854,0.04881279170513153,0.16547229886054993,0.09821248054504395,0.047212161123752594,0.10641459375619888,0.00021440553246065974,0.00030822964617982507,0.005693946499377489,0.000310257455566898,0.001369487727060914,0.006758535280823708,0.00029394676676020026,4.6378019760595635e-05,8.75454061315395e-05,0.07402972131967545,0.0032610853668302298,0.0011843498796224594,0.004015055485069752,0.0019436670700088143,0.0003339591494295746,0.8864132165908813,0.0011211379896849394,0.0006371846538968384,0.0015240265056490898,0.0002859006344806403,0.0017747289966791868,0.00017719702736940235,7.66975645092316e-05,0.0004476562316995114,0.002865466522052884,0.0002852613397408277,0.0001235144300153479,6.051128366379999e-06,1.9844803489377227e-07
sasirma,1.9422849106831563e-07,2.924193540820852e-05,2.0388195480336435e-05,0.9615475535392761,0.8613013029098511,0.7292455434799194,1.1813630408141762e-05,5.238130142970476e-07,6.377184149641835e-07,0.03563545644283295,0.013525892049074173,0.25709471106529236,0.25966671109199524,0.02765154466032982,0.1416945606470108,0.14276009798049927,0.026348678395152092,0.043902769684791565,0.04205666109919548,0.21118289232254028,0.1179487556219101,0.03060992620885372,0.09347112476825714,0.000238005566643551,0.000350987451383844,0.007910557091236115,0.00034407127532176673,0.0015272967284545302,0.004048981238156557,0.0003065798955503851,8.514426008332521e-05,0.00015158441965468228,0.07294917851686478,0.00282341823913157,0.002021932741627097,0.0046121045015752316,0.0016743952874094248,0.0004071414878126234,0.8452931046485901,0.0010329580400139093,0.0007537424098700285,0.001683383947238326,0.00026999221881851554,0.0021610732655972242,0.00016807179781608284,8.697059092810377e-05,0.0006997237796895206,0.0033083457965403795,0.00036529148928821087,0.00018563047342468053,5.149557637196267e-06,2.286056002276382e-07
sasirma,2.04946715598453e-07,2.9114828066667542e-05,1.668442018853966e-05,0.9661340713500977,0.8927403092384338,0.7998421788215637,9.743500413605943e-06,5.498188784258673e-07,5.92240439800662e-07,0.02799151837825775,0.011172293685376644,0.2779756188392639,0.2864316403865814,0.020336225628852844,0.1653396636247635,0.17063789069652557,0.024780336767435074,0.04059272259473801,0.03832433000206947,0.16766825318336487,0.09731869399547577,0.0370841883122921,0.116139717400074,0.00020179378043394536,0.00018214975716546178,0.004160445649176836,0.000307475624140352,0.0010021791094914079,0.002890280680730939,0.00025755760725587606,0.00014954408106859773,0.0002546045870985836,0.06409776210784912,0.0026786918751895428,0.0011073104105889797,0.0027002361603081226,0.0015127584338188171,0.00038322273758240044,0.865990400314331,0.0011932445922866464,0.00047750756493769586,0.0008385792025364935,0.0004183644778095186,0.0031921928748488426,0.00027835427317768335,0.00014390375872608274,0.0010583446128293872,0.005042492877691984,0.0006028144271112978,0.00031898333691060543,6.038364972482668e-06,2.418391034098022e-07
sasirma,1.8719217109719466e-07,3.198351987521164e-05,2.422236320853699e-05,0.9645559787750244,0.8504528999328613,0.7117659449577332,8.216130481741857e-06,5.611397000393481e-07,5.993655918246077e-07,0.020372480154037476,0.009666330181062222,0.2720542252063751,0.27951398491859436,0.03590650483965874,0.1230238527059555,0.11949516087770462,0.02736724354326725,0.04326455295085907,0.03869751840829849,0.16314245760440826,0.09031148254871368,0.047292158007621765,0.13513121008872986,0.00019006271031685174,0.00017713540000841022,0.004271202255040407,0.0003266042040195316,0.000988814514130354,0.002530155936256051,0.00036281190114095807,0.0001520963996881619,0.0002511295606382191,0.08094947785139084,0.0018503351602703333,0.001352779334411025,0.0028916907031089067,0.0012771588517352939,0.0004662312276195735,0.873241662979126,0.0016321553848683834,0.00055386294843629,0.0008892309851944447,0.00037253863411024213,0.0025270048063248396,0.0002412521280348301,0.00015071679081302136,0.0008882711408659816,0.005189232993870974,0.0004939429345540702,0.0003106037329416722,5.2392629186215345e-06,2.0267088984837756e-07
sasirma,1.8996873052401497e-07,6.130681867944077e-05,7.196195656433702e-05,0.915719211101532,0.8070718050003052,0.6211000680923462,9.883430720947217e-06,4.0415807234239765e-07,6.448524345614715e-07,0.02992989867925644,0.010989782400429249,0.24269498884677887,0.23296727240085602,0.02166326530277729,0.17587865889072418,0.1766786128282547,0.01940029487013817,0.046262629330158234,0.051024578511714935,0.15536294877529144,0.10628330707550049,0.03344482555985451,0.10789812356233597,0.00025018915766850114,0.00019824430637527257,0.0026980889961123466,0.00017176025721710175,0.0005983011214993894,0.0032861235085874796,0.00018080626614391804,0.00022925301163922995,0.00039086517062969506,0.040457870811223984,0.0032521155662834644,0.0010900278575718403,0.002964352024719119,0.0026775826700031757,0.0004680562997236848,0.7291100025177002,0.0006169390399008989,0.0002989905478898436,0.0005547346663661301,0.0002997666597366333,0.0032853037118911743,0.0007889004773460329,0.0003688149736262858,0.00274072028696537,0.008932468481361866,0.0006371436757035553,0.00029070107848383486,7.424870091199409e-06,2.7288402293379477e-07
sasirma,1.840985675016782e-07,6.924209446879104e-05,8.923558198148385e-05,0.8867906332015991,0.7969767451286316,0.6259527206420898,1.0518453564145602e-05,3.1973399927665014e-07,6.263871910050511e-07,0.03701437637209892,0.008065023459494114,0.25377798080444336,0.2351682335138321,0.023487191647291183,0.15199792385101318,0.14804185926914215,0.02673575095832348,0.0427553653717041,0.04925132170319557,0.16990117728710175,0.09658333659172058,0.02698487602174282,0.12079016119241714,0.00025318414554931223,0.00022537379118148237,0.0020476612262427807,0.00014285293582361192,0.0003221329825464636,0.0039724018424749374,0.00016379986482206732,0.0001943194802151993,0.00033854474895633757,0.027696864679455757,0.005287502892315388,0.0012144685024395585,0.00303910905495286,0.0033955955877900124,0.0005518418038263917,0.6191206574440002,0.0003752063785213977,0.00026295988936908543,0.0006090027745813131,0.0003060799208469689,0.00482950871810317,0.0008478944073431194,0.00038000388303771615,0.002688285894691944,0.008148039691150188,0.0008174558752216399,0.0003653078165370971,8.949727089202497e-06,3.0437158216045646e-07
sasirma,2.868420381219039e-07,2.2155358237796463e-05,1.3510119060811121e-05,0.96644127368927,0.8772424459457397,0.7723225951194763,1.5079138393048197e-05,7.068613285809988e-07,1.1348522548360052e-06,0.024119369685649872,0.006418285425752401,0.29410213232040405,0.29355669021606445,0.02169523760676384,0.16198775172233582,0.1621047854423523,0.02312917821109295,0.035837721079587936,0.03523705527186394,0.12664170563220978,0.06444751471281052,0.03876374661922455,0.15975850820541382,0.0003010107029695064,0.0002563398447819054,0.009622194804251194,0.0003977084707003087,0.0010079174535349011,0.007101543713361025,0.00021536584245041013,0.0001716577826300636,0.0003356493543833494,0.10534438490867615,0.004153359681367874,0.0027660366613417864,0.007781692314893007,0.003266772488132119,0.0004477535549085587,0.6700634956359863,0.00048818415962159634,0.0007327750790864229,0.0019928840920329094,0.0003003654128406197,0.004475782159715891,0.0004396349540911615,0.00017933807976078242,0.0013016522862017155,0.005864769220352173,0.00196350971236825,0.0007894915761426091,5.894197784073185e-06,3.526908756157354e-07
sasirma,2.7698050075741776e-07,1.5196939784800634e-05,1.5381103366962634e-05,0.9728224873542786,0.8659549951553345,0.7108689546585083,3.670535807032138e-05,1.1357564062564052e-06,1.6992640894386568e-06,0.01572246290743351,0.0034193352330476046,0.35012730956077576,0.3363598883152008,0.03125368431210518,0.1404554396867752,0.13763900101184845,0.02312077395617962,0.02966298721730709,0.02810181863605976,0.09522311389446259,0.0579126738011837,0.054991986602544785,0.24645856022834778,0.0003688409924507141,0.0005796487093903124,0.1886240392923355,0.0038937628269195557,0.005038542207330465,0.021182607859373093,0.0009277517674490809,2.305447924300097e-05,4.33496170444414e-05,0.2708764374256134,0.0015824076253920794,0.013956235721707344,0.04679170623421669,0.0029744103085249662,0.0003801737038884312,0.6463315486907959,0.0015708819264546037,0.00226501259021461,0.010218479670584202,0.00014409419964067638,0.002124696271494031,0.00017810193821787834,7.729589560767636e-05,0.00021241288050077856,0.0011243594344705343,0.0024900687858462334,0.0009476370760239661,2.4164967271644855e-06,3.93311722746148e-07
sasirma,3.2220330581367307e-07,3.2795862352941185e-05,4.254079976817593e-05,0.9289932250976562,0.7935397624969482,0.5045602321624756,6.763938290532678e-05,1.1015796417268575e-06,1.6210794910875848e-06,0.021710088476538658,0.0069256615824997425,0.18330112099647522,0.17721432447433472,0.008789953775703907,0.37488195300102234,0.3749227821826935,0.005186743102967739,0.06116363778710365,0.05805382877588272,0.16594712436199188,0.09340817481279373,0.039078857749700546,0.12769261002540588,0.0003655586624518037,0.0007170796161517501,0.4513806700706482,0.013050328008830547,0.006356112193316221,0.04731187969446182,0.0018288159044459462,1.851496745075565e-05,3.714683043654077e-05,0.14829657971858978,0.00054977647960186,0.028654402121901512,0.10838929563760757,0.00499242078512907,0.00054548354819417,0.5430026650428772,0.003201758489012718,0.002481390256434679,0.008699952624738216,0.0002255739236716181,0.0021326360292732716,0.00015959433221723884,7.13733970769681e-05,0.00013868318637833,0.001019763178192079,0.001773762865923345,0.000568377785384655,3.867597115458921e-06,5.091113166599825e-07
sasirma,2.7264078994448937e-07,1.8910948710981756e-05,2.5470701075391844e-05,0.9440107941627502,0.8679307103157043,0.6082994341850281,5.9736437833635136e-05,1.1481070032459684e-06,1.63398385666369e-06,0.02915782853960991,0.005274427589029074,0.22460415959358215,0.20002034306526184,0.009310455992817879,0.3825695812702179,0.3757420480251312,0.004676880780607462,0.04909574240446091,0.05437995865941048,0.15232627093791962,0.09333216398954391,0.031021438539028168,0.16573111712932587,0.0004260829009581357,0.000742176896892488,0.43317079544067383,0.012778186239302158,0.007113792933523655,0.03012547455728054,0.0021643382497131824,1.9628421796369366e-05,4.250102210789919e-05,0.13709430396556854,0.0006687951390631497,0.03197189047932625,0.09393341839313507,0.0038331374526023865,0.000912712886929512,0.40031808614730835,0.0020943316631019115,0.0023530100006610155,0.013400416821241379,0.0001414335856679827,0.0015787865268066525,0.0001944824034580961,0.00011458375229267403,0.00013857400335837156,0.0017127114115282893,0.0010409296955913305,0.0004325527115724981,3.3012775020324625e-06,5.233481488176039e-07
sasirma,2.77520683766852e-07,3.3752476156223565e-05,6.063654291210696e-05,0.9112947583198547,0.8124637603759766,0.4883715808391571,4.3302890844643116e-05,8.444027912446472e-07,1.3699130931854597e-06,0.021687686443328857,0.005136730149388313,0.1820780485868454,0.16077153384685516,0.008538934402167797,0.34189194440841675,0.3421511650085449,0.006477955728769302,0.05905361846089363,0.06688284873962402,0.1277264803647995,0.10498403757810593,0.03710489347577095,0.16343651711940765,0.000356898526661098,0.0011113901855424047,0.3274967670440674,0.00579729164019227,0.008207375183701515,0.021070530638098717,0.0015614279545843601,1.304983288719086e-05,2.7054487873101607e-05,0.14498916268348694,0.0009167796233668923,0.019206855446100235,0.05479029566049576,0.0030658720061182976,0.0007019673357717693,0.5365557074546814,0.0022175582125782967,0.0028144551906734705,0.018137924373149872,0.00012397603131830692,0.0014284151839092374,8.88858558028005e-05,5.125398456584662e-05,0.0001110900120693259,0.0011194517137482762,0.00046758764074184,0.00021291129814926535,2.491614168320666e-06,4.3347756673028925e-07
sasirma,1.5913742856810131e-07,4.5622811740031466e-05,7.48794263927266e-05,0.9359985589981079,0.8976738452911377,0.6670470237731934,7.200833351816982e-06,3.4546505389698723e-07,6.405228418771003e-07,0.026494590565562248,0.009588083252310753,0.24554908275604248,0.21766866743564606,0.00794292613863945,0.3631124496459961,0.3799234628677368,0.005838131532073021,0.043693527579307556,0.050564102828502655,0.11961721628904343,0.130055770277977,0.03745376318693161,0.12629324197769165,0.00017482932889834046,0.00016520639474038035,0.0042786733247339725,0.0004163176054134965,0.0012620824854820967,0.006488724146038294,0.000485614116769284,2.708657666516956e-05,5.4150379583006725e-05,0.0813957005739212,0.0019056567689403892,0.0009497187566012144,0.002735540736466646,0.0012406406458467245,0.00036485903547145426,0.9303082227706909,0.0027500372380018234,0.0005014796042814851,0.0011319401673972607,0.0003080977185163647,0.0015927954809740186,0.00015709572471678257,9.006602340377867e-05,0.00028084294172003865,0.003191519295796752,0.00029304323834367096,0.00014856852067168802,5.32348849446862e-06,1.712528217012732e-07
sasirma,1.7942758745448373e-07,5.438688458525576e-05,6.591428245883435e-05,0.9333471655845642,0.8925772905349731,0.6966938972473145,7.92861101217568e-06,3.9555399666824087e-07,5.590853220382996e-07,0.022452063858509064,0.010820969007909298,0.20303545892238617,0.19175174832344055,0.007905274629592896,0.3473995327949524,0.3588026463985443,0.006971337366849184,0.05422472953796387,0.06072928011417389,0.12134433537721634,0.12794755399227142,0.04254762455821037,0.11156417429447174,0.0001772861141944304,0.00015630664711352438,0.0031040627509355545,0.0003042682074010372,0.0009184079826809466,0.004148540087044239,0.0003596622555050999,7.275825191754848e-05,0.0001282284501940012,0.05718313530087471,0.0021703699603676796,0.000797414977569133,0.0021389592438936234,0.001546130166389048,0.00041720079025253654,0.9065769910812378,0.0017975654918700457,0.00044346076902002096,0.0005997407715767622,0.00043339861440472305,0.002333932090550661,0.0002640585007611662,0.00013831474643666297,0.000702765304595232,0.004223501309752464,0.0003339661343488842,0.00016568122373428196,6.236462468223181e-06,1.974652121816689e-07
sinirli,1.7688590503439627e-07,0.00019019466708414257,7.437812746502459e-05,0.8525462746620178,0.6884727478027344,0.6018360257148743,8.716468983038794e-06,2.8351888659017277e-07,2.678166026726103e-07,0.11798001080751419,0.05651145055890083,0.22155551612377167,0.22079816460609436,0.019853392615914345,0.19353239238262177,0.19791240990161896,0.017902959138154984,0.046179067343473434,0.048857275396585464,0.2934740483760834,0.24490684270858765,0.00842309184372425,0.021012665703892708,0.00019233109196648002,0.00034620409132912755,0.002195296809077263,0.00010723670857260004,0.0004346343921497464,0.005868837703019381,0.00021956489945296198,0.0001180130202556029,0.00020021152158733457,0.028624601662158966,0.0034844952169805765,0.0009120373870246112,0.001990546938031912,0.0029561836272478104,0.00038627730100415647,0.7845549583435059,0.0006955521530471742,0.00032921641832217574,0.00048113649245351553,0.0005240516038611531,0.0040619042702019215,0.00047805137000977993,0.0001739505387376994,0.0015980021562427282,0.0029139278922230005,0.0005767601542174816,0.00022031668049748987,9.0351413746248e-06,2.3188252384898078e-07
sinirli,7.436977966790437e-07,0.3966256380081177,0.24504497647285461,0.004081149119883776,0.005307450424879789,0.016658656299114227,1.3675654372491408e-05,8.66432330326461e-08,2.1428166974146734e-07,0.3220406174659729,0.1501738429069519,0.174825057387352,0.17598584294319153,0.026080915704369545,0.06285596638917923,0.16195714473724365,0.08061983436346054,0.05324825644493103,0.050706539303064346,0.46318572759628296,0.3952310383319855,0.001863059471361339,0.0025303701404482126,0.0001787312066880986,0.00032968376763164997,0.0009571024565957487,2.283636058564298e-05,0.00026402834919281304,0.01700255461037159,0.0007809273083694279,0.00031454834970645607,0.0005570315406657755,0.002256209496408701,0.008425823412835598,0.00031176608172245324,0.0004878701292909682,0.020259717479348183,0.007019448094069958,0.033682409673929214,6.186013342812657e-05,0.0009650615393184125,0.00045804932597093284,0.0017009692965075374,0.006796092260628939,0.014946053735911846,0.011083103716373444,0.0050264871679246426,0.01931096240878105,0.0004871315322816372,0.0003008993808180094,1.5751802493468858e-06,7.317518111449317e-07
sinirli,1.0850360467884457e-06,0.5569533109664917,0.40989920496940613,0.0015682873781770468,0.0026698086876422167,0.007233839016407728,1.497319681220688e-05,1.1181861481190936e-07,3.130815571239509e-07,0.406948447227478,0.18192973732948303,0.2156473696231842,0.19781765341758728,0.006302017252892256,0.11578381061553955,0.37946808338165283,0.059830158948898315,0.04000253975391388,0.04304105415940285,0.4067270755767822,0.41707801818847656,0.0012327720178291202,0.00201285514049232,0.00018829733016900718,0.00037150122807361186,0.0008134541567414999,2.2420617824536748e-05,0.00023366168898064643,0.02071387507021427,0.0008162062731571496,0.00044363480992615223,0.0008342033834196627,0.001667901175096631,0.005967282224446535,0.00018379474931862205,0.0003631295985542238,0.027611320838332176,0.007905003614723682,0.028268298134207726,8.962420542957261e-05,0.0011327145621180534,0.00047735104453749955,0.00394570454955101,0.011344775557518005,0.022098960354924202,0.014676268212497234,0.005789239425212145,0.02735569141805172,0.0007484066300094128,0.00047154733329080045,1.549505668663187e-06,9.95510504253616e-07
sinirli,1.178692059511377e-06,0.5370117425918579,0.37373295426368713,0.00199875864200294,0.0032322725746780634,0.009205898270010948,1.3907700122217648e-05,1.1980756653429125e-07,3.3306670843558095e-07,0.3881874680519104,0.16985851526260376,0.227256640791893,0.19948747754096985,0.006540587171912193,0.12622740864753723,0.36532068252563477,0.05443791300058365,0.037747275084257126,0.04347210377454758,0.37920093536376953,0.4190499782562256,0.0013177753426134586,0.0023689293302595615,0.00017895273049362004,0.00045429772580973804,0.000529158569406718,1.3033414688834455e-05,0.00014130822091829032,0.02253965474665165,0.0004458424518816173,0.0008554488886147738,0.0016877376474440098,0.001646913238801062,0.011766288429498672,0.0001445366069674492,0.00033481503487564623,0.027098651975393295,0.005132406949996948,0.032860297709703445,4.186500882497057e-05,0.0009222241933457553,0.00030937339761294425,0.006141319405287504,0.016908790916204453,0.02459499053657055,0.011638670228421688,0.008207247592508793,0.028599565848708153,0.0016395497368648648,0.0007701918948441744,2.0594136458385037e-06,1.1002168776030885e-06
sinirli,1.0914873200817965e-06,0.48380154371261597,0.34392473101615906,0.0034083069767802954,0.0043219514191150665,0.00940763857215643,1.3487976502801757e-05,1.119577532904259e-07,3.1147129675446195e-07,0.3671480417251587,0.15683235228061676,0.22692228853702545,0.17980171740055084,0.005563708487898111,0.13470841944217682,0.3920785188674927,0.051605142652988434,0.037423353642225266,0.04894115775823593,0.3477788269519806,0.4281230866909027,0.0014316679444164038,0.0025888648815453053,0.00017717372975312173,0.0003741191467270255,0.00057866086717695,1.5297182471840642e-05,0.00015300800441764295,0.021259315311908722,0.0005434072227217257,0.0005897782393731177,0.0011248767841607332,0.0014902218244969845,0.009252185001969337,0.0001536775380373001,0.00033669915865175426,0.02763454057276249,0.0058195083402097225,0.028072848916053772,5.5323813285212964e-05,0.000882330525200814,0.00037449348019436,0.004962675739079714,0.013392690569162369,0.025620203465223312,0.013462675735354424,0.007514385972172022,0.02617790177464485,0.0013142245588824153,0.000723996723536402,1.9591618638514774e-06,1.0645103429851588e-06
sinirli,8.018865287340304e-07,0.38248977065086365,0.25191688537597656,0.006926451809704304,0.006730495020747185,0.014045225456357002,1.1506410373840481e-05,1.0799141136885737e-07,2.6997295776709507e-07,0.37286901473999023,0.16532862186431885,0.2848193645477295,0.2541888952255249,0.01100892759859562,0.1112096905708313,0.2726989984512329,0.05546519160270691,0.030447794124484062,0.034105487167835236,0.321075439453125,0.4151988625526428,0.0015140078030526638,0.0027924496680498123,0.0001727066992316395,0.00037423602771013975,0.0005351721192710102,1.3253665201773401e-05,0.00014207253116182983,0.012697062455117702,0.00040610224823467433,0.0008232244290411472,0.0014964004512876272,0.0018804273568093777,0.010501081123948097,0.00020058143127243966,0.0003638534981291741,0.01735706254839897,0.004464741330593824,0.03800343722105026,4.679276389651932e-05,0.0006687215645797551,0.0003002852026838809,0.0035128314048051834,0.014733278192579746,0.02036486379802227,0.011397168040275574,0.009284604340791702,0.026103675365447998,0.002106825588271022,0.0011555709643289447,2.253731281598448e-06,1.0273923862769152e-06
sinirli,7.668384682801843e-07,0.3903002142906189,0.2706981897354126,0.005523441359400749,0.006449415348470211,0.013027243316173553,1.1465728675830178e-05,1.0255455862306917e-07,2.549178077515535e-07,0.38502371311187744,0.17337794601917267,0.2882172763347626,0.2573160231113434,0.01240716315805912,0.10326458513736725,0.2569532096385956,0.05869889259338379,0.030448712408542633,0.03355119004845619,0.32863548398017883,0.42255014181137085,0.0014690121170133352,0.0025652633048594,0.00016851452528499067,0.0003408901684451848,0.0005375135224312544,1.4389789612323511e-05,0.0001443403452867642,0.012082687579095364,0.0004921720246784389,0.0007518002530559897,0.0012974482960999012,0.001782828476279974,0.010059869848191738,0.00019970892753917724,0.00034428981598466635,0.01747182197868824,0.005042344331741333,0.0366024412214756,4.904203160549514e-05,0.0006729878950864077,0.0002972465881612152,0.003380023641511798,0.013925689272582531,0.024864735081791878,0.014881589449942112,0.01043007057160139,0.026819845661520958,0.0018229600973427296,0.0011195434490218759,2.0382433376653353e-06,9.317334956904233e-07
sinirli,7.946952678139496e-07,0.3935549557209015,0.26207810640335083,0.0066091567277908325,0.006247534416615963,0.013969279825687408,9.001942089525983e-06,1.1737436977909965e-07,2.3304642127186526e-07,0.38437625765800476,0.15154767036437988,0.2753393054008484,0.23243223130702972,0.014296312816441059,0.07724056392908096,0.24803350865840912,0.07628118991851807,0.03116191364824772,0.03700631856918335,0.309425950050354,0.39664649963378906,0.0015283324755728245,0.0029687692876905203,0.00013055512681603432,0.0003502792969811708,0.00044327485375106335,1.430718202755088e-05,0.00011988894402747974,0.011560243554413319,0.00043130634003318846,0.0009854870149865746,0.001700301538221538,0.0019870297983288765,0.010105101391673088,0.00015124125638976693,0.0002613225660752505,0.014713220298290253,0.003964690491557121,0.05870746821165085,6.185500387800857e-05,0.0007144766277633607,0.00022874210844747722,0.005550198722630739,0.019350895658135414,0.010989590547978878,0.0063948496244847775,0.007151705212891102,0.016941241919994354,0.0019847333896905184,0.0011366511462256312,2.3653587959415745e-06,9.037839276970772e-07
sinirli,8.003913762877346e-07,0.4693012833595276,0.36500468850135803,0.0018940458539873362,0.003485056571662426,0.007624853868037462,1.0412918527435977e-05,7.422120518185693e-08,2.1138144745691534e-07,0.4142836332321167,0.17762428522109985,0.27466973662376404,0.24531853199005127,0.013405883684754372,0.10413715988397598,0.25580665469169617,0.0610392764210701,0.03379329666495323,0.03697993978857994,0.42938655614852905,0.44265252351760864,0.001322518684901297,0.0020888368599116802,0.0001221364946104586,0.0002760373172350228,0.0006945744389668107,2.3230439182952978e-05,0.00024158887390512973,0.03681211918592453,0.0005869677988812327,0.00018121395260095596,0.00034390485961921513,0.0023687907960265875,0.011602732352912426,0.00010234873479930684,0.0002488096652086824,0.019990678876638412,0.0027080108411610126,0.08295439183712006,8.692698611412197e-05,0.000833702040836215,0.00036079395795241,0.004723224323242903,0.014245112426578999,0.010901523754000664,0.005438356660306454,0.0030730110593140125,0.008272579871118069,0.0017690368695184588,0.0008252299157902598,1.4101539136390784e-06,4.985552664038551e-07
sinirli,9.860692671281868e-07,0.4875069856643677,0.3822490870952606,0.0010123116662725806,0.004306076094508171,0.0077018835581839085,1.0306023796147201e-05,1.1081244366550891e-07,1.7924595852036873e-07,0.33683258295059204,0.19351422786712646,0.1689993441104889,0.16427664458751678,0.016212739050388336,0.06546822935342789,0.2330230474472046,0.08885470032691956,0.05390247330069542,0.05295100063085556,0.4925771951675415,0.4053499698638916,0.001499899197369814,0.0016852753469720483,9.536343713989481e-05,0.00039423329872079194,0.0007460571359843016,2.0073968698852696e-05,0.0002180498413508758,0.01692640408873558,0.000672249065246433,0.0005318953189998865,0.0008393666357733309,0.0024474230594933033,0.010050020180642605,0.0001006057282211259,0.0002252732519991696,0.014623982831835747,0.003150607692077756,0.10694536566734314,9.622291690902784e-05,0.0014745410298928618,0.0003143969224765897,0.010643535293638706,0.02756081148982048,0.004476494621485472,0.0024454169906675816,0.0027474991511553526,0.005617247428745031,0.0011238597799092531,0.0007253741496242583,1.445516659259738e-06,5.391005970523111e-07
sinirli,1.58574744091311e-06,0.5154415965080261,0.4289093613624573,0.0005840901285409927,0.005155758000910282,0.008861842565238476,1.380435423925519e-05,1.8036706705970573e-07,2.3857296582718845e-07,0.3116680681705475,0.19003607332706451,0.2070498764514923,0.20812717080116272,0.012912537902593613,0.07740071415901184,0.2605471909046173,0.08110286295413971,0.045722149312496185,0.03979497775435448,0.5322508811950684,0.4230768084526062,0.001705229515209794,0.00187657680362463,0.00010412213305244222,0.0003172395227011293,0.0005101818242110312,1.3180557289160788e-05,0.00015049290959723294,0.00890794675797224,0.0010302362497895956,0.004373135510832071,0.006292668171226978,0.0008690927643328905,0.005315535236150026,9.342347038909793e-05,0.00018887201440520585,0.024096719920635223,0.00912387389689684,0.02650761790573597,8.206719212466851e-05,0.0023638862185180187,0.0001790960959624499,0.030733194202184677,0.03866055607795715,0.015334976837038994,0.010443772189319134,0.009113175794482231,0.020897259935736656,0.0011547616450116038,0.0011436754139140248,1.3743293720835936e-06,9.759763770489371e-07
sinirli,1.8791366755976924e-06,0.44225314259529114,0.39330151677131653,0.0003159362240694463,0.010147463530302048,0.013425353914499283,1.0456064956088085e-05,1.352122893649721e-07,1.5176124179561157e-07,0.3774687647819519,0.2343350052833557,0.26657935976982117,0.24601693451404572,0.009426510892808437,0.12009970843791962,0.27952203154563904,0.05703242868185043,0.036411844193935394,0.032420672476291656,0.5305043458938599,0.44790220260620117,0.0014938662061467767,0.0015193072613328695,4.83653784613125e-05,0.00018660863861441612,0.0001810460671549663,8.779396011959761e-06,3.875841503031552e-05,0.009166096337139606,0.0039944518357515335,0.00549548864364624,0.007455755025148392,0.0004133844340685755,0.0032976835500448942,4.108702705707401e-05,5.5535299907205626e-05,0.018872255459427834,0.013024626299738884,0.017568739131093025,0.00018803052080329508,0.001037796726450324,7.70458354963921e-05,0.24570493400096893,0.15137150883674622,0.03041253425180912,0.02679724618792534,0.009637106209993362,0.019481344148516655,0.016834981739521027,0.022905943915247917,1.7115988839577767e-06,6.440982929234451e-07
sinirli,1.7665184941506595e-06,0.4864426851272583,0.44384241104125977,0.0002231025864602998,0.008500625379383564,0.012087584473192692,1.1397308298910502e-05,1.1766542939994906e-07,1.5276391707175208e-07,0.3772018849849701,0.2562938928604126,0.34551185369491577,0.32577598094940186,0.009007420390844345,0.12876756489276886,0.27535805106163025,0.051194313913583755,0.02480863220989704,0.020522091537714005,0.5431845188140869,0.4334593713283539,0.0014579467242583632,0.0012762121623381972,4.283680027583614e-05,0.0002947445900645107,0.0002421381650492549,7.672177162021399e-06,4.095530675840564e-05,0.009334810078144073,0.005158810876309872,0.006325063295662403,0.007464008871465921,0.0002370326837990433,0.0036734514869749546,4.1947889258153737e-05,5.6175162171712145e-05,0.030329180881381035,0.019932953640818596,0.00808656681329012,0.00014822380035184324,0.0016763410530984402,0.00012412802607286721,0.31298261880874634,0.1386260986328125,0.02526296302676201,0.019297171384096146,0.010980390012264252,0.012210364453494549,0.010286364704370499,0.013158833608031273,1.3335952644411009e-06,6.146503892523469e-07
sinirli,1.580510001986113e-06,0.5257281064987183,0.4735894799232483,0.00018918237765319645,0.007216849830001593,0.010475615039467812,1.3189473065722268e-05,1.278819610206483e-07,1.378787146677496e-07,0.3920067250728607,0.2533159852027893,0.38019245862960815,0.3535686731338501,0.005811055190861225,0.16367113590240479,0.34420689940452576,0.04325481504201889,0.02171103097498417,0.01853173039853573,0.5500136017799377,0.47842642664909363,0.0013808076037093997,0.001340951886959374,5.7309993280796334e-05,0.0002650432288646698,0.0002105294552166015,7.141607966332231e-06,3.7562618672382087e-05,0.007197327446192503,0.005672239698469639,0.007673248648643494,0.008306074887514114,0.0002582426823209971,0.004721874836832285,5.384374162531458e-05,6.397447577910498e-05,0.023490436375141144,0.020086774602532387,0.00907071866095066,0.0001022953656502068,0.0013325810432434082,0.00010114053293364123,0.23793984949588776,0.13153544068336487,0.038304492831230164,0.030870966613292694,0.017180338501930237,0.014428209513425827,0.013422828167676926,0.018736476078629494,1.2945633898198139e-06,6.432217105611926e-07
sinirli,2.146096221622429e-06,0.5163148045539856,0.46876493096351624,0.0001887013640953228,0.007319565396755934,0.01071839313954115,1.5123911907721777e-05,1.5716467771653697e-07,1.8684580993522104e-07,0.41435152292251587,0.2609943449497223,0.3888080418109894,0.3663672208786011,0.005375022999942303,0.13552409410476685,0.3772725760936737,0.05475432425737381,0.021276725456118584,0.017324447631835938,0.583492636680603,0.47293350100517273,0.0013704447774216533,0.0012920900480821729,5.705136209144257e-05,0.00025267433375120163,0.00024128868244588375,8.494374924339354e-06,4.678099139709957e-05,0.01254307758063078,0.0037159279454499483,0.007594400551170111,0.009895900264382362,0.0002583168097771704,0.004241269081830978,4.18773852288723e-05,6.614455196540803e-05,0.03139042854309082,0.015538264065980911,0.00865823682397604,0.00011527296737767756,0.0015375326620414853,0.00011822859960375354,0.28483569622039795,0.1488271951675415,0.042203743010759354,0.02912372536957264,0.014772632159292698,0.019910264760255814,0.017037145793437958,0.01855577901005745,1.3990839988764492e-06,8.714371801943344e-07
sinirli,1.8275892443853081e-06,0.47293519973754883,0.409116268157959,0.00026470128796063364,0.01099548488855362,0.013792560435831547,1.3383014447754249e-05,1.5566909894459968e-07,1.7261457685435744e-07,0.4248809218406677,0.24264070391654968,0.3879067301750183,0.36251136660575867,0.0044119576923549175,0.16133524477481842,0.40790319442749023,0.04788877069950104,0.021200524643063545,0.018557535484433174,0.5492624044418335,0.4742732048034668,0.0013361222809180617,0.0015339355450123549,5.726137533201836e-05,0.000250174110988155,0.00017564087465871125,6.55651138004032e-06,3.7004592741141096e-05,0.010211880318820477,0.0035725943744182587,0.007805279456079006,0.009986460208892822,0.00031939419568516314,0.004391718655824661,3.613572698668577e-05,5.283701830194332e-05,0.02093413472175598,0.011486424133181572,0.014115835539996624,0.00011499695392558351,0.001054516644217074,7.517841731896624e-05,0.27220234274864197,0.16582070291042328,0.05648024007678032,0.04093027859926224,0.019922563806176186,0.023663446307182312,0.02059602551162243,0.025394801050424576,1.5510152024944546e-06,8.156773105838511e-07
sinirli,1.349195372313261e-06,0.49034568667411804,0.4280362129211426,0.0002876737853512168,0.009591769427061081,0.011286812834441662,1.0919747182924766e-05,1.2392629855639825e-07,1.4671964265744464e-07,0.4508354365825653,0.25652459263801575,0.37407299876213074,0.348002165555954,0.007730682846158743,0.1459956020116806,0.3106312155723572,0.048573147505521774,0.02394256182014942,0.02246570959687233,0.5545719861984253,0.4905989468097687,0.001201281207613647,0.001529832137748599,7.62483396101743e-05,0.00018635614833328873,0.0001230124180437997,7.502782864321489e-06,2.8168213248136453e-05,0.009267513640224934,0.002208409598097205,0.003476669080555439,0.004803318064659834,0.0008753408910706639,0.003993440419435501,5.0419766921550035e-05,8.335396705660969e-05,0.012032696977257729,0.005938603542745113,0.04694982245564461,0.0001527571293991059,0.0005166614428162575,5.207398135098629e-05,0.09276124089956284,0.13352367281913757,0.054496604949235916,0.04161481931805611,0.014054102823138237,0.028919348493218422,0.021289711818099022,0.026026254519820213,2.190445229643956e-06,6.543524477820029e-07
sinirli,1.5963855730660725e-06,0.4001201391220093,0.360179603099823,0.0005350752035155892,0.012617252767086029,0.01338117104023695,9.690736078482587e-06,1.339574282610556e-07,1.6298182003993134e-07,0.41444131731987,0.2346646785736084,0.3714444935321808,0.34122738242149353,0.0129935247823596,0.129017636179924,0.21894343197345734,0.04974858835339546,0.024547582492232323,0.022666292265057564,0.4898456335067749,0.4704710841178894,0.0013031456619501114,0.00173303356859833,5.382761810324155e-05,0.00017612923693377525,0.00013416555884759873,7.005989118624711e-06,3.499360173009336e-05,0.007555993273854256,0.0019760439172387123,0.00522801885381341,0.007115702144801617,0.0006939191371202469,0.0044840550981462,4.117037315154448e-05,5.826558845001273e-05,0.012770219705998898,0.0070482296869158745,0.03602371737360954,0.0001425791415385902,0.0006170665728859603,5.703461283701472e-05,0.1494147926568985,0.16687282919883728,0.056648846715688705,0.04617859423160553,0.01860910654067993,0.034344177693128586,0.03066880628466606,0.03917253389954567,2.062186922557885e-06,6.525085041175771e-07
sinirli,5.861047611688264e-07,0.1725737750530243,0.11632046103477478,0.012765675783157349,0.03157394379377365,0.02830861136317253,9.681747542344965e-06,8.48690788757267e-08,2.0263263422748423e-07,0.2585131525993347,0.12836045026779175,0.13208512961864471,0.13164541125297546,0.01633261702954769,0.14250925183296204,0.18125402927398682,0.0349477156996727,0.07223141193389893,0.0788409635424614,0.4801439940929413,0.44684967398643494,0.0024523057509213686,0.0036266602110117674,0.00012446985056158155,0.0003561838821042329,0.002405213424935937,5.399588917498477e-05,0.0007561928941868246,0.012297015637159348,0.0004267619806341827,9.215150203090161e-05,0.00018065996118821204,0.00828346237540245,0.005102175287902355,0.0003668683930300176,0.0007265104213729501,0.008915831334888935,0.0018518506549298763,0.32000038027763367,0.0002184741897508502,0.0011650624219328165,0.0007596886716783047,0.0009640133357606828,0.0036074798554182053,0.0011613804381340742,0.000717397837433964,0.0009908699430525303,0.005086915567517281,0.00011084251309512183,6.727220170432702e-05,1.8108817130269017e-06,4.785883902513888e-07
sinirli,5.940545406701858e-07,0.3154037296772003,0.23455370962619781,0.0028388318605720997,0.011519302614033222,0.016156934201717377,8.529246770194732e-06,7.282104519390487e-08,1.1313431969028898e-07,0.2994486391544342,0.18978217244148254,0.10463502258062363,0.114848293364048,0.014812473207712173,0.0802113488316536,0.2246084362268448,0.06893095374107361,0.08485300838947296,0.07751437276601791,0.529859185218811,0.3891749382019043,0.00186585308983922,0.0017823890084400773,7.544968684669584e-05,0.0004782327450811863,0.0017898192163556814,3.827942055067979e-05,0.0006316807703115046,0.007269061170518398,0.0016331907827407122,7.909142732387409e-05,0.00011429129517637193,0.005024591460824013,0.006915767677128315,0.0001647186145419255,0.0002097036485793069,0.006081467028707266,0.004334676545113325,0.23721055686473846,0.00023035402409732342,0.0014939593384042382,0.0007537557394243777,0.00315107055939734,0.008559195324778557,0.0012600902700796723,0.0012328822631388903,0.0007637827075086534,0.0026995285879820585,0.0001662701106397435,0.0001638031390029937,1.0228825431113364e-06,3.30457140762519e-07
sinirli,9.529851467959816e-07,0.371381014585495,0.30058836936950684,0.0011743566719815135,0.00891509372740984,0.013127131387591362,1.0964357898046728e-05,8.621083935622664e-08,1.454205147410903e-07,0.2792512774467468,0.1934414952993393,0.11095482856035233,0.11813672631978989,0.0164968129247427,0.09335204213857651,0.20703376829624176,0.060380563139915466,0.0878916010260582,0.08111213147640228,0.5455166697502136,0.4134337604045868,0.0020023372489959,0.001749746734276414,8.588721539126709e-05,0.0003719584201462567,0.0012886759359389544,2.642786239448469e-05,0.0004933270392939448,0.011553662829101086,0.0008510860498063266,0.00023111146583687514,0.0003671703452710062,0.004058732185512781,0.007997318170964718,0.00011601002915995196,0.00022006413200870156,0.010261152870953083,0.003433799836784601,0.16157642006874084,0.00013480315101332963,0.0012705583358183503,0.0003959817113354802,0.004954738076776266,0.015005773864686489,0.0038370811380445957,0.002735585905611515,0.0018789708847180009,0.005954683758318424,0.0005112053477205336,0.0004240265698172152,1.2080568012606818e-06,4.25952009663888e-07
sinirli,1.1268330126767978e-06,0.3417995274066925,0.27867797017097473,0.0028177625499665737,0.0072439443320035934,0.007493830285966396,3.276260395068675e-05,1.3963310152576014e-07,4.0085382124743774e-07,0.2365620881319046,0.1620567888021469,0.14569006860256195,0.15569300949573517,0.0028683901764452457,0.4027358889579773,0.3900848627090454,0.011000831611454487,0.0667901411652565,0.06361349672079086,0.5982175469398499,0.43663620948791504,0.00293209170922637,0.0023418015334755182,0.00037783311563543975,0.0013533888850361109,0.040168460458517075,0.00033088409691117704,0.001617135712876916,0.05733342096209526,0.0008781767101027071,1.6078269254649058e-05,3.953428677050397e-05,0.1817437708377838,0.0021251733414828777,0.004290828946977854,0.013426213525235653,0.004891522228717804,0.000522326328791678,0.3588113784790039,0.0003772795316763222,0.0018519316799938679,0.00943623948842287,0.0002159778232453391,0.005810405593365431,0.00043407667544670403,0.00019417984003666788,0.00013454144936986268,0.001218738267198205,0.0016604844713583589,0.0006477109272964299,1.280082983612374e-06,9.568728955855477e-07
sinirli,1.1466034948171e-06,0.28449055552482605,0.21710355579853058,0.004187473561614752,0.009272868745028973,0.011245107278227806,4.107464337721467e-05,1.8585060956866073e-07,3.785733326822083e-07,0.22918738424777985,0.14774520695209503,0.13679254055023193,0.14773036539554596,0.003395432373508811,0.3476569354534149,0.3503701388835907,0.01363660953938961,0.06891424208879471,0.06250757724046707,0.568023145198822,0.4140371084213257,0.0028345307800918818,0.002522802911698818,0.0003202634979970753,0.0025014113634824753,0.08685405552387238,0.0003718645893968642,0.002517005428671837,0.04134393855929375,0.0011457588989287615,1.3461324670061003e-05,2.9025644835201092e-05,0.12528857588768005,0.001707218587398529,0.006216541863977909,0.016010018065571785,0.005749786272644997,0.0008017197833396494,0.23161058127880096,0.0005056457011960447,0.0030315681360661983,0.013768143020570278,0.0003115717845503241,0.009406477212905884,0.00032632940565235913,0.0001574044581502676,0.00011587017070269212,0.0007631544722244143,0.0020717198494821787,0.0009631916182115674,1.110676976168179e-06,1.1276274562987965e-06
sinirli,7.933178949315334e-07,0.3238900899887085,0.22947824001312256,0.003935936372727156,0.01040209922939539,0.011940481141209602,1.8795806681737304e-05,1.0402481365190397e-07,2.1776388337002572e-07,0.2555848956108093,0.16020043194293976,0.10503646731376648,0.11552247405052185,0.0032298092264682055,0.3624536395072937,0.37550434470176697,0.0139186792075634,0.09137076139450073,0.08854823559522629,0.5871798396110535,0.4187439978122711,0.0026949921157211065,0.00241508474573493,0.00023560147383250296,0.0008397410274483263,0.008293920196592808,0.00010477170872036368,0.0008301501511596143,0.01761304959654808,0.00042437779484316707,4.823088602279313e-05,9.06628483789973e-05,0.04907664656639099,0.003745817579329014,0.0012233508750796318,0.003082609036937356,0.005254289135336876,0.0006195599562488496,0.4119425415992737,0.0002808132558129728,0.0009802632266655564,0.0024521297309547663,0.0004923195810988545,0.008186941035091877,0.0005798244383186102,0.0002343160449527204,0.0005366745172068477,0.0014413807075470686,0.0008586616022512317,0.0004384209169074893,1.9082447124674218e-06,6.689339215881773e-07
sinirli,1.5174269947237917e-06,0.34208229184150696,0.2565806210041046,0.0023136737290769815,0.011723168194293976,0.011766637675464153,2.083617619064171e-05,1.0257705440608333e-07,2.6533587060839636e-07,0.2653500437736511,0.18737152218818665,0.0808749794960022,0.08606842160224915,0.0028438009321689606,0.41580018401145935,0.390585333108902,0.011848949827253819,0.11569157242774963,0.10923963040113449,0.560546875,0.4340583384037018,0.0022301755379885435,0.0016151266172528267,0.00023122983111534268,0.0002885712019633502,0.0008933243807405233,2.0946030417690054e-05,0.00020499457605183125,0.015104084275662899,0.0004414291470311582,0.001081622438505292,0.001877331524156034,0.0024305128026753664,0.004480025265365839,0.0003004639293067157,0.0007459053304046392,0.02305380441248417,0.004371888004243374,0.04334498196840286,8.954125951277092e-05,0.00102730852086097,0.00033573308610357344,0.0030164076015353203,0.015174889005720615,0.016716495156288147,0.008966955356299877,0.007586131803691387,0.027036592364311218,0.0007571998867206275,0.000531497469637543,2.9537322916439734e-06,9.309874258178752e-07
sinirli,6.241469350243278e-07,0.16664893925189972,0.1221638098359108,0.012597017921507359,0.02344040386378765,0.017203284427523613,1.1536340025486425e-05,1.0154030150033577e-07,2.0111843923587003e-07,0.4265085756778717,0.3192317485809326,0.45577284693717957,0.4438028633594513,0.0076771024614572525,0.3118957281112671,0.2855808138847351,0.014633763581514359,0.017636340111494064,0.01692957989871502,0.451517790555954,0.4242122173309326,0.0012130511458963156,0.0011797402985394,0.0002108468470396474,0.00019748757767956704,0.00037732740747742355,1.6228403183049522e-05,7.355099660344422e-05,0.008833479136228561,0.0007295784307643771,0.001001392607577145,0.0014993129298090935,0.002680164761841297,0.0023617458064109087,0.00025861075846478343,0.0005245165666565299,0.013411025516688824,0.0039264606311917305,0.061875153332948685,0.00020736637816298753,0.0004634450888261199,0.00018819555407389998,0.0026735730934888124,0.02151353470981121,0.03678489476442337,0.026300465688109398,0.01256601233035326,0.03996367007493973,0.0016212587943300605,0.0015672133304178715,4.134104983677389e-06,7.025641366453783e-07
sinirli,6.072485234653868e-07,0.15764625370502472,0.14592532813549042,0.027054334059357643,0.023276031017303467,0.014511998742818832,1.0461560123076197e-05,9.562382530248215e-08,2.5056152708202717e-07,0.47932878136634827,0.2959533929824829,0.5805418491363525,0.5967075228691101,0.005168783478438854,0.3289295434951782,0.31679674983024597,0.01701725646853447,0.007946510799229145,0.008943742141127586,0.3342195451259613,0.42088058590888977,0.0009317358490079641,0.0013137339847162366,0.0001618853711988777,0.000275653088465333,0.0005299075855873525,1.7797958207665943e-05,0.0001294530666200444,0.019698400050401688,0.0015744967386126518,0.00027223947108723223,0.00040773843647912145,0.0018906145123764873,0.0017648475477471948,0.00019560716464184225,0.0004257101973053068,0.02666201815009117,0.006634226068854332,0.04562343657016754,0.000517707725521177,0.000784494390245527,0.0002750227868091315,0.004240858368575573,0.016787085682153702,0.025447510182857513,0.017742419615387917,0.004074506461620331,0.013861835934221745,0.0012436204124242067,0.0009967358782887459,2.905358542193426e-06,7.558726338174893e-07
sinirli,5.778484251095506e-07,0.21411563456058502,0.14690250158309937,0.016751157119870186,0.01901848055422306,0.015520994551479816,9.221878826792818e-06,7.373257915332943e-08,1.9648408056127664e-07,0.4659710228443146,0.33189263939857483,0.5613861083984375,0.5695140361785889,0.005693349987268448,0.335662841796875,0.30823782086372375,0.015145700424909592,0.009288995526731014,0.00943464133888483,0.355366051197052,0.3785029947757721,0.001009899191558361,0.0009982011979445815,0.0001464206725358963,0.00023762394266668707,0.0004614265635609627,1.787073415471241e-05,0.00010382558684796095,0.0158299021422863,0.0012561329640448093,0.00046221306547522545,0.0007041163626126945,0.0017438866198062897,0.0020788286346942186,0.0001926980185089633,0.0004049687413498759,0.024100402370095253,0.006243809126317501,0.04723178222775459,0.0003715008788276464,0.0007855750154703856,0.0002314018493052572,0.004889434203505516,0.016796989366412163,0.012603046372532845,0.00891968421638012,0.0037151905708014965,0.012219569645822048,0.0010988273425027728,0.000863715133164078,3.2662942430761177e-06,6.008851300975948e-07
sinirli,6.842110451543704e-07,0.13578759133815765,0.09216786175966263,0.031477611511945724,0.03275936841964722,0.021720411255955696,9.250256880477536e-06,1.199713040023198e-07,2.548072188801598e-07,0.4617864787578583,0.26524415612220764,0.5617650747299194,0.5790771245956421,0.005690316669642925,0.3342725932598114,0.30318501591682434,0.015388160943984985,0.008564065210521221,0.010230466723442078,0.318121075630188,0.4329436421394348,0.0009774501668289304,0.0015807412564754486,0.000165356119396165,0.00018779652600642294,0.00047556820209138095,2.1645068045472726e-05,0.00012758278171531856,0.018289491534233093,0.000992042594589293,0.0005097329267300665,0.0008537034154869616,0.002477300353348255,0.001947382465004921,0.00020691823738161474,0.000443219265434891,0.02228114940226078,0.005253157578408718,0.06755008548498154,0.00043949883547611535,0.0007403292693197727,0.00021346722496673465,0.004445989616215229,0.0197474155575037,0.015909310430288315,0.01118563488125801,0.004321637563407421,0.018869368359446526,0.0015096544520929456,0.0011154614621773362,3.788589765463257e-06,7.913789090707724e-07
sinirli,8.101312118924398e-07,0.15005122125148773,0.09044788777828217,0.04433952271938324,0.03314904496073723,0.025513244792819023,1.0423967069073115e-05,1.6629637400455977e-07,2.8257761641725665e-07,0.48062241077423096,0.2563108205795288,0.5545659065246582,0.5759156346321106,0.006511733867228031,0.29264479875564575,0.28136205673217773,0.01968775875866413,0.008818858303129673,0.010341014713048935,0.32269546389579773,0.40402546525001526,0.0009454974206164479,0.0018825936131179333,0.00018151292169932276,0.00017069317982532084,0.0003424709721002728,2.0628165657399222e-05,8.973409421741962e-05,0.01446970459073782,0.0011393384775146842,0.0005250123213045299,0.0008573563536629081,0.003125727642327547,0.0014450661838054657,0.00019733980298042297,0.00037124051596038043,0.016660429537296295,0.00503357732668519,0.1012333482503891,0.000641871418338269,0.000588981609325856,0.00013522298831958324,0.004848250653594732,0.02824375592172146,0.04739869385957718,0.03908936306834221,0.007216426078230143,0.041366253048181534,0.0021158521994948387,0.0017954909708350897,4.502818228502292e-06,1.0234513183604577e-06
sinirli,5.422577942226781e-07,0.10261061787605286,0.0669107511639595,0.026994483545422554,0.04009225219488144,0.030264221131801605,7.50131630411488e-06,9.081985297143547e-08,1.6954861337126204e-07,0.5429774522781372,0.3850412964820862,0.5936106443405151,0.6038793325424194,0.007490968331694603,0.3338697552680969,0.31816384196281433,0.010766975581645966,0.008264098316431046,0.009412139654159546,0.3988005220890045,0.44495436549186707,0.0007255497039295733,0.0008125226595439017,0.00013039536133874208,0.00024092273088172078,0.0005098672700114548,2.0055675122421235e-05,0.00015448045451194048,0.01589847356081009,0.0020453587640076876,0.00026985170552507043,0.0004399873723741621,0.0028596895281225443,0.0008720512269064784,0.00017230813682544976,0.0003248001157771796,0.018203100189566612,0.006580250803381205,0.06899703294038773,0.001219484256580472,0.0005436372593976557,0.00028977790498174727,0.00380207528360188,0.014942052774131298,0.013753777369856834,0.01192295178771019,0.002765702549368143,0.014357799664139748,0.001082253293134272,0.0009797458769753575,3.816611297224881e-06,5.586972520177369e-07
sinirli,4.040254850679048e-07,0.18218153715133667,0.1200503408908844,0.014862888492643833,0.02135765738785267,0.0185496024787426,7.064076271490194e-06,6.769914762116969e-08,1.152389117464736e-07,0.5341185331344604,0.3744519054889679,0.6138216853141785,0.6276620626449585,0.012258763425052166,0.22322265803813934,0.2196076512336731,0.02322492189705372,0.007532943040132523,0.00840471126139164,0.376111775636673,0.4380876421928406,0.0007500119972974062,0.0008671352989040315,0.00011816154437838122,0.00024264128296636045,0.0004647574678529054,1.8499982616049238e-05,0.0001402239577146247,0.01148540060967207,0.0024886419996619225,0.00016678347310516983,0.00023043858527671546,0.0030271699652075768,0.0011475600767880678,0.0001568424777360633,0.0002484277938492596,0.014913585036993027,0.0061919535510241985,0.08160953968763351,0.0010165839921683073,0.00041079233051277697,0.00024109483638312668,0.003351291175931692,0.014131976291537285,0.01735195517539978,0.015352354384958744,0.003406766802072525,0.008584064431488514,0.0009577779565006495,0.0010556947672739625,2.5644401375757298e-06,4.272600335752941e-07
sinirli,6.142870461189887e-07,0.29703179001808167,0.23281599581241608,0.00613568676635623,0.010765249840915203,0.009908345527946949,9.352773304271977e-06,7.656161216118562e-08,1.316043238830389e-07,0.40277543663978577,0.2668185234069824,0.4423930048942566,0.4371793568134308,0.0475977398455143,0.06169392541050911,0.09526718407869339,0.07542017102241516,0.01750698871910572,0.0167483389377594,0.4649433493614197,0.4769405424594879,0.0013066704850643873,0.0011698829475790262,0.00010825540812220424,0.00024087012570817024,0.0009019338176585734,2.5537514375173487e-05,0.000265049806330353,0.011276479810476303,0.0011382298544049263,0.00037463221815414727,0.000533955346327275,0.0020792698487639427,0.0029079655651003122,0.00020144756126683205,0.00034924590727314353,0.019580278545618057,0.006763155106455088,0.05088958144187927,0.00025910415570251644,0.0009638122282922268,0.00039569922955706716,0.0032120596151798964,0.010939075611531734,0.00855873804539442,0.006783818360418081,0.0038124523125588894,0.009111194871366024,0.000549331190995872,0.0005266316584311426,1.4868306834614486e-06,5.32479134562891e-07
sinirli,1.722852971397515e-06,0.2761865556240082,0.16539734601974487,0.01339054200798273,0.014105898328125477,0.01683490164577961,1.3067004147160333e-05,2.708515864924266e-07,3.677129996049189e-07,0.31623196601867676,0.14909927546977997,0.12984447181224823,0.12240800261497498,0.009808112867176533,0.12097630649805069,0.2824321687221527,0.052824631333351135,0.07079015672206879,0.0771922618150711,0.42116573452949524,0.4229144752025604,0.0017046703724190593,0.0029172103386372328,0.00015786950825713575,0.00020040002709720284,0.00059405347565189,2.562646295700688e-05,0.00018243218073621392,0.015383669175207615,0.0004070180584676564,0.001844919053837657,0.0035569104366004467,0.0023997630923986435,0.00275879492983222,0.0001616674126125872,0.00035342900082468987,0.02497381530702114,0.004569163545966148,0.07421877235174179,0.0002103568840539083,0.0014940497931092978,0.0001539334625704214,0.008405215106904507,0.022723080590367317,0.021017836406826973,0.012650014832615852,0.008813919499516487,0.045259226113557816,0.0007358596776612103,0.0004897051840089262,3.055851493627415e-06,1.353037873741414e-06
sinirli,7.154685022214835e-07,0.24792517721652985,0.14965617656707764,0.011653450317680836,0.01566131040453911,0.020257044583559036,1.13904843601631e-05,1.1156893009456326e-07,1.9394548189666239e-07,0.2971399128437042,0.137902170419693,0.15980757772922516,0.1516885757446289,0.012778506614267826,0.16987235844135284,0.20270025730133057,0.03152775019407272,0.060008224099874496,0.06357164680957794,0.437043696641922,0.4333706498146057,0.0018395405495539308,0.0030251145362854004,0.00017035969358403236,0.000248681113589555,0.0008455502684228122,2.4749750082264654e-05,0.00017968827160075307,0.008449085988104343,0.0005872546462342143,0.000767609104514122,0.0011633725371211767,0.002722094301134348,0.0060051498003304005,0.00036876872763969004,0.0005899828975088894,0.013341248966753483,0.004661696497350931,0.05301075056195259,8.239480666816235e-05,0.0008986549219116569,0.00027962037711404264,0.002171492902562022,0.012084037065505981,0.008244522847235203,0.005713950376957655,0.006071707233786583,0.01356084831058979,0.0006777534144930542,0.0005047577433288097,2.2191268271853914e-06,7.189081543401699e-07
sinirli,8.171987246896606e-07,0.20829467475414276,0.14119942486286163,0.008953024633228779,0.019427360966801643,0.02277492918074131,1.1049804015783593e-05,1.087261480847701e-07,1.6159138738203183e-07,0.27952709794044495,0.1790080964565277,0.10047973692417145,0.10399127006530762,0.010946904309093952,0.1838989108800888,0.21508058905601501,0.0298555176705122,0.09732963144779205,0.09120256453752518,0.4669942259788513,0.3810800313949585,0.002187139820307493,0.00209068413823843,0.0001409444957971573,0.00022680385154671967,0.0006017349660396576,1.7984615624300204e-05,0.00013102454249747097,0.0054577551782131195,0.0006711630849167705,0.0011232926044613123,0.0014978345716372132,0.003155540209263563,0.007488870061933994,0.00027184755890630186,0.0003545629442669451,0.009111708030104637,0.004179137293249369,0.07647468149662018,7.690115307923406e-05,0.0005881480174139142,0.00015092172543518245,0.0033435930963605642,0.023214934393763542,0.014292852953076363,0.0106892641633749,0.010471438989043236,0.016399754211306572,0.0016980640357360244,0.0015917577547952533,2.9089517283864552e-06,6.220647037480376e-07
sinirli,8.907349524633901e-07,0.20196740329265594,0.11844975501298904,0.007767339702695608,0.018066048622131348,0.027726363390684128,1.1326650565024465e-05,1.5778762474383257e-07,1.8562016634859901e-07,0.27575936913490295,0.17115257680416107,0.07834029197692871,0.0783870741724968,0.024923602119088173,0.08834908902645111,0.14803259074687958,0.06055109575390816,0.12848162651062012,0.1271815448999405,0.4692927300930023,0.400812566280365,0.002114774426445365,0.002455670153722167,0.00014191734953783453,0.00017998614930547774,0.000693290785420686,2.8912843845319003e-05,0.00014813055167905986,0.004942507483065128,0.000400123477447778,0.002928747795522213,0.004063057713210583,0.002624324057251215,0.007053577806800604,0.0003212197043467313,0.00047767304931767285,0.010108527727425098,0.0036326127592474222,0.07036587595939636,6.123745697550476e-05,0.0009243124513886869,0.00017624718020670116,0.004006632603704929,0.02036125399172306,0.007966862060129642,0.005427008029073477,0.011738969013094902,0.020781153813004494,0.0011459400411695242,0.0009247366688214242,2.818974280671682e-06,7.230197525132098e-07
sinirli,1.1018370287274593e-06,0.26092901825904846,0.15994688868522644,0.006345854140818119,0.01621668040752411,0.024317951872944832,1.3007400411879644e-05,1.4639873313626595e-07,2.6094707550328167e-07,0.2709744870662689,0.140120267868042,0.09662031382322311,0.09846198558807373,0.008977033197879791,0.1575223058462143,0.26011478900909424,0.0370120033621788,0.09322972595691681,0.08869794011116028,0.4351027309894562,0.38148823380470276,0.00217017182148993,0.002645274857059121,0.00015424465527758002,0.0002772791194729507,0.0010465780505910516,3.1072948331711814e-05,0.00027066926122643054,0.006832371931523085,0.0006535770371556282,0.0011592749506235123,0.001706948154605925,0.0024986916687339544,0.00373725569806993,0.000290682481136173,0.0005282842321321368,0.017472846433520317,0.006106967106461525,0.052820779383182526,0.00013480470806825906,0.0015716134803369641,0.00030228873947635293,0.0037769402842968702,0.013705401681363583,0.006982956547290087,0.00522648636251688,0.005857814569026232,0.016850536689162254,0.0004204204597044736,0.00035576222580857575,2.1479449969774578e-06,8.44542967115558e-07
sinirli,9.099598514694662e-07,0.26027336716651917,0.16017137467861176,0.005322664510458708,0.01418093591928482,0.020256061106920242,1.162920398201095e-05,1.4791439184591582e-07,2.408893635674758e-07,0.23137079179286957,0.09349393844604492,0.09757120162248611,0.09513387084007263,0.007492950651794672,0.19731581211090088,0.2748248279094696,0.029782356694340706,0.09572785347700119,0.09566237032413483,0.46430057287216187,0.3503996729850769,0.002725356025621295,0.004392306786030531,0.00014311267295852304,0.00029543499113060534,0.0008654641569592059,2.728001527430024e-05,0.00020771029812749475,0.005853318143635988,0.0005247621447779238,0.0016127816634252667,0.0020820500794798136,0.0024177362211048603,0.007099691312760115,0.0002470792387612164,0.0004384509811643511,0.013640593737363815,0.004233676940202713,0.07069483399391174,7.539796206401661e-05,0.0014746043598279357,0.0002665022620931268,0.005030311178416014,0.017150934785604477,0.004581754095852375,0.0026312372647225857,0.00738034350797534,0.008074868470430374,0.0005161288427188993,0.0003892476379405707,2.119746568496339e-06,7.165664897001989e-07
sinirli,9.661221156420652e-07,0.24660804867744446,0.14348451793193817,0.005244873929768801,0.015041152946650982,0.02225322835147381,1.3930571185483132e-05,1.9103335091585905e-07,2.5919851509570435e-07,0.24403822422027588,0.12015017867088318,0.07495348900556564,0.07551432400941849,0.008385836146771908,0.13988254964351654,0.2853999733924866,0.04542974755167961,0.11729320138692856,0.11217846721410751,0.466990202665329,0.3799910247325897,0.0022811873350292444,0.0033393611665815115,0.00016992569726426154,0.00028783510788343847,0.0010653029894456267,3.397235559532419e-05,0.00023638542916160077,0.005671220365911722,0.0007165393326431513,0.0021682342048734426,0.0026503370609134436,0.002035132609307766,0.006126952823251486,0.000345132575603202,0.0005580991855822504,0.015689585357904434,0.005552983842790127,0.04555622488260269,7.283002196345478e-05,0.0020233853720128536,0.0003003516758326441,0.004517915192991495,0.015169396996498108,0.0058248951099812984,0.0037133374717086554,0.008924359455704689,0.010558192618191242,0.0003743248526006937,0.0002910374605562538,2.034091494351742e-06,8.589173603468225e-07
sinirli,9.505589559921646e-07,0.2220148742198944,0.12567299604415894,0.007080778945237398,0.025028137490153313,0.033508896827697754,9.971724466595333e-06,1.5573695577586477e-07,1.983067079436296e-07,0.2557111382484436,0.13832257688045502,0.08612371981143951,0.08673804253339767,0.008732182905077934,0.19134987890720367,0.24927039444446564,0.03071972168982029,0.10438966751098633,0.10397463291883469,0.4286125600337982,0.36127036809921265,0.0023737698793411255,0.0027998629957437515,0.00011322930367896333,0.00029836551402695477,0.0010050232522189617,3.0944105674279854e-05,0.0002067236346192658,0.0035512770991772413,0.000456728448625654,0.0017183477757498622,0.0024066988844424486,0.00396118825301528,0.0076737795025110245,0.0002757882175501436,0.00035046550328843296,0.006534046959131956,0.0030948694329708815,0.13315695524215698,7.74449945311062e-05,0.0011492687044665217,0.0002197919529862702,0.0045121051371097565,0.024273838847875595,0.002982997801154852,0.0021446794271469116,0.006153936963528395,0.012231580913066864,0.000882787921000272,0.0007252345676533878,2.742720198511961e-06,6.925550337655295e-07
uyuyor,4.810530072063557e-07,0.013800314627587795,0.02773788571357727,0.1874139904975891,0.10715360194444656,0.035093359649181366,1.075566433428321e-05,2.0336111106189492e-07,1.8568974269328464e-07,0.7112197875976562,0.7174806594848633,0.7959901690483093,0.7714678645133972,0.024786652997136116,0.23747356235980988,0.2280043214559555,0.013560324907302856,0.00407879613339901,0.0027812370099127293,0.5093874335289001,0.5933696031570435,0.00042812922038137913,0.000144193836604245,0.0001261226716451347,0.0002774735330604017,0.000825456460006535,4.481562791625038e-05,0.00020098959794268012,0.0040536061860620975,0.0012356872903183103,0.0015361338155344129,0.0015421354910358787,0.0022601017262786627,0.0019713391084223986,0.0003340390685480088,0.0006261038943193853,0.013921491801738739,0.00475843483582139,0.08245671540498734,0.0005340747302398086,0.0008821249939501286,0.00024277574266307056,0.00416096905246377,0.0245524812489748,0.017436854541301727,0.01286064088344574,0.013919278979301453,0.01793581247329712,0.001252639340236783,0.0013985291589051485,6.443570782721508e-06,4.379590450298565e-07
uyuyor,4.26071068204692e-07,0.004473020788282156,0.007820050232112408,0.37999793887138367,0.15733478963375092,0.058713290840387344,1.3973402928968426e-05,2.8174855515317176e-07,1.7848009292720235e-07,0.7295584678649902,0.7122793197631836,0.7771143317222595,0.7546441555023193,0.023668643087148666,0.2517322599887848,0.2417358011007309,0.012889542616903782,0.004615699406713247,0.0033169530797749758,0.5570908784866333,0.6368946433067322,0.0003880241420120001,0.0001498879719292745,0.0001560034870635718,0.0005155066028237343,0.0015390334883704782,4.071457078680396e-05,0.00036369115696288645,0.0025556061882525682,0.0014350865967571735,0.003069002414122224,0.0027832346968352795,0.0018412232166156173,0.0024040224961936474,0.0006153384456411004,0.0009633256704546511,0.010908365249633789,0.005341305397450924,0.05900871753692627,0.00035602430580183864,0.0013461584458127618,0.00040752842323854566,0.0032442468218505383,0.017289899289608,0.00863100215792656,0.006245459895581007,0.015813788399100304,0.013348369859158993,0.0008041859255172312,0.0009268095018342137,5.642636551783653e-06,4.4901759110871353e-07
uyuyor,4.657659076201526e-07,0.004672900773584843,0.00780790951102972,0.3873422145843506,0.1434430330991745,0.058260612189769745,1.5546893337159418e-05,2.102731997410956e-07,2.8611913194254157e-07,0.731060266494751,0.7159456014633179,0.7651105523109436,0.7419261932373047,0.0239426102489233,0.261343777179718,0.258719801902771,0.011576741933822632,0.004938720725476742,0.003659623907878995,0.5837756395339966,0.6611259579658508,0.00040286986040882766,0.00015151262050494552,0.0001862600474851206,0.0004962073289789259,0.00213439017534256,6.234896864043549e-05,0.0006093070260249078,0.009540517814457417,0.0010872993152588606,0.0006622205255553126,0.0007878427277319133,0.002090029651299119,0.0024246028624475002,0.0006197332986630499,0.0015854230150580406,0.02529069036245346,0.004480342380702496,0.06251306086778641,0.00043564278166741133,0.0016669336473569274,0.0007286950130946934,0.0018014402594417334,0.00608485471457243,0.008561166934669018,0.004562804941087961,0.0072819869965314865,0.012671140022575855,0.0003342681156937033,0.0002304052177350968,5.249265086604282e-06,4.0956768998512416e-07
uyuyor,6.908833825036709e-07,0.014708803035318851,0.017388302832841873,0.2712588906288147,0.07592390477657318,0.044998444616794586,1.6084726667031646e-05,2.0935397060384275e-07,3.333454117182555e-07,0.7193485498428345,0.6259546875953674,0.7273166179656982,0.711530327796936,0.025621501728892326,0.20931831002235413,0.2006354033946991,0.014357921667397022,0.005434657447040081,0.004906608723104,0.6056005954742432,0.6315712928771973,0.00041290296940132976,0.00021993114205542952,0.00021072907838970423,0.00040754416841082275,0.0016047368990257382,4.939178325003013e-05,0.0005073925131000578,0.012888062745332718,0.0010196975199505687,0.0004749398503918201,0.0006676656776107848,0.0030145153868943453,0.0010729546193033457,0.0005535422824323177,0.0015650868881493807,0.031439147889614105,0.005169607698917389,0.06913905590772629,0.0008856537751853466,0.0011426841374486685,0.0006012883968651295,0.0014002902898937464,0.006534291431307793,0.019708292558789253,0.011875828728079796,0.007155308034271002,0.028675278648734093,0.0004221324052195996,0.00026618532137945294,5.454550773720257e-06,6.713727884744003e-07
uyuyor,6.0560023484868e-07,0.008893750607967377,0.008982444182038307,0.32722365856170654,0.11954936385154724,0.061880581080913544,1.560668351885397e-05,1.9080047763964103e-07,3.1003366984805325e-07,0.6922116279602051,0.657177209854126,0.7373299598693848,0.7107124328613281,0.01913429982960224,0.28708145022392273,0.2841015160083771,0.008370223455131054,0.005517126992344856,0.004029969684779644,0.5368629097938538,0.5466586947441101,0.00046509449020959437,0.00018522929167374969,0.00019638346566352993,0.00039087655022740364,0.0014623000752180815,4.497746704146266e-05,0.00043396931141614914,0.008778157643973827,0.0010359963634982705,0.0007151340250857174,0.0008691723342053592,0.0023220928851515055,0.0015328740701079369,0.0004562641552183777,0.0011130026541650295,0.03074188530445099,0.006673560012131929,0.04519527405500412,0.0005582829471677542,0.0011686049401760101,0.0006439939606934786,0.0018555165734142065,0.007112917024642229,0.034811485558748245,0.022110728546977043,0.01476153265684843,0.034919373691082,0.0004403154889587313,0.00036572094541043043,5.633748969557928e-06,5.067639108347066e-07
uyuyor,5.458367695609923e-07,0.00940463412553072,0.009431351907551289,0.3320809006690979,0.11899024993181229,0.06036009639501572,1.3802879948343616e-05,1.9527377048689232e-07,2.7211194719711784e-07,0.693817138671875,0.5981510877609253,0.7287112474441528,0.7171269655227661,0.01376179326325655,0.30909886956214905,0.29487577080726624,0.00946837104856968,0.005013018846511841,0.004542547278106213,0.486472487449646,0.5527283549308777,0.0004210724146105349,0.00026089115999639034,0.00018030150386039168,0.00040335729136131704,0.001344507560133934,3.827675391221419e-05,0.0004323537868913263,0.009854312986135483,0.0009495613048784435,0.000599510152824223,0.0007599486270919442,0.0025783232413232327,0.0012859238777309656,0.00039816336357034743,0.0009833744261413813,0.029035266488790512,0.005060869734734297,0.06527551263570786,0.0007952174637466669,0.0009715003543533385,0.0004939483478665352,0.0020639647264033556,0.008923043496906757,0.02342757023870945,0.013212383724749088,0.010276282206177711,0.02190500684082508,0.0004892241558991373,0.0003720149688888341,5.5209848142112605e-06,5.509788820745598e-07
uyuyor,5.036903871769027e-07,0.008391380310058594,0.011092506349086761,0.34038951992988586,0.08733569830656052,0.049486562609672546,1.4043752344150562e-05,1.7146085440344905e-07,2.7374730393603386e-07,0.7323108911514282,0.6534588932991028,0.7293615341186523,0.713304877281189,0.03268841654062271,0.19391803443431854,0.18090416491031647,0.01623442955315113,0.005331080872565508,0.004844495095312595,0.5441749095916748,0.6360487937927246,0.00036858051316812634,0.00019191416504327208,0.00017728966486174613,0.0005251544062048197,0.0019542628433555365,4.834236824535765e-05,0.0006242763483896852,0.012241004034876823,0.0008022808469831944,0.0005158983985893428,0.0006860949215479195,0.0024245427921414375,0.0036729590501636267,0.000491612940095365,0.0012335964711382985,0.02363874576985836,0.003946100361645222,0.06329825520515442,0.0002787879784591496,0.0012438406702131033,0.0008003420662134886,0.001466425135731697,0.006167477462440729,0.009929802268743515,0.005059484858065844,0.006802016869187355,0.013942422345280647,0.0003774871292989701,0.00021822915005031973,4.64954246126581e-06,4.5206479626358487e-07
uyuyor,2.6658784690880566e-07,0.007385424803942442,0.010255386121571064,0.3398505449295044,0.10534953325986862,0.04151904210448265,1.1301251106488053e-05,9.84019692396032e-08,1.8210512564564851e-07,0.6447168588638306,0.5772848129272461,0.6434517502784729,0.6243119239807129,0.022444870322942734,0.2716454565525055,0.2763473689556122,0.008817631751298904,0.00852946937084198,0.008021318353712559,0.49767279624938965,0.5534987449645996,0.0005419531953521073,0.00028323096921667457,0.00020603803568519652,0.0004444241931196302,0.0017906996654346585,3.922259929822758e-05,0.000506238138768822,0.008222394622862339,0.0010012300917878747,0.0002809626457747072,0.0003538352611940354,0.003147989511489868,0.0033154035918414593,0.0006618186598643661,0.0013730080099776387,0.014929838478565216,0.0036389280576258898,0.07667198032140732,0.00026700811577029526,0.0006251080776564777,0.000647614011541009,0.0005998730775900185,0.0036930390633642673,0.009408121928572655,0.005701448768377304,0.0058869183994829655,0.01296042650938034,0.000330681330524385,0.000229096578550525,4.423021891852841e-06,2.7628928478407033e-07
uyuyor,2.603656525934639e-07,0.00836002267897129,0.011811485514044762,0.3192330598831177,0.11850214004516602,0.04548973962664604,1.1475311112008058e-05,1.2043349784107704e-07,1.3901644990710338e-07,0.693527102470398,0.6399974822998047,0.7073889970779419,0.6940033435821533,0.028469717130064964,0.2204040288925171,0.2135467231273651,0.013422979973256588,0.006110044661909342,0.005799131467938423,0.4909684658050537,0.6639022827148438,0.000439323514001444,0.00020683796901721507,0.0001935284526553005,0.00042968965135514736,0.0018950395751744509,4.52449603471905e-05,0.0005486357840709388,0.004700096324086189,0.0014364375965669751,0.00031940912595018744,0.00034379077260382473,0.003867753781378269,0.002776976441964507,0.0007886791718192399,0.0013238973915576935,0.010386285372078419,0.004052875097841024,0.10375078022480011,0.000367634987924248,0.0005728885880671442,0.0005782562075182796,0.0005550885107368231,0.004286552779376507,0.008315153419971466,0.005786437541246414,0.006670630536973476,0.00975431315600872,0.00032034472678788006,0.00028151716105639935,4.071534476679517e-06,3.034224107523187e-07
uyuyor,5.878058573216549e-07,0.010723455809056759,0.01435920875519514,0.25089457631111145,0.11135239899158478,0.051521867513656616,1.3416006368061062e-05,1.997220095972807e-07,2.427835568141745e-07,0.7143639326095581,0.6540261507034302,0.7329111099243164,0.7124874591827393,0.0336766354739666,0.17333827912807465,0.1580139696598053,0.020629877224564552,0.005686980206519365,0.00487722922116518,0.5512034893035889,0.6440157294273376,0.0004280830908101052,0.00018622010247781873,0.00020575810049194843,0.00037326544406823814,0.0011582522420212626,3.662497329059988e-05,0.00031413324177265167,0.005835439078509808,0.000437538925325498,0.0014877369394525886,0.0021166829392313957,0.003466055728495121,0.003511828603222966,0.000446788442786783,0.0010862206108868122,0.011887921020388603,0.0029113853815943003,0.08372318744659424,0.00019122188678011298,0.0006635879981331527,0.00040866516064852476,0.001476468169130385,0.010804787278175354,0.015675747767090797,0.009612943045794964,0.012814715504646301,0.05281085893511772,0.000832306977827102,0.0005751524586230516,6.1582591115438845e-06,6.311531706160167e-07
uyuyor,5.136781737746787e-07,0.00495349895209074,0.006768523249775171,0.3845292329788208,0.16775813698768616,0.06462199985980988,1.4224519873096142e-05,2.0368933917325194e-07,2.7160817239746393e-07,0.6950052380561829,0.5810790061950684,0.6994572877883911,0.6849755048751831,0.01742631010711193,0.272079199552536,0.2571094334125519,0.012421081773936749,0.005998157896101475,0.0062148128636181355,0.4791378676891327,0.6229580640792847,0.0004131791938561946,0.00029605560121126473,0.00018663462833501399,0.000375524687115103,0.001548267900943756,3.982812268077396e-05,0.0006046903436072171,0.0097759198397398,0.0009856499964371324,0.00033898866968229413,0.00044318570871837437,0.0038784719072282314,0.001978123327717185,0.0003665476688183844,0.0008504950674250722,0.019681548699736595,0.0040230052545666695,0.1072300523519516,0.0006002371083013713,0.0007180551183409989,0.0004470008716452867,0.001407963689416647,0.007543174084275961,0.03892423212528229,0.023303434252738953,0.011824960820376873,0.03049192950129509,0.0005463355337269604,0.00042514773667789996,4.383414761832682e-06,4.561551349979709e-07
uyuyor,3.1423530799656874e-07,0.0024126938078552485,0.003267161548137665,0.46810460090637207,0.25499287247657776,0.1092824935913086,1.4001081581227481e-05,1.5952734599977703e-07,1.575834005507204e-07,0.7149952054023743,0.6960790157318115,0.7754250764846802,0.7519595623016357,0.025225015357136726,0.22355909645557404,0.21517805755138397,0.015870632603764534,0.00479497853666544,0.0032847027759999037,0.5118569135665894,0.5956039428710938,0.0004736612900160253,0.00016098485502880067,0.00019437228911556304,0.0004137595824431628,0.0015964212361723185,4.878040635958314e-05,0.0004819808527827263,0.00522152055054903,0.0016109622083604336,0.0003009151550941169,0.00035006675170734525,0.004720669239759445,0.0029952542390674353,0.0006488770595751703,0.0010411200346425176,0.010011812672019005,0.004862578585743904,0.11429660022258759,0.00047656495007686317,0.0005752333672717214,0.0005003375117667019,0.0009508377988822758,0.006999253295361996,0.011457721702754498,0.009218776598572731,0.006244187708944082,0.013693244196474552,0.0006260205991566181,0.0005828244611620903,5.6248909459100105e-06,3.2144123451871565e-07
uyuyor,3.221762483462953e-07,0.002504612784832716,0.003948790952563286,0.45191794633865356,0.23283417522907257,0.09236472845077515,1.392156718793558e-05,2.3581013408602303e-07,2.0762020369602396e-07,0.727037250995636,0.65367591381073,0.7708211541175842,0.7508634924888611,0.030767163261771202,0.2354724258184433,0.22037982940673828,0.011298814788460732,0.004319543484598398,0.0039050106424838305,0.531836748123169,0.6324866414070129,0.00038696840056218207,0.0002269983378937468,0.00020104383293073624,0.00042564913746900856,0.0017726421356201172,4.3876028939848766e-05,0.0005266140797175467,0.003831160254776478,0.0011053949128836393,0.001093212515115738,0.0011782010551542044,0.0029663159511983395,0.0033758562058210373,0.0006890459335409105,0.0011214439291507006,0.010027955286204815,0.004339195787906647,0.07782203704118729,0.00026924212579615414,0.0007521075895056129,0.000492901133839041,0.0010496225440874696,0.007030874490737915,0.015443921089172363,0.010784991085529327,0.01610911637544632,0.021784787997603416,0.0005961029091849923,0.0005312642315402627,5.267760116112186e-06,3.794035308146704e-07
uyuyor,3.5126393527207256e-07,0.0012344203423708677,0.0022590840235352516,0.5781714916229248,0.2840273082256317,0.09396449476480484,1.4488989108940586e-05,2.545497750361392e-07,2.149542268625737e-07,0.7022454738616943,0.6717935800552368,0.7760916352272034,0.7451951503753662,0.03634664788842201,0.2041080743074417,0.1883312463760376,0.015577701851725578,0.004723737481981516,0.0035426851827651262,0.5226989984512329,0.6470984220504761,0.00046778019168414176,0.00019744501332752407,0.00021663386723957956,0.0003121393674518913,0.0014761709608137608,5.9517918998608366e-05,0.00038738027797080576,0.004839644301682711,0.001143324188888073,0.000804022653028369,0.0009264916880056262,0.003707041498273611,0.004123745020478964,0.0006657689227722585,0.0012318604858592153,0.009608599357306957,0.0042833853513002396,0.08408556878566742,0.00025678376550786197,0.0006836603279225528,0.0004756792914122343,0.0012892474187538028,0.00939730741083622,0.01877950318157673,0.014172798953950405,0.012439819984138012,0.02673172578215599,0.0010984939290210605,0.0009765192517079413,5.872125711903209e-06,3.355957574058266e-07
uyuyor,3.6081132748222444e-07,0.0014877087669447064,0.0023278642911463976,0.5472327470779419,0.2861446142196655,0.10882693529129028,1.5613843061146326e-05,2.288684584073053e-07,1.9237306503328e-07,0.7112910747528076,0.7059011459350586,0.7719223499298096,0.7436636686325073,0.022021755576133728,0.26074662804603577,0.24781006574630737,0.014169508591294289,0.005161437671631575,0.0033729523420333862,0.543820858001709,0.6059533357620239,0.0004830287944059819,0.0001657251559663564,0.00021293970348779112,0.00030019020778127015,0.0012814357178285718,5.525489541469142e-05,0.0003380656416993588,0.004585084039717913,0.001213906449265778,0.0007047195686027408,0.0007658945396542549,0.004248157609254122,0.005476959515362978,0.0005888082669116557,0.0009545138454996049,0.008348246105015278,0.003944747615605593,0.11202915757894516,0.00022435498249251395,0.0005854936316609383,0.00032051667221821845,0.0014451061142608523,0.01136326789855957,0.02522554062306881,0.019276034086942673,0.014951466582715511,0.0250562634319067,0.0012845101300626993,0.0012237909249961376,6.087524070608197e-06,3.244752804221207e-07
uyuyor,4.0289543790095195e-07,0.0006280046072788537,0.0014869914157316089,0.6170139312744141,0.42935097217559814,0.1721028983592987,1.7065336578525603e-05,5.420499746833229e-07,3.446604637247219e-07,0.7471238374710083,0.7149983644485474,0.7730087637901306,0.7564297914505005,0.021945931017398834,0.28125983476638794,0.26596689224243164,0.010740193538367748,0.004515370819717646,0.003800031030550599,0.5314102172851562,0.6319565773010254,0.0003893938846886158,0.00022602584795095026,0.00022128003183752298,0.00033997674472630024,0.0009121191687881947,4.7880126658128574e-05,0.00017999112606048584,0.0029875067993998528,0.0007686448516324162,0.0042625959031283855,0.003909912426024675,0.003322192467749119,0.002479805611073971,0.0007314456161111593,0.0014589708298444748,0.013572059571743011,0.003240769961848855,0.12175961583852768,0.0004164797719568014,0.0007584568811580539,0.00019712786888703704,0.0027576445136219263,0.023825135082006454,0.0363774299621582,0.018995221704244614,0.05855455622076988,0.03328726068139076,0.001801793579943478,0.0017974491929635406,1.1124600860057399e-05,4.7388772372869425e-07
uyuyor,3.4908725865534507e-07,0.0005335657042451203,0.0008613445097580552,0.663067102432251,0.40533649921417236,0.28933197259902954,2.4760041924309917e-05,5.074990099274146e-07,4.862057494392502e-07,0.7554858922958374,0.7883963584899902,0.8034573793411255,0.7911980748176575,0.020410455763339996,0.30271950364112854,0.2930809259414673,0.011447533965110779,0.004223588388413191,0.0028110314160585403,0.5918243527412415,0.5936130285263062,0.00037589058047160506,0.00017001810192596167,0.00028836933779530227,0.0004392734554130584,0.0014906213618814945,8.811333100311458e-05,0.0002882324333768338,0.0034009485971182585,0.0009224311215803027,0.00229665613733232,0.001892565400339663,0.0022563706152141094,0.002920270198956132,0.0010329466313123703,0.002097856253385544,0.020448504015803337,0.0037123619113117456,0.06653013825416565,0.0002971788344439119,0.0011396901682019234,0.00042423722334206104,0.0015445505268871784,0.01048994343727827,0.05147101357579231,0.022731732577085495,0.08283113688230515,0.033717893064022064,0.0006272661266848445,0.0005147716146893799,9.627011422708165e-06,4.7529124458378647e-07
uyuyor,3.0757402669223666e-07,0.0009404876036569476,0.0008683862397447228,0.5757639408111572,0.47110116481781006,0.34717920422554016,1.4974711120885331e-05,5.059786758465634e-07,9.874648867480573e-07,0.7365742921829224,0.5760222673416138,0.6807258725166321,0.6968940496444702,0.013343371450901031,0.34946590662002563,0.3479309678077698,0.010918437503278255,0.004893449600785971,0.007065444253385067,0.4092954397201538,0.469475656747818,0.00030486550531350076,0.0006267608841881156,0.0003590610285755247,0.00022763966990169138,0.0007617282681167126,8.280462498078123e-05,6.396110984496772e-05,0.00891355611383915,0.0005458603263832629,0.0025050428230315447,0.0027827927842736244,0.0024639563634991646,0.0055156368762254715,0.0011321778874844313,0.002779753878712654,0.023687388747930527,0.002766495803371072,0.08602318167686462,0.00011140103015350178,0.0009095311397686601,0.000274397898465395,0.001524824183434248,0.017086805775761604,0.04336981847882271,0.018487215042114258,0.046022962778806686,0.08541258424520493,0.001830318826250732,0.0008630899828858674,1.4689560885017272e-05,6.047114879947912e-07
uyuyor,3.0865831490700657e-07,0.0006152100395411253,0.0004166004655417055,0.6130801439285278,0.37571215629577637,0.55870521068573,1.762911597325001e-05,6.11720622600842e-07,7.762092195662262e-07,0.6529043912887573,0.5792175531387329,0.6880494356155396,0.7045650482177734,0.03099941834807396,0.19856348633766174,0.20161917805671692,0.03004351072013378,0.005880963057279587,0.00675034848973155,0.415481299161911,0.39180973172187805,0.00040777362301014364,0.0008725512307137251,0.0002996066468767822,0.00013835864956490695,0.0005520383128896356,0.0001283022138522938,3.459638901404105e-05,0.007222609128803015,0.0009354469366371632,0.008252718485891819,0.007823117077350616,0.0009706328855827451,0.004192407708615065,0.0010919860797002912,0.0026840397622436285,0.03859582915902138,0.0042760418727993965,0.03563409298658371,0.0001207459790748544,0.0013042720966041088,0.0002688452950678766,0.0037626121193170547,0.022815844044089317,0.029036302119493484,0.012104803696274757,0.05321035906672478,0.04846731573343277,0.0018032952211797237,0.001044006901793182,1.5506808267673478e-05,5.746144324803026e-07
uyuyor,2.983780404974823e-07,0.0012006446486338973,0.0007954858592711389,0.571950376033783,0.10791907459497452,0.4285952150821686,1.004878413368715e-05,3.0031642950234527e-07,4.882321036348003e-07,0.48113295435905457,0.5059075355529785,0.6112231612205505,0.6451976895332336,0.021754032000899315,0.24832509458065033,0.2778664231300354,0.04736797884106636,0.010584237985312939,0.011657746508717537,0.3799648880958557,0.4027434289455414,0.0008281248155981302,0.0013860281324014068,9.432616934645921e-05,0.00026661306037567556,0.0020662446040660143,0.0005181473679840565,0.0003272297326475382,0.007117084227502346,0.0026222553569823503,0.00029765121871605515,0.0003331384214106947,0.0005116579122841358,0.0003216649638488889,0.00024126455537043512,0.0006911276723258197,0.06780451536178589,0.005144297145307064,0.03334728628396988,0.00549766980111599,0.004146897234022617,0.0018770457245409489,0.007349930703639984,0.005529146641492844,0.0013305817265063524,0.0006281120586208999,0.001311423839069903,0.0060445936396718025,6.136272713774815e-05,2.3451873857993633e-05,3.5860900879924884e-06,2.968878902720462e-07
uyuyor,4.1322937249788083e-07,0.0006256021442823112,0.0005948786856606603,0.63755202293396,0.252981573343277,0.4845225214958191,1.438094022887526e-05,3.282875695731491e-07,5.17596902227524e-07,0.43039488792419434,0.5371491312980652,0.535997748374939,0.559749186038971,0.006619708612561226,0.40675482153892517,0.42974817752838135,0.02688068337738514,0.014666148461401463,0.012949335388839245,0.4391609728336334,0.3469961881637573,0.001058426802046597,0.000972780748270452,0.0001221652637468651,0.0001808174856705591,0.0017080104444175959,0.00038744014455005527,0.0002188659564126283,0.004671999718993902,0.0025502867065370083,0.0011397928465157747,0.0012203807709738612,0.0005684249335899949,0.0007614122005179524,0.0003161770000588149,0.00071688526077196,0.03999415412545204,0.007276366930454969,0.026932021602988243,0.0012983198976144195,0.003698404412716627,0.0014857846545055509,0.0077805002219974995,0.011997466906905174,0.0018550767563283443,0.0011515310034155846,0.0026819792110472918,0.012209824286401272,0.00017503048002254218,0.0001172290212707594,4.614362751453882e-06,4.3305195163156895e-07
uyuyor,5.218415708441171e-07,0.0007686562021262944,0.00021847189054824412,0.6859907507896423,0.23928380012512207,0.6395957469940186,1.549453918414656e-05,4.5720040020569286e-07,6.542457526848011e-07,0.44959214329719543,0.4130798280239105,0.48088014125823975,0.5027937293052673,0.005621875636279583,0.44775664806365967,0.4495224356651306,0.021522019058465958,0.01656622253358364,0.01876409351825714,0.34335365891456604,0.4141509532928467,0.0009251243318431079,0.0016544908285140991,0.0001437254686607048,9.78330645011738e-05,0.0019897539168596268,0.00044736170093528926,0.00029792406712658703,0.0062307510524988174,0.002195079578086734,0.0016431689728051424,0.00193629483692348,0.0004418375319801271,0.0009581243502907455,0.00041146366856992245,0.0009563645580783486,0.05578143894672394,0.008446653373539448,0.022408926859498024,0.0009503441397100687,0.004774560686200857,0.0014769377885386348,0.006634575314819813,0.008563332259654999,0.0025525717064738274,0.0015564627246931195,0.0043011317029595375,0.01915654167532921,0.0002011951437452808,0.0001285826729144901,4.085381078766659e-06,4.937244284519693e-07
uyuyor,2.996149817136029e-07,0.0016483282670378685,0.0011864484986290336,0.474148154258728,0.34234824776649475,0.32248005270957947,1.797959157556761e-05,4.358606986443192e-07,9.897851214191178e-07,0.7144564390182495,0.5617450475692749,0.6719270944595337,0.7039716243743896,0.015276499092578888,0.31855109333992004,0.32117289304733276,0.016172396019101143,0.004902462475001812,0.007611904293298721,0.42756518721580505,0.46822476387023926,0.00031263582059182227,0.0006466485210694373,0.0003862222656607628,0.00018630179692991078,0.001248420332558453,0.00010326968913432211,8.868960139807314e-05,0.007319569122046232,0.0007343555917032063,0.005312628578394651,0.005191429518163204,0.0010934585006907582,0.010664166882634163,0.0014970446936786175,0.0034093938302248716,0.030022144317626953,0.004714870359748602,0.02562646009027958,3.403010487090796e-05,0.0018024395685642958,0.0006273118779063225,0.0014081461122259498,0.008916261605918407,0.026218635961413383,0.011196065694093704,0.06115183234214783,0.07970573008060455,0.0008485455182380974,0.00045618045260198414,8.56620681588538e-06,6.450480327657715e-07
uyuyor,5.900822657167737e-07,0.001451940624974668,0.0019329526694491506,0.5608639121055603,0.27560245990753174,0.1697695255279541,1.7456899513490498e-05,4.547075036498427e-07,4.176974073288875e-07,0.7361332774162292,0.6358464360237122,0.7360976934432983,0.7333338260650635,0.018934695050120354,0.2678571343421936,0.2531368136405945,0.01246486883610487,0.004545084200799465,0.004333436954766512,0.5411204099655151,0.6306711435317993,0.0003825040766969323,0.0002623986219987273,0.00021482340525835752,0.0008011539466679096,0.0013552443124353886,2.5445380742894486e-05,0.00026425672695040703,0.0047991895116865635,0.00040237815119326115,0.009020483121275902,0.010458442382514477,0.00209719967097044,0.011571505106985569,0.00069633056409657,0.0016601801617071033,0.01387579832226038,0.003081374103203416,0.0705510601401329,6.180235504871234e-05,0.0016564688412472606,0.0003625840472523123,0.003647073172032833,0.02020876109600067,0.006407563108950853,0.002820599125698209,0.022901510819792747,0.025466512888669968,0.001235499745234847,0.000798726046923548,8.544919182895683e-06,6.73008059948188e-07
uyuyor,1.0220370540992008e-06,0.0009341959375888109,0.000569905387237668,0.5940700769424438,0.37085050344467163,0.1712188720703125,3.9049053157214075e-05,4.562203912428231e-07,4.644826390176604e-07,0.7389665246009827,0.6776866316795349,0.7819341421127319,0.7729625701904297,0.032919056713581085,0.2065967619419098,0.18566320836544037,0.018130889162421227,0.005421914160251617,0.003923539072275162,0.6562546491622925,0.6746946573257446,0.0005364015814848244,0.00017652973474469036,0.000500534544698894,0.0004772909451276064,0.0018819485558196902,5.4148626077221707e-05,0.0005108552868478,0.015416900627315044,0.0007143428665585816,0.0022053951397538185,0.0037198616191744804,0.0011148537741973996,0.00017979521362576634,0.0008179038995876908,0.0030774816405028105,0.06530069559812546,0.004144452046602964,0.010469087399542332,0.0038482556119561195,0.0011459640227258205,0.00287271523848176,0.0019608279690146446,0.00377878500148654,0.03466241806745529,0.011248909868299961,0.03350158780813217,0.14117807149887085,0.0010168836452066898,0.0005217369762249291,1.2954243175045121e-05,1.068598180609115e-06
uyuyor,7.093443628036766e-07,0.0007208738825283945,0.0007193403434939682,0.48897093534469604,0.5065855979919434,0.1553250551223755,3.5436351026874036e-05,2.167411992104462e-07,1.8153603775772353e-07,0.6746937036514282,0.6435837745666504,0.7513604164123535,0.7289068698883057,0.048435259610414505,0.14540459215641022,0.12162119895219803,0.032801829278469086,0.007001975085586309,0.003916740883141756,0.6058365106582642,0.5893442034721375,0.0009595398441888392,0.00011830753646790981,0.000425420148530975,0.0005480085965245962,0.0009752668556757271,1.629019243409857e-05,0.00019994634203612804,0.0075455415062606335,0.0017811370780691504,0.003684847615659237,0.005341720767319202,0.0005922474665567279,0.00031259292154572904,0.0008393425960093737,0.0015320137608796358,0.06606441736221313,0.0196771789342165,0.003784650005400181,0.0012812941567972302,0.0014748607063665986,0.0012969491071999073,0.005072426982223988,0.0040785581804811954,0.047695450484752655,0.02411368116736412,0.04113275557756424,0.1321706622838974,0.0014545408776029944,0.0010998373618349433,8.391843039134983e-06,6.556460903084371e-07
uyuyor,5.475902185025916e-07,0.0015512908576056361,0.002447534818202257,0.42385441064834595,0.38458752632141113,0.12946482002735138,3.183644366799854e-05,1.9336576428941044e-07,1.5837679256947013e-07,0.6340078115463257,0.582084059715271,0.7291967868804932,0.7108891010284424,0.08933290839195251,0.07229647040367126,0.06786695122718811,0.0834977775812149,0.006244717165827751,0.004327553324401379,0.5072040557861328,0.5600709319114685,0.0011280192993581295,0.00013476381718646735,0.000535065250005573,0.0005264762439765036,0.000585719128139317,9.992048944695853e-06,8.837621862767264e-05,0.006126014981418848,0.0012840972049161792,0.004478151910007,0.006884996313601732,0.0009093609405681491,0.00042168397339992225,0.0010974934557452798,0.001781939179636538,0.042290836572647095,0.011139800772070885,0.006070176605135202,0.0007123115938156843,0.0007580994861200452,0.0006729583255946636,0.0029489544685930014,0.004348385147750378,0.040303077548742294,0.018670957535505295,0.05830896273255348,0.20871111750602722,0.0029581254348158836,0.0019606349524110556,9.765930371941067e-06,7.564221391476167e-07
uyuyor,3.619103097207699e-07,0.0007510408177040517,0.0011833186727017164,0.6090365052223206,0.42403027415275574,0.12443536520004272,2.7303985916660167e-05,1.3909310325743718e-07,1.0895762159179867e-07,0.6031852960586548,0.6240754127502441,0.7028701305389404,0.672852098941803,0.055114272981882095,0.12672609090805054,0.11955120414495468,0.05117272958159447,0.009051546454429626,0.005247096531093121,0.48097312450408936,0.5210011005401611,0.0018433444201946259,0.0001176324876723811,0.0005388231365941465,0.0007690067286603153,0.0003859394055325538,6.659151040366851e-06,4.397534576128237e-05,0.004146714229136705,0.0008381658117286861,0.0077621773816645145,0.011535379104316235,0.001017875736579299,0.0005353965680114925,0.0009111679974012077,0.0016419196035712957,0.036424942314624786,0.009259256534278393,0.007487913127988577,0.0004388469969853759,0.0006156335584819317,0.0004720064753200859,0.0035649421624839306,0.005115010775625706,0.034880299121141434,0.014704511500895023,0.07111800462007523,0.14094139635562897,0.002213496947661042,0.001388975535519421,1.1275285942247137e-05,4.823917265639466e-07
uyuyor,3.9110415173126967e-07,0.0007338435389101505,0.00094939349219203,0.5639489889144897,0.4942689538002014,0.12067784368991852,2.7536083507584408e-05,1.8589970807170175e-07,1.1464085503121169e-07,0.6212820410728455,0.6365336179733276,0.7065117359161377,0.6799054741859436,0.03794459253549576,0.1940271407365799,0.18292146921157837,0.02534468099474907,0.009096427820622921,0.005308734718710184,0.5232899188995361,0.5635687708854675,0.0016565847909078002,0.00011343787627993152,0.0006391960778273642,0.0008583414019085467,0.0004553465114440769,7.404370990116149e-06,5.637775029754266e-05,0.002627747133374214,0.0010865186341106892,0.011556423269212246,0.016328129917383194,0.0011018341174349189,0.0004178704402875155,0.0011613507522270083,0.0016795489937067032,0.027014732360839844,0.010190444067120552,0.007533930707722902,0.00047900655772536993,0.000688382307998836,0.0005184143665246665,0.0035647288896143436,0.005673067644238472,0.0311837550252676,0.01528286375105381,0.0989806205034256,0.22560550272464752,0.002459651790559292,0.0017888849833980203,1.2192664144095033e-05,4.906461867904e-07
uyuyor,5.632311967929127e-07,0.0004909809213131666,0.0007407428347505629,0.5464218854904175,0.5285911560058594,0.16630536317825317,3.161109270877205e-05,2.4668068476785265e-07,1.2784757075223752e-07,0.6330533027648926,0.6745281219482422,0.7761320471763611,0.7407034635543823,0.0604860857129097,0.12223127484321594,0.09791232645511627,0.042948465794324875,0.007207593414932489,0.003103055525571108,0.5776076316833496,0.5794155597686768,0.0013510475400835276,9.902261808747426e-05,0.00045680353650823236,0.0005527451867237687,0.0006498698494397104,1.4348228432936594e-05,0.00013603555271402001,0.0031862251926213503,0.0013056602329015732,0.003914196975529194,0.005295516457408667,0.0014521409757435322,0.0004234973748680204,0.0008305865922011435,0.001186862587928772,0.027012424543499947,0.012974079698324203,0.012167831882834435,0.0011685335775837302,0.0007279623532667756,0.0005541478167288005,0.004073744174093008,0.00799536146223545,0.047003671526908875,0.02934079058468342,0.054267384111881256,0.16630865633487701,0.0033248458057641983,0.0027310720179229975,1.1301930499030277e-05,5.795377546746749e-07
uyuyor,5.792344381916337e-07,0.0016176068456843495,0.0015889487694948912,0.5055068135261536,0.30237898230552673,0.15832830965518951,1.8646944226929918e-05,4.172105718680541e-07,2.116150170650144e-07,0.7691594958305359,0.7291551232337952,0.8074276447296143,0.7885461449623108,0.023379884660243988,0.28535741567611694,0.2722451984882355,0.0078010414727032185,0.0038548344746232033,0.002665591659024358,0.5732263326644897,0.6519657373428345,0.00041743431938812137,0.0001374379644403234,0.00024683860829100013,0.0005273831775411963,0.0012374365469440818,2.9820113923051395e-05,0.00030386290745809674,0.0028543146327137947,0.001591531909070909,0.0027892340440303087,0.0033390370663255453,0.003007768653333187,0.0009978970047086477,0.0008263060008175671,0.0012524627381935716,0.012177732773125172,0.007745569571852684,0.052890509366989136,0.0008739291224628687,0.0008430791785940528,0.0004657963872887194,0.0025076521560549736,0.015290974639356136,0.02503935433924198,0.02180437371134758,0.02176058106124401,0.06190399453043938,0.0018678272608667612,0.0020983368158340454,9.963093361875508e-06,6.13846680153074e-07
uyuyor,8.366450856556185e-07,0.0016732924850657582,0.0022370077203959227,0.5384747982025146,0.3104155659675598,0.19279523193836212,2.3650190996704623e-05,5.279525794321671e-07,5.405951810644183e-07,0.7322320938110352,0.7403916120529175,0.7615280151367188,0.7500565648078918,0.015126259997487068,0.3188258111476898,0.3041255474090576,0.008782312273979187,0.004399335943162441,0.0033905000891536474,0.4987761974334717,0.6164954900741577,0.0004378347657620907,0.00016031821724027395,0.00021289850701577961,0.0006203977973200381,0.0012034617830067873,3.637952613644302e-05,0.0003020913864020258,0.007257474586367607,0.0005029794992879033,0.006600887048989534,0.007122510578483343,0.001866302452981472,0.001657147309742868,0.0005152587546035647,0.001813545823097229,0.04418308660387993,0.0033151942770928144,0.07630999386310577,0.0005331403808668256,0.0019456531153991818,0.0003358307294547558,0.003994939383119345,0.01694323495030403,0.026334123685956,0.008677716366946697,0.04200710728764534,0.028458336368203163,0.0008339447667822242,0.0005026937578804791,1.2425233762769494e-05,8.04356602657208e-07
uyuyor,4.440844350028783e-07,0.0007123707327991724,0.0009775798534974456,0.6227502822875977,0.40992218255996704,0.2942439019680023,1.943815550475847e-05,5.475917532749008e-07,7.266675652317645e-07,0.7394922971725464,0.714775800704956,0.7176055908203125,0.7160519361495972,0.02350621297955513,0.25863713026046753,0.2619003355503082,0.017886819317936897,0.0054678115993738174,0.005066600162535906,0.484681099653244,0.49914947152137756,0.00037802031147293746,0.0002596768899820745,0.0002491014020051807,0.0002540338027756661,0.0010602669790387154,9.636772301746532e-05,9.169717668555677e-05,0.00537834782153368,0.0009359385003335774,0.0162410419434309,0.016167981550097466,0.0006893864483572543,0.004712861496955156,0.000993324094451964,0.002346206223592162,0.03571763262152672,0.006286972668021917,0.028189146891236305,0.00011303091741865501,0.002839054446667433,0.00045056763337925076,0.004724699072539806,0.016798896715044975,0.0122103001922369,0.0058382670395076275,0.04388447105884552,0.05142141878604889,0.0008191855158656836,0.0005137838306836784,1.3305131687957328e-05,6.333497708510549e-07
uyuyor,2.882765670619847e-07,0.0042772735469043255,0.0027235718443989754,0.4293515682220459,0.24807208776474,0.24792969226837158,8.31339002616005e-06,3.8688105519213423e-07,4.551318113499292e-07,0.7727699875831604,0.5780764818191528,0.7174181938171387,0.7399388551712036,0.009518424980342388,0.45421749353408813,0.45738908648490906,0.007534669246524572,0.0041791172698140144,0.005267367232590914,0.3681749403476715,0.4537595212459564,0.000321672938298434,0.0005117635009810328,0.0001569750311318785,0.000256301456829533,0.0005960057023912668,5.1440441893646494e-05,5.758884799433872e-05,0.001913338666781783,0.0019625991117209196,0.028189534321427345,0.02276715263724327,0.0004645412554964423,0.0012955509591847658,0.0007220646948553622,0.0006764782010577619,0.015710946172475815,0.008974534459412098,0.019991781562566757,0.0003013765381183475,0.002062857383862138,0.0002146567276213318,0.0068281181156635284,0.021883299574255943,0.01138855330646038,0.01218689326196909,0.06045711413025856,0.06490343064069748,0.0012998044257983565,0.0015202320646494627,7.439279670506949e-06,5.146745820638898e-07
uyuyor,3.4296300555070047e-07,0.006348193623125553,0.0034208304714411497,0.36460599303245544,0.3176911175251007,0.2641941010951996,5.546140982914949e-06,2.8733978751915856e-07,4.801551085620304e-07,0.6157956719398499,0.41341879963874817,0.6966915130615234,0.7204539775848389,0.002884607994928956,0.6425930261611938,0.6439675092697144,0.005753571167588234,0.004780956543982029,0.005298800766468048,0.252750426530838,0.33639970421791077,0.0007673801737837493,0.001467070891521871,0.00010009128891397268,6.71565139782615e-05,0.0002787409466691315,0.0001097589629353024,3.227068009437062e-05,0.003097356529906392,0.001786474254913628,0.02449721284210682,0.02055058255791664,0.0002623753680381924,0.0018783146515488625,0.00018853087385650724,0.00018358913075644523,0.022385988384485245,0.010079823434352875,0.01479635201394558,0.00028241827385500073,0.002019492443650961,0.00015315660857595503,0.024758007377386093,0.030207784846425056,0.015897586941719055,0.01844288967549801,0.04778561741113663,0.06559892743825912,0.001445205183699727,0.0017806206597015262,6.331983968266286e-06,5.525812412088271e-07
uyuyor,2.8637356308536255e-07,0.002800893737003207,0.0012369267642498016,0.44391149282455444,0.2648368179798126,0.32960131764411926,8.214171430154238e-06,3.157432786338177e-07,6.131919576546352e-07,0.6386662721633911,0.33348390460014343,0.7107819318771362,0.7339669466018677,0.014757657423615456,0.3578207790851593,0.3700692653656006,0.00949933473020792,0.004499257076531649,0.006157317664474249,0.2711888253688812,0.48704949021339417,0.0006583993090316653,0.002017999766394496,0.0001539449003757909,0.0003831571957562119,0.0010746045736595988,3.670479782158509e-05,0.0001756564452080056,0.004105727653950453,0.0008315218146890402,0.012841344811022282,0.010916301049292088,0.000454554392490536,0.0028109352570027113,0.0005680894246324897,0.00066454365151003,0.025218065828084946,0.005558118224143982,0.011043121106922626,0.00010990296868840232,0.0023717889562249184,0.00039344746619462967,0.003988402895629406,0.012098641134798527,0.030887290835380554,0.02470526471734047,0.11106240004301071,0.07071404904127121,0.0011715980945155025,0.0013161316746845841,3.1120810035645263e-06,5.011805228605226e-07
uyuyor,2.5744006393324526e-07,0.001367609715089202,0.0008953946526162326,0.6234478950500488,0.3450009226799011,0.354732483625412,1.3174977539165411e-05,2.57475903708837e-07,5.082827101432486e-07,0.7310278415679932,0.5618444681167603,0.7500038146972656,0.7565504908561707,0.0116034634411335,0.3533964157104492,0.34438931941986084,0.010202735662460327,0.0042930785566568375,0.004540327470749617,0.3556946814060211,0.44269251823425293,0.0005128400516696274,0.0006372179486788809,0.00023376110766548663,0.0005173358367756009,0.0009410016937181354,1.853526737249922e-05,0.00020305778889451176,0.002918233862146735,0.0007549803121946752,0.00977196916937828,0.008496077731251717,0.0009230548748746514,0.002631117356941104,0.0006975207361392677,0.0011036425130441785,0.01408670749515295,0.003367929020896554,0.027449002489447594,0.00013451449922285974,0.0009368446189910173,0.000349263078533113,0.002249784767627716,0.007089610677212477,0.028309442102909088,0.016118844971060753,0.13824951648712158,0.07023806869983673,0.0026046407874673605,0.0022076868917793036,5.198896815272747e-06,4.851168569075526e-07
uyuyor,3.837703843601048e-07,0.0010698954574763775,0.0009438431588932872,0.5686749219894409,0.31273898482322693,0.22995878756046295,1.3963531273475382e-05,2.542702759456006e-07,2.497592106465163e-07,0.6912435293197632,0.5295567512512207,0.7302497625350952,0.7170114517211914,0.05213616043329239,0.13966791331768036,0.11603658646345139,0.02992733009159565,0.0062187486328184605,0.006354121956974268,0.4210453927516937,0.5437754988670349,0.0005821410450153053,0.0004514205502346158,0.0002329583076061681,0.0005605202168226242,0.0010406485525891185,9.628490261093248e-06,0.00027156155556440353,0.002042272826656699,0.0012785408180207014,0.012961091473698616,0.014302610419690609,0.0008149623754434288,0.0013545436086133122,0.0005779625498689711,0.0006831405335105956,0.012911383993923664,0.007688459008932114,0.010099050588905811,0.00019693626381922513,0.0008351061260327697,0.0008214100380428135,0.003574574366211891,0.006659283768385649,0.021047165617346764,0.01582508161664009,0.10061568766832352,0.1326713263988495,0.006163144484162331,0.007544016931205988,4.128348791709868e-06,4.672705813391076e-07
uyuyor,3.466320208644902e-07,0.0005362998927012086,0.00040162057848647237,0.6663434505462646,0.5313237905502319,0.3606393337249756,1.964803050213959e-05,1.7968685028790787e-07,1.320908182833591e-07,0.6217800974845886,0.6064757108688354,0.6270016431808472,0.6005383729934692,0.05177314952015877,0.13840410113334656,0.12383662164211273,0.04561581835150719,0.014152792282402515,0.01164105162024498,0.4853741228580475,0.5259271264076233,0.0015884139575064182,0.0002545247261878103,0.00033430857001803815,0.0008552402723580599,0.00048307052929885685,3.0731939659744967e-06,8.860346133587882e-05,0.0011548853944987059,0.0008883692789822817,0.020421477034687996,0.035845473408699036,0.00048261324991472065,0.00026853327290154994,0.000760444556362927,0.0009382604039274156,0.01083614956587553,0.005151279270648956,0.010973027907311916,0.0008477175724692643,0.0005009110900573432,0.0004488745180424303,0.005025134887546301,0.004045899957418442,0.003770699491724372,0.0018310229061171412,0.06379473954439163,0.27856582403182983,0.00881409551948309,0.006774310953915119,1.4445214219449554e-05,3.995576776105736e-07
uyuyor,2.876781479699275e-07,0.0009482350433245301,0.0012711436720564961,0.5960686206817627,0.46331995725631714,0.26343753933906555,1.7373542505083606e-05,1.2166142937530822e-07,8.427272035760325e-08,0.6144794225692749,0.6436206102371216,0.6773866415023804,0.6574057936668396,0.06183547154068947,0.13114264607429504,0.11396778374910355,0.055668674409389496,0.00877631176263094,0.006232008803635836,0.3900161683559418,0.47637584805488586,0.0016222925623878837,0.00013533237506635487,0.0003380769048817456,0.0005709471297450364,0.00020413439779076725,2.027908976742765e-06,3.222068335162476e-05,0.0011181121226400137,0.0016261795535683632,0.015897534787654877,0.020911507308483124,0.0008397186757065356,0.0004533237952273339,0.0005970243364572525,0.0006463998579420149,0.014270802028477192,0.008762028999626637,0.014690279960632324,0.0006884229369461536,0.0003014848625753075,0.00017867345013655722,0.006700951140373945,0.007513581775128841,0.011736313812434673,0.007657513953745365,0.09083778411149979,0.16884364187717438,0.017777414992451668,0.01579022966325283,1.4093959180172533e-05,3.1946393619364244e-07
uyuyor,1.9671995232783956e-07,0.0003806356689892709,0.0005005710409022868,0.7196240425109863,0.5809057950973511,0.21589772403240204,1.644986514293123e-05,1.4656329483386799e-07,6.705288058128644e-08,0.6296379566192627,0.7220273017883301,0.7741518020629883,0.7561860084533691,0.10779105871915817,0.07784300297498703,0.0813538134098053,0.10066772997379303,0.006774693261831999,0.0031510198023170233,0.48810064792633057,0.5817815065383911,0.001897390466183424,8.062517736107111e-05,0.0004029866249766201,0.001391695230267942,0.00019131673616357148,2.011354354181094e-06,1.5502224414376542e-05,0.0011646414641290903,0.000812105368822813,0.024741165339946747,0.029684489592909813,0.0009302535909228027,0.0007400562171824276,0.0006524623604491353,0.000982117373496294,0.018175972625613213,0.009417650289833546,0.015324756503105164,0.00035070712328888476,0.00048801061348058283,0.00022579556389246136,0.00795003492385149,0.009523726999759674,0.010259869508445263,0.005663479212671518,0.11533357203006744,0.13649965822696686,0.0045226747170090675,0.0035599572584033012,1.3288318768900353e-05,2.987752623084816e-07
uyuyor,9.410242114427092e-07,0.0010504223173484206,0.0013281546998769045,0.5172361731529236,0.37851136922836304,0.11501087248325348,3.229044523322955e-05,7.067817477945937e-07,1.700613125876771e-07,0.7134825587272644,0.7118411064147949,0.756650447845459,0.7361042499542236,0.019152771681547165,0.29315927624702454,0.2838971018791199,0.009407850913703442,0.006377134006470442,0.0036142785102128983,0.6273127794265747,0.5933859348297119,0.0007606130675412714,0.00011150296631967649,0.0004846462979912758,0.0004585683054756373,0.001029557315632701,2.5037019440787844e-05,0.00017185413162223995,0.0018590904073789716,0.0008600171422585845,0.038690317422151566,0.05524492636322975,0.0020954012870788574,0.00035866687539964914,0.0012739835074171424,0.0020930215250700712,0.01181531511247158,0.004547917749732733,0.028372254222631454,0.001044012256897986,0.001124718226492405,0.0004596258804667741,0.005630820989608765,0.024356026202440262,0.010247533209621906,0.006594099570065737,0.0529005341231823,0.18039432168006897,0.006828031037002802,0.006725211627781391,1.9783630705205724e-05,9.399273039889522e-07
dogal,4.6617074644927925e-07,0.0009296439820900559,0.001681400230154395,0.533951997756958,0.31847041845321655,0.17439895868301392,1.8924245523521677e-05,4.655967131839134e-07,3.4725636055554787e-07,0.5855362415313721,0.700486421585083,0.744286060333252,0.712731122970581,0.030257966369390488,0.23307909071445465,0.2218034565448761,0.011865481734275818,0.006378376390784979,0.0036874711513519287,0.5278675556182861,0.5571833252906799,0.0007190141477622092,0.0002252747508464381,0.00021615540026687086,0.0004274111124686897,0.001415955019183457,5.28122327523306e-05,0.0003042432654183358,0.0032346267253160477,0.0006542812916450202,0.011526581831276417,0.010798076167702675,0.001714370446279645,0.0026234290562570095,0.0007194980862550437,0.001650181831791997,0.019304918125271797,0.0034270198084414005,0.06855126470327377,0.00022401081514544785,0.0018830802291631699,0.0003505893109831959,0.0028228063602000475,0.010886870324611664,0.013117318041622639,0.005732994060963392,0.04476185888051987,0.02823120355606079,0.00048043415881693363,0.0004025193629786372,9.427269105799496e-06,5.142388772583217e-07
dogal,4.0645056742505403e-07,0.005006183870136738,0.0024218845646828413,0.4072348475456238,0.24992571771144867,0.1856473982334137,1.0631331861077342e-05,1.7556344289459958e-07,2.015446938230525e-07,0.26584377884864807,0.1673625260591507,0.1803313046693802,0.17788603901863098,0.005992497317492962,0.3309696912765503,0.29213058948516846,0.01645127683877945,0.05215766653418541,0.053206972777843475,0.3777243196964264,0.3706514239311218,0.002044501481577754,0.0030490118078887463,0.0001530764566268772,0.00038424518425017595,0.001597962575033307,4.216007801005617e-05,0.00035098157241009176,0.002882295288145542,0.0005612595705315471,0.001144882757216692,0.0013021674240007997,0.0024584014900028706,0.003549067070707679,0.0005988359916955233,0.0007696225657127798,0.011614302173256874,0.004081296268850565,0.08518126606941223,0.00018897702102549374,0.0013524257810786366,0.0004906908725388348,0.0018702595261856914,0.006687783636152744,0.0016902235802263021,0.0010765631450340152,0.006085722707211971,0.007696021813899279,0.0001903768425108865,0.0001573807530803606,3.7434415389725473e-06,4.767234713654034e-07
dogal,4.2309051195843494e-07,0.0029736540745943785,0.0017352631548419595,0.4471372663974762,0.2877543568611145,0.22109773755073547,7.874282346165273e-06,1.9393883121665567e-07,2.2987556747011695e-07,0.2585585117340088,0.14639505743980408,0.18070681393146515,0.17199188470840454,0.01038044597953558,0.24977067112922668,0.2261277735233307,0.019228287041187286,0.05081402510404587,0.05706591531634331,0.35101526975631714,0.37753722071647644,0.002249788958579302,0.003754646750167012,0.0001297385460929945,0.0003104083298239857,0.0011500780237838626,4.200213516014628e-05,0.00025310617638751864,0.003762622829526663,0.00029180815909057856,0.0009265781263820827,0.001441093278117478,0.003919342532753944,0.003933473024517298,0.00044071461888961494,0.0007107558194547892,0.00829865038394928,0.0024618743918836117,0.1652218997478485,0.0002110362984240055,0.0008492463966831565,0.00043851244845427573,0.0020324839279055595,0.009070225991308689,0.001175393583253026,0.0007183512207120657,0.003662471193820238,0.01272228267043829,0.0004090635047759861,0.0002799364738166332,5.677035460394109e-06,4.5706829610026034e-07
dogal,3.5255200714345847e-07,0.002593535464257002,0.002034574979916215,0.4067065715789795,0.3460579812526703,0.21319667994976044,8.789759704086464e-06,1.5979685485945083e-07,1.9817399277144432e-07,0.27411770820617676,0.16271895170211792,0.2627270817756653,0.2517715096473694,0.006990608759224415,0.33211565017700195,0.30198243260383606,0.012540727853775024,0.032344602048397064,0.03339054435491562,0.32091909646987915,0.3504100739955902,0.0021008204203099012,0.0032724968623369932,0.00014900290989317,0.0003331555344630033,0.0010569419246166945,2.7803145712823607e-05,0.00025048915995284915,0.004037099424749613,0.00044575645006261766,0.0006443912861868739,0.0008935920195654035,0.003940219059586525,0.004446734674274921,0.0004304306930862367,0.000628993206191808,0.009315520524978638,0.003090977668762207,0.12244712561368942,0.0002073944779112935,0.0006046168855391443,0.00034691693144850433,0.001769687863998115,0.010118388570845127,0.002699299016967416,0.0016750256763771176,0.004860253538936377,0.010495246388018131,0.0008095298544503748,0.0005741488421335816,5.443191184895113e-06,4.1867292566166725e-07
dogal,4.0238242604573315e-07,0.0032324919011443853,0.001861446537077427,0.436812162399292,0.2877734899520874,0.21420368552207947,1.0029702934843954e-05,1.6152344528563845e-07,2.3818716954338015e-07,0.27203211188316345,0.14379176497459412,0.21363364160060883,0.2053677886724472,0.004637201316654682,0.4126626253128052,0.37721681594848633,0.008438021875917912,0.03958269953727722,0.04151052236557007,0.335904598236084,0.3487047553062439,0.0021153329871594906,0.003603236749768257,0.0001822213234845549,0.0003718348452821374,0.0010379767045378685,2.5730685592861846e-05,0.00023053861514199525,0.0064246621914207935,0.0003962685295846313,0.0005464298301376402,0.0007901904173195362,0.0037026589270681143,0.00522984191775322,0.00047341256868094206,0.0007919004419818521,0.013077134266495705,0.00291881849989295,0.09911590814590454,0.00017537597159389406,0.0006276231724768877,0.00038261860026977956,0.0015208038967102766,0.009188269264996052,0.0036245530936867,0.0019106988329440355,0.005206191446632147,0.010454722680151463,0.0007746480405330658,0.00045238525490276515,6.025772563589271e-06,4.522765379988414e-07
dogal,3.850902317026339e-07,0.002793618245050311,0.0017708264058455825,0.49178916215896606,0.31990835070610046,0.19715087115764618,1.0417060366307851e-05,2.0966386671261716e-07,2.1667568717020913e-07,0.24417102336883545,0.13625897467136383,0.20323318243026733,0.18716123700141907,0.0037981958594173193,0.44295617938041687,0.3992531895637512,0.00848411489278078,0.04519093409180641,0.04933590069413185,0.3265302777290344,0.3672778606414795,0.0023797047324478626,0.004497467540204525,0.00020862890232820064,0.00026898705982603133,0.0009350788895972073,3.497338911984116e-05,0.00020126611343584955,0.004370109643787146,0.0003930817183572799,0.0008024386479519308,0.0010442894417792559,0.00389918708242476,0.003326982958242297,0.0005012131878174841,0.0007542041130363941,0.011982237920165062,0.002700895071029663,0.10514727979898453,0.00025293949875049293,0.0004568778385873884,0.00028258099337108433,0.0013125833356752992,0.01094429288059473,0.006158631760627031,0.0032429900020360947,0.009674012660980225,0.011846710927784443,0.0007625228026881814,0.0004963895189575851,6.396091521310154e-06,5.025891596233123e-07
dogal,3.9365883708342153e-07,0.0018727731658145785,0.0014753114664927125,0.5164766311645508,0.3735823929309845,0.19993625581264496,1.0028134965978097e-05,2.449866087772534e-07,2.2498821294902882e-07,0.24335280060768127,0.13062065839767456,0.2106754183769226,0.18838001787662506,0.003922209143638611,0.45650872588157654,0.4121703803539276,0.007179848849773407,0.04296815022826195,0.04743613675236702,0.29592418670654297,0.3725256323814392,0.0023691796232014894,0.00466518197208643,0.0001977263018488884,0.00024348229635506868,0.0009022515150718391,3.4492157283239067e-05,0.00017247548385057598,0.003950589802116156,0.000413574802223593,0.0014879665104672313,0.001922018127515912,0.003015964524820447,0.0033507526386529207,0.0005385245312936604,0.0007417395245283842,0.011480904184281826,0.0031459478195756674,0.08463766425848007,0.00022479306790046394,0.0005964467418380082,0.0002685166255105287,0.0019221700495108962,0.014434820972383022,0.0050009507685899734,0.0029060859233140945,0.010722571983933449,0.013665451668202877,0.00102307612542063,0.0007471752469427884,6.619060059165349e-06,4.858729312218202e-07
dogal,3.964180450566346e-07,0.0029226066544651985,0.0021562499459832907,0.4578474760055542,0.33961811661720276,0.18143513798713684,1.0635804756020661e-05,2.4000769371923525e-07,2.1102110281390196e-07,0.21202068030834198,0.11161977052688599,0.20028820633888245,0.1803131252527237,0.003734556259587407,0.44931286573410034,0.40255382657051086,0.008106550201773643,0.04575427621603012,0.05171169340610504,0.31384748220443726,0.3968450725078583,0.0027349060401320457,0.005720299202948809,0.00019597139908000827,0.00030635608709417284,0.0010979264043271542,3.1833744287723675e-05,0.0002325537643628195,0.0038993540219962597,0.00038593498175032437,0.001258260221220553,0.001607285114005208,0.003237321274355054,0.002276775659993291,0.000521116191521287,0.0007609156891703606,0.012159805744886398,0.002632739720866084,0.0937643051147461,0.0003205600951332599,0.0006058845319785178,0.00031425157794728875,0.0015130607644096017,0.010894354432821274,0.0043393769301474094,0.002236400032415986,0.010197083465754986,0.01011265441775322,0.0006926222122274339,0.0004803878837265074,5.731822966481559e-06,5.795792503704433e-07
dogal,4.240050088810676e-07,0.0049142660573124886,0.0032947685103863478,0.4135356843471527,0.2686682343482971,0.16448938846588135,8.600488399679307e-06,2.029215409038443e-07,2.2007398570167425e-07,0.21832464635372162,0.10015450417995453,0.17486009001731873,0.16088519990444183,0.003272420959547162,0.4733559489250183,0.42599713802337646,0.006862282287329435,0.04869581758975983,0.055297937244176865,0.3104041814804077,0.344844788312912,0.0027672969736158848,0.005684899631887674,0.00014301855117082596,0.00032367094536311924,0.0011575606185942888,3.9088808989617974e-05,0.00023614596284460276,0.003671734593808651,0.00036491750506684184,0.0009016605908982456,0.0011974381050094962,0.0034997763577848673,0.003301163436844945,0.00042044269503094256,0.0006291469908319414,0.009402476251125336,0.002465637633576989,0.14330007135868073,0.0002732296416070312,0.0008057215600274503,0.00038190471241250634,0.002080031903460622,0.011520948261022568,0.0017488542944192886,0.0009748482843860984,0.005172200035303831,0.007550996262580156,0.0005277341115288436,0.0003680599620565772,5.542408871406224e-06,5.002150373911718e-07
dogal,4.5413460725285404e-07,0.004786818753927946,0.0033386372961103916,0.4271574318408966,0.26818278431892395,0.16147586703300476,8.67110793478787e-06,2.0368253217384336e-07,2.2506182517645357e-07,0.2202981859445572,0.09927214682102203,0.14705325663089752,0.13549549877643585,0.003743775188922882,0.4278748631477356,0.37940600514411926,0.009300087578594685,0.05931040272116661,0.06841351091861725,0.32464006543159485,0.3462394177913666,0.002747186692431569,0.005618722643703222,0.00014445435954257846,0.0003104471252299845,0.001151022152043879,4.107523272978142e-05,0.00024263827071990818,0.0038851872086524963,0.0003428906493354589,0.0008036040235310793,0.0011353347217664123,0.0037623762618750334,0.0029961445834487677,0.00042146857595071197,0.0006326655275188386,0.009379537776112556,0.002433565678074956,0.15441010892391205,0.000308765796944499,0.0008008024888113141,0.0003805995802395046,0.0020653039682656527,0.010894709266722202,0.0016267301980406046,0.0009413384250365198,0.004469313193112612,0.008547578938305378,0.0004931711591780186,0.00033539734431542456,5.594888079940574e-06,5.165426273379126e-07
dogal,4.296876454645826e-07,0.005562521051615477,0.004136346280574799,0.41333019733428955,0.24082233011722565,0.14687922596931458,9.259922080673277e-06,1.7687898434814997e-07,2.4670751486155496e-07,0.20692090690135956,0.08782012015581131,0.14844925701618195,0.13731801509857178,0.0034315697848796844,0.44224706292152405,0.39450615644454956,0.008518544025719166,0.05801237002015114,0.06597103178501129,0.3290834128856659,0.33858567476272583,0.003022805554792285,0.006284512113779783,0.00015388356405310333,0.0003979519533459097,0.0013140648370608687,3.547174856066704e-05,0.00028827477945014834,0.005165222100913525,0.0003435843682382256,0.0005344098317436874,0.0007612159824930131,0.0038527606520801783,0.003443266963586211,0.00043741005356423557,0.0007286174804903567,0.01056691911071539,0.002131886314600706,0.15893882513046265,0.0002892744669225067,0.0008382368250750005,0.0004585469432640821,0.0016338960267603397,0.008256780914962292,0.0015760791720822453,0.0008186071645468473,0.003899463452398777,0.006575742270797491,0.0004234285734128207,0.00025202592951245606,5.161160970601486e-06,5.07083939282893e-07
dogal,2.5522504643049615e-07,0.000868961913511157,0.0008240900933742523,0.553001880645752,0.4536323547363281,0.2388657182455063,1.0066202776215505e-05,1.8347495256421098e-07,2.1838926045347762e-07,0.5751254558563232,0.38659897446632385,0.5961865186691284,0.6028438806533813,0.010957901366055012,0.31162676215171814,0.30135679244995117,0.011203019879758358,0.007453267462551594,0.008588525466620922,0.34370285272598267,0.46339383721351624,0.0006431892397813499,0.0008774761809036136,0.00017490687605459243,0.00039012491470202804,0.00120672641787678,3.3797245123423636e-05,0.00028721283888444304,0.004535000771284103,0.0008806699770502746,0.0005652403342537582,0.0006675394251942635,0.003236332442611456,0.0031768144108355045,0.000603079388383776,0.0009728622972033918,0.012481626123189926,0.004407553002238274,0.09142540395259857,0.0003886051126755774,0.0005925122532062232,0.0005406937561929226,0.0015115098794922233,0.009744820185005665,0.004177989903837442,0.0026849834248423576,0.005896516609936953,0.009828112088143826,0.000922510982491076,0.0007840725593268871,6.3312049860542174e-06,3.3977192970269243e-07
dogal,2.7485802434057405e-07,0.002000204985961318,0.0015770805766806006,0.4392260015010834,0.3259560167789459,0.18130628764629364,7.94897732703248e-06,1.7150664177734143e-07,1.418549970821914e-07,0.3264724910259247,0.21842952072620392,0.30429717898368835,0.27990907430648804,0.017488807439804077,0.21509654819965363,0.20236031711101532,0.01764100044965744,0.030611876398324966,0.033762093633413315,0.37988460063934326,0.4307976961135864,0.0015540894819423556,0.002293706638738513,0.00013558089267462492,0.0003125630901195109,0.0013584321131929755,3.6137105780653656e-05,0.0003415578685235232,0.0027084900066256523,0.0006871114019304514,0.0008085988229140639,0.001032866071909666,0.00355112855322659,0.0022569631692022085,0.0005824548425152898,0.0006839213892817497,0.007643841207027435,0.003702702932059765,0.1139141246676445,0.00033437073579989374,0.000658881152048707,0.0004275207465980202,0.0013358696596696973,0.0073618763126432896,0.002279150066897273,0.001703812857158482,0.005511309485882521,0.01066482625901699,0.0004778978182002902,0.0004254158993717283,4.396594704303425e-06,3.31598357661278e-07
dogal,3.3415480515941454e-07,0.0020643449388444424,0.0016638647066429257,0.48449933528900146,0.3270769715309143,0.2068326771259308,8.347185030288529e-06,1.9699554343333148e-07,2.0002279654818267e-07,0.2568652927875519,0.13306397199630737,0.21805326640605927,0.1954726278781891,0.011065592989325523,0.23529750108718872,0.2135140299797058,0.021664520725607872,0.041830532252788544,0.0486629381775856,0.3108929991722107,0.40103331208229065,0.002179889241233468,0.004483745899051428,0.00012003033771179616,0.00041412460268475115,0.0014650571392849088,3.758121602004394e-05,0.0003345088043715805,0.003633810905739665,0.0004566770512610674,0.00078943109838292,0.0009993650019168854,0.0033370971214026213,0.0054404824040830135,0.00044492457527667284,0.0005959623376838863,0.007790371309965849,0.002458984963595867,0.1609393060207367,0.0001810115500120446,0.0011380135547369719,0.00044998477096669376,0.0022127830889075994,0.008967006579041481,0.0011888522421941161,0.0006862211157567799,0.004634024575352669,0.005506445188075304,0.0003908230282831937,0.0002798211935441941,3.7813742892467417e-06,3.6241732459529885e-07
mutlu,7.075566941239231e-07,0.002352227922528982,0.00229507009498775,0.5587018728256226,0.2957908511161804,0.18817345798015594,1.761646126396954e-05,3.162435291415022e-07,2.0021344937504182e-07,0.3096294105052948,0.13838976621627808,0.2547317147254944,0.22471581399440765,0.01188150979578495,0.21661663055419922,0.21903224289417267,0.027973683550953865,0.03785445913672447,0.046659309417009354,0.3394119143486023,0.44656577706336975,0.002128858584910631,0.0053934697061777115,0.00015301631356123835,0.00012360006803646684,0.0004803260962944478,3.1455023417947814e-05,0.00010482878133188933,0.004907018970698118,0.00047592964256182313,0.0001063635281752795,0.00015452686056960374,0.005882443394511938,0.008794918656349182,0.00027010857593268156,0.0003994108410552144,0.0045202854089438915,0.002348158275708556,0.24589994549751282,0.00019463044009171426,0.00027223973302170634,0.000367759756045416,0.0024177490267902613,0.013853534124791622,0.7246299982070923,0.6599244475364685,0.0042874994687736034,0.024328431114554405,0.0076206945814192295,0.006479661911725998,3.296847580713802e-06,7.073724646033952e-07
mutlu,3.3372464258718537e-06,0.03824351727962494,0.02410718984901905,0.22370561957359314,0.0904507264494896,0.059805698692798615,0.0008574948296882212,3.710334112838609e-06,3.0086735023360234e-06,0.3893885910511017,0.2265399843454361,0.35887861251831055,0.36366304755210876,0.0075348252430558205,0.2291191667318344,0.34429293870925903,0.031207172200083733,0.034339454025030136,0.035567641258239746,0.558728039264679,0.48812925815582275,0.002432424807921052,0.004869903437793255,0.00493360823020339,0.00032252108212560415,0.029383277520537376,0.0006186992977745831,0.0009594164439477026,0.02207920327782631,0.014862686395645142,6.373200449161232e-05,5.609368236036971e-05,0.01810484007000923,0.004096058197319508,0.2107306271791458,0.5291162729263306,0.09499957412481308,0.13689355552196503,0.003490007948130369,0.00015679551870562136,0.0017247635405510664,0.017731254920363426,0.0014720493927598,0.007913791574537754,0.9625890254974365,0.9631158113479614,0.053062912076711655,0.06637444347143173,0.8878415822982788,0.8589848279953003,2.904286475313711e-06,6.941451829334255e-06
mutlu,4.2823844523809385e-06,0.08540674299001694,0.04293467104434967,0.14963370561599731,0.06740564107894897,0.045194171369075775,0.0008692033588886261,4.807975528819952e-06,3.3676706152618863e-06,0.431596577167511,0.22350800037384033,0.29822027683258057,0.2791558802127838,0.0042547807097435,0.3333897590637207,0.45443159341812134,0.02001158334314823,0.04648824408650398,0.05486195534467697,0.5695396661758423,0.5587239265441895,0.0019504015799611807,0.004874209873378277,0.005727424751967192,0.0001492842275183648,0.025198297575116158,0.001029810169711709,0.0008569418569095433,0.018819618970155716,0.01734456606209278,0.0001742518215905875,0.00013951057917438447,0.017218295484781265,0.00184784980956465,0.25112903118133545,0.5822172164916992,0.11929605156183243,0.1560780107975006,0.0027880778070539236,0.00026330308173783123,0.0018969698576256633,0.013471271842718124,0.0019527029944583774,0.0077439649030566216,0.9706839919090271,0.9729254245758057,0.12701721489429474,0.1039121076464653,0.9120254516601562,0.9032505750656128,2.8403630949469516e-06,7.143712537072133e-06
mutlu,4.044826255267253e-06,0.08015093952417374,0.03799973800778389,0.16444820165634155,0.06217984855175018,0.0490545891225338,0.0008671001414768398,3.935240329155931e-06,3.051753765248577e-06,0.39415648579597473,0.22304505109786987,0.2835845947265625,0.2748757600784302,0.0043387264013290405,0.34000086784362793,0.4415952265262604,0.019472265616059303,0.0476643405854702,0.05412037670612335,0.5872901082038879,0.5456674098968506,0.0021529672667384148,0.0046884045004844666,0.005342795047909021,0.0001733440294628963,0.022453363984823227,0.0007810459937900305,0.0008032913319766521,0.0166134275496006,0.013423730619251728,0.00019710756896529347,0.00015943052130751312,0.012385574169456959,0.0025008106604218483,0.21998204290866852,0.5457281470298767,0.09977208822965622,0.12351306527853012,0.0024358772207051516,0.00015955264098010957,0.0020870305597782135,0.014551946893334389,0.0019404735649004579,0.00742799649015069,0.9651219844818115,0.9660000801086426,0.10212741792201996,0.09437881410121918,0.8854526877403259,0.8716992735862732,2.6293482733308338e-06,6.823389867349761e-06
mutlu,3.816327534877928e-06,0.07391384989023209,0.03288958594202995,0.16952641308307648,0.06359826028347015,0.05439138412475586,0.00078246695920825,3.426165221753763e-06,3.107540351265925e-06,0.400524377822876,0.24226945638656616,0.3476768136024475,0.3475891053676605,0.0057770609855651855,0.3133286237716675,0.386061429977417,0.021083876490592957,0.03621325641870499,0.03979898989200592,0.6246460676193237,0.5741273164749146,0.002073919400572777,0.0041170320473611355,0.004969698376953602,0.00020625285105779767,0.017493026331067085,0.000468467827886343,0.000687424442730844,0.016574030742049217,0.01208039466291666,0.0002451118198223412,0.00020207988563925028,0.011405703611671925,0.003208228386938572,0.19260044395923615,0.497088223695755,0.09137675166130066,0.11115216463804245,0.0025463378988206387,0.00011339689808664843,0.0021587701048702,0.01279333047568798,0.002037479542195797,0.0072417911142110825,0.964095413684845,0.9661227464675903,0.10738638788461685,0.11020733416080475,0.8898610472679138,0.8804270029067993,2.4584608127042884e-06,6.202020358614391e-06
mutlu,3.578202040444012e-06,0.07702846825122833,0.03479776531457901,0.19259300827980042,0.058307498693466187,0.0491003654897213,0.0006930973031558096,4.0465392885380425e-06,3.444557933107717e-06,0.4652014374732971,0.279701828956604,0.42087826132774353,0.4171425998210907,0.007591784466058016,0.25521543622016907,0.35290446877479553,0.027703676372766495,0.027506472542881966,0.03233075514435768,0.6245193481445312,0.585054874420166,0.0016502314247190952,0.0036551705561578274,0.005305948201566935,0.00020001156372018158,0.015145231038331985,0.0005227873334661126,0.0005585323669947684,0.019379233941435814,0.013904654420912266,0.00022286850435193628,0.00018137799634132534,0.01823345571756363,0.003565062303096056,0.2172567993402481,0.545507550239563,0.09271673858165741,0.11168260872364044,0.0037917636800557375,0.0001276450784644112,0.0016154157929122448,0.008327744901180267,0.001874021370895207,0.00929040927439928,0.9696601629257202,0.9736445546150208,0.1265191286802292,0.12520234286785126,0.9038193225860596,0.9045976996421814,2.855935008483357e-06,6.171787845232757e-06
mutlu,3.112419335593586e-06,0.05588908866047859,0.029612036421895027,0.2423633337020874,0.04989083856344223,0.048414893448352814,0.0009317917283624411,4.262700258550467e-06,4.0732547859079204e-06,0.42283251881599426,0.3396836519241333,0.46317756175994873,0.4567262530326843,0.0033501714933663607,0.4342241883277893,0.5184977054595947,0.015425059013068676,0.02665719948709011,0.026371004059910774,0.5777580738067627,0.5173520445823669,0.001715176971629262,0.00303476070985198,0.004088899120688438,0.0001277079136343673,0.016010476276278496,0.0015214174054563046,0.000556814600713551,0.02162117511034012,0.020393313840031624,0.00047541610547341406,0.0003144053334835917,0.011374888941645622,0.0009349799365736544,0.2813786268234253,0.5967549085617065,0.15543144941329956,0.10505586862564087,0.002832994796335697,0.0004557449137791991,0.002365570282563567,0.007447907701134682,0.003210625145584345,0.013694306835532188,0.9740335941314697,0.9746184945106506,0.27334997057914734,0.07978002727031708,0.8664635419845581,0.8924633264541626,3.5007910810236353e-06,5.406542186392471e-06
mutlu,2.4016344468691386e-06,0.06018787622451782,0.036992914974689484,0.2325587421655655,0.04729028791189194,0.03892672434449196,0.0009877373231574893,3.2883253879845142e-06,3.841640136670321e-06,0.3942284882068634,0.33154186606407166,0.48562225699424744,0.4734661281108856,0.003333134576678276,0.4066982865333557,0.5371960401535034,0.01882355287671089,0.02399933524429798,0.022452879697084427,0.4954579174518585,0.5115610361099243,0.0019200140377506614,0.002885989146307111,0.0043462468311190605,0.0001086155534721911,0.015961578115820885,0.0017315123695880175,0.0004800793540198356,0.024433214217424393,0.023382725194096565,0.000528156291693449,0.000327905232552439,0.007074012886732817,0.002019328996539116,0.3176596760749817,0.5991724729537964,0.12703604996204376,0.10843351483345032,0.0018485606415197253,0.0001855150912888348,0.002831332851201296,0.009518465958535671,0.0031409987714141607,0.011468575336039066,0.9687168002128601,0.9711664915084839,0.28053048253059387,0.06903669983148575,0.8689870238304138,0.8930102586746216,3.060281642319751e-06,4.851487574342173e-06
mutlu,3.1248362120095408e-06,0.03888590633869171,0.016373753547668457,0.29391375184059143,0.0680304542183876,0.06808850914239883,0.0006457772688008845,4.7173421080515254e-06,2.985766741403495e-06,0.44962790608406067,0.2548215985298157,0.41134321689605713,0.4099942147731781,0.00767406215891242,0.27052855491638184,0.3383912146091461,0.024725154042243958,0.030030131340026855,0.03138495609164238,0.5947035551071167,0.5081170201301575,0.0018138333689421415,0.004292807541787624,0.005093140993267298,0.000166683632414788,0.013740412890911102,0.000657504890114069,0.00045648100785911083,0.017323018983006477,0.013005901128053665,0.0003112232079729438,0.00027187244268134236,0.02073282189667225,0.0031440553721040487,0.2055177539587021,0.4810965955257416,0.06498397141695023,0.08987480401992798,0.004468356259167194,0.00012321514077484608,0.0015991405816748738,0.0068880002945661545,0.0019998422358185053,0.011656505055725574,0.9634188413619995,0.9697911143302917,0.0982666090130806,0.12295945733785629,0.8740308880805969,0.8784812688827515,3.278209078416694e-06,6.071087682357756e-06
mutlu,4.8120673454832286e-06,0.05135037377476692,0.026518721133470535,0.1899062693119049,0.065499447286129,0.06479794532060623,0.0009005260071717203,3.918593847629381e-06,3.444443109401618e-06,0.4614727795124054,0.280038982629776,0.4739985466003418,0.48309963941574097,0.012478400953114033,0.18421392142772675,0.26397332549095154,0.036543603986501694,0.02235468663275242,0.022588886320590973,0.5753675103187561,0.5433071851730347,0.0020337325986474752,0.003499243874102831,0.006283717229962349,0.0005722749046981335,0.014450650662183762,0.00020855091861449182,0.0006374075310304761,0.025798257440328598,0.020933791995048523,0.0001575037167640403,0.00014620719593949616,0.010198825970292091,0.002639912301674485,0.19966349005699158,0.5369601845741272,0.1521899551153183,0.20280547440052032,0.0018523972248658538,0.00020446829148568213,0.003022473771125078,0.02309815026819706,0.0028377710841596127,0.008341904729604721,0.959550142288208,0.9582849144935608,0.05761108547449112,0.09782817959785461,0.868596076965332,0.85970139503479,3.1183462851913646e-06,8.448977496300358e-06
mutlu,3.1379881875182036e-06,0.04781180992722511,0.028288498520851135,0.19755740463733673,0.06135157495737076,0.06381187587976456,0.00043593873851932585,2.2775632260163547e-06,1.6225210401898948e-06,0.4725702702999115,0.2950502038002014,0.4905216693878174,0.5091800689697266,0.015485631301999092,0.1282065510749817,0.22626839578151703,0.05054910108447075,0.017075814306735992,0.017046011984348297,0.576480507850647,0.5135257244110107,0.0016699375119060278,0.002588992938399315,0.0028275682125240564,0.0005543334991671145,0.008001907728612423,0.00011516035738168284,0.0003270448069088161,0.019430456683039665,0.012484713457524776,0.00010334110265830532,0.0001036270841723308,0.010135802440345287,0.003612485947087407,0.06872695684432983,0.20995508134365082,0.06306959688663483,0.08709362894296646,0.003907032776623964,0.00016053435683716089,0.00150228850543499,0.011348465457558632,0.0023579569533467293,0.01269421074539423,0.9327117800712585,0.9294463992118835,0.02130190096795559,0.05261533707380295,0.7712277173995972,0.7551171779632568,3.0736657663510414e-06,6.5316230575263035e-06
mutlu,6.9009774961159565e-06,0.026624975726008415,0.028224565088748932,0.19199971854686737,0.08752613514661789,0.05490802228450775,6.08271402597893e-05,1.223257868332439e-06,1.0077084198201192e-06,0.45369669795036316,0.277389794588089,0.476509690284729,0.47079113125801086,0.01430448703467846,0.18418526649475098,0.23727530241012573,0.039461471140384674,0.016260923817753792,0.018157191574573517,0.5525240898132324,0.5286802053451538,0.0015168808167800307,0.001885222620330751,0.00011056529911002144,0.00015087077917996794,0.0006640744977630675,2.584885987744201e-05,9.321444667875767e-05,0.016893994063138962,0.014067727141082287,0.0074552432633936405,0.007947237230837345,0.0001255138049600646,0.0024496885016560555,0.00015050424553919584,0.0002461438998579979,0.09505204856395721,0.08522452414035797,0.0010526662226766348,0.00028747666510753334,0.01135951466858387,0.005234706215560436,0.23748783767223358,0.031398236751556396,0.9037737846374512,0.9056666493415833,0.06857801973819733,0.11374544352293015,0.03003092110157013,0.050173062831163406,1.4968179584684549e-06,2.8759143333445536e-06
mutlu,4.70951636089012e-06,0.022165877744555473,0.01529144961386919,0.2424519807100296,0.1155519038438797,0.08559596538543701,6.578818283742294e-05,1.1159823998241336e-06,9.258210980078729e-07,0.4487433135509491,0.2747563123703003,0.439089298248291,0.43001022934913635,0.009235053323209286,0.2453254610300064,0.29040101170539856,0.029334070160984993,0.018515361472964287,0.02116178162395954,0.5084548592567444,0.4838184118270874,0.0014176928671076894,0.0021175253205001354,0.0001739856816129759,0.0001513986790087074,0.0006290888413786888,2.81602351606125e-05,8.861520473146811e-05,0.016547922044992447,0.01045524887740612,0.0031653032638132572,0.003305946011096239,0.00023893118486739695,0.003400355577468872,0.0002584645990282297,0.00047474727034568787,0.08128198236227036,0.062379125505685806,0.002162677701562643,0.0002178079739678651,0.0066580576822161674,0.0033382726833224297,0.07847323268651962,0.02294442243874073,0.9143822193145752,0.9081934094429016,0.06153695657849312,0.09416214376688004,0.022293919697403908,0.033632926642894745,2.1279233806126285e-06,2.4944815777416807e-06
mutlu,3.4896645502158208e-06,0.01219167560338974,0.009538627229630947,0.2988665699958801,0.11610482633113861,0.10082779824733734,6.139170727692544e-05,7.787227218614134e-07,8.594680025453272e-07,0.41157111525535583,0.2634572982788086,0.43594515323638916,0.4231874942779541,0.011454676277935505,0.22460846602916718,0.25126755237579346,0.031107619404792786,0.021333124488592148,0.022326136007905006,0.5577111840248108,0.44957417249679565,0.0017443887190893292,0.002299692016094923,0.00017716595903038979,0.00021750105952378362,0.0007383248303085566,2.2061220079194754e-05,9.864045568974689e-05,0.015909049659967422,0.008376115001738071,0.0015329389134421945,0.0016977164195850492,0.00034723058342933655,0.0045267012901604176,0.00027573536499403417,0.0005220379680395126,0.06380119174718857,0.058538418263196945,0.0027187864761799574,0.00015462723968084902,0.004834064748138189,0.004247055854648352,0.04035113751888275,0.015032825991511345,0.8978343605995178,0.9002244472503662,0.0356891043484211,0.08495862036943436,0.012542610988020897,0.020546289160847664,2.0354984826553846e-06,2.2271665329753887e-06
mutlu,2.4625976493553026e-06,0.01377374492585659,0.013334063813090324,0.2469039410352707,0.12226275354623795,0.09261669963598251,6.899144500494003e-05,7.957615366649406e-07,1.0475849876456778e-06,0.4366527199745178,0.3125816285610199,0.48088017106056213,0.48706308007240295,0.010185127146542072,0.23003758490085602,0.27793359756469727,0.03326478227972984,0.018321912735700607,0.017666345462203026,0.5105483531951904,0.398006409406662,0.0015831745695322752,0.00211141025647521,0.000223587267100811,0.0002515416999813169,0.0007533550960943103,2.8184122129459865e-05,8.69586510816589e-05,0.013518737629055977,0.0051583582535386086,0.001575938076712191,0.0015838952967897058,0.0005138959968462586,0.00935665424913168,0.00038059684447944164,0.000830190081615001,0.056119654327631,0.04284105822443962,0.004385820124298334,7.431425183312967e-05,0.0029415106400847435,0.0024514778051525354,0.02293398790061474,0.018210161477327347,0.9238333702087402,0.9151637554168701,0.0730874314904213,0.10517299175262451,0.013949018903076649,0.019226916134357452,2.767521209534607e-06,2.166086460420047e-06
mutlu,2.4619682790216757e-06,0.02363923005759716,0.01001721154898405,0.28948912024497986,0.08270725607872009,0.13643266260623932,0.00011869614536408335,1.1079348496423336e-06,1.46197442063567e-06,0.336504191160202,0.22630684077739716,0.48181411623954773,0.4809454083442688,0.0009865147294476628,0.7305938601493835,0.760042130947113,0.003910502884536982,0.01786457560956478,0.016370996832847595,0.4719181954860687,0.33549752831459045,0.0024487050250172615,0.003676721826195717,0.000282272114418447,0.00025514746084809303,0.0017597709083929658,0.00011055601498810574,0.00014044114504940808,0.021137813106179237,0.010490982793271542,0.0017471143510192633,0.0013912359718233347,0.0003569621767383069,0.0017493454506620765,0.0011810591677203774,0.002346655121073127,0.10233917087316513,0.04135715588927269,0.0018987826770171523,0.0002735364541877061,0.006529006641358137,0.0034662254620343447,0.02464669570326805,0.023253856226801872,0.9303933382034302,0.9041626453399658,0.09173037111759186,0.034065164625644684,0.022406430914998055,0.023125603795051575,2.6273530693288194e-06,2.6008724489656743e-06
mutlu,1.3008441328565823e-06,0.03816402330994606,0.02770085074007511,0.14926311373710632,0.10570521652698517,0.08156496286392212,8.723689097678289e-05,4.913823090646474e-07,9.193762480208534e-07,0.3416386544704437,0.2526489496231079,0.463393896818161,0.4476756453514099,0.0013775506522506475,0.7042058706283569,0.731364369392395,0.004297134466469288,0.01855098269879818,0.01757475733757019,0.39010125398635864,0.3779287338256836,0.002316579222679138,0.002797685796394944,0.00026146561140194535,0.00014180346624925733,0.001454740297049284,0.00016290797793772072,8.750592678552493e-05,0.01572362892329693,0.010191963985562325,0.0006636905018240213,0.0004585884162224829,0.00042799109360203147,0.0035672904923558235,0.0016364040784537792,0.002756310859695077,0.07248721271753311,0.0402102954685688,0.001983805326744914,0.00012112457625335082,0.003898839233443141,0.0033534099347889423,0.010713096708059311,0.015285247936844826,0.923595666885376,0.9154127240180969,0.08941707015037537,0.025963053107261658,0.021854903548955917,0.024362610653042793,2.2026829356036615e-06,1.443586597815738e-06
mutlu,2.1081443719594972e-06,0.03180740028619766,0.012043330818414688,0.18128296732902527,0.12120547145605087,0.17778606712818146,5.409566801972687e-05,5.102068598716869e-07,1.035579657582275e-06,0.37094855308532715,0.26138418912887573,0.6027698516845703,0.6064935326576233,0.0008079457329586148,0.793655276298523,0.8100448846817017,0.002557220868766308,0.008193173445761204,0.00812815222889185,0.36376622319221497,0.3981110155582428,0.0017709292005747557,0.002374686999246478,0.00010965309047605842,0.00024287991982419044,0.0011781459907069802,5.905505531700328e-05,0.00012162316124886274,0.021536407992243767,0.0059302933514118195,0.001598723349161446,0.0014150472125038505,0.00025596102932468057,0.006120523903518915,0.00037099464680068195,0.0005999436834827065,0.059431031346321106,0.027892448008060455,0.0036585198249667883,8.136191172525287e-05,0.010672550648450851,0.003237781347706914,0.041593488305807114,0.027731353417038918,0.8556352853775024,0.8233286142349243,0.02763562649488449,0.022710539400577545,0.017600208520889282,0.018483838066458702,1.561068984301528e-06,1.7507398979432764e-06
mutlu,2.3121572212403407e-06,0.019292311742901802,0.009932756423950195,0.18897217512130737,0.12142985314130783,0.21100947260856628,3.3423140848753974e-05,6.339105311781168e-07,1.514301516181149e-06,0.42128920555114746,0.29222145676612854,0.6189503073692322,0.6277203559875488,0.0008801088551990688,0.8131420612335205,0.8332149982452393,0.001565686659887433,0.00720016285777092,0.007227188441902399,0.32359346747398376,0.40450480580329895,0.0016560241347178817,0.0019547271076589823,9.461290028411895e-05,0.000514625629875809,0.000583636574447155,2.5431698304601014e-05,4.329037619754672e-05,0.023789988830685616,0.0059702759608626366,0.007160723675042391,0.007212748285382986,0.0003024594043381512,0.002846864052116871,0.0003385022864677012,0.00045024947030469775,0.06799882650375366,0.03505704551935196,0.004074280150234699,0.00012182314821984619,0.013429239392280579,0.0016226826701313257,0.08760137856006622,0.04410819336771965,0.8148009777069092,0.7853253483772278,0.029290733858942986,0.04482599347829819,0.016295315697789192,0.01670900359749794,2.4559344637964386e-06,1.860711904555501e-06
mutlu,2.761301857390208e-06,0.005734421778470278,0.002992726629599929,0.39166367053985596,0.3372313380241394,0.3254944682121277,3.85282764909789e-05,5.817311148348381e-07,1.908095555336331e-06,0.3716537356376648,0.23899072408676147,0.7355695962905884,0.7341508269309998,0.0024701266083866358,0.6405673623085022,0.685704231262207,0.005254361312836409,0.004634708631783724,0.004250314552336931,0.23851662874221802,0.32857561111450195,0.002945643151178956,0.0034274659119546413,4.998745862394571e-05,0.000569988798815757,0.000818869739305228,4.1527462599333376e-05,2.819285509758629e-05,0.047713205218315125,0.009867233224213123,0.008143921382725239,0.007826674729585648,6.87980282236822e-05,0.0067588710226118565,0.00017514568753540516,0.00020668636716436595,0.24083463847637177,0.12771210074424744,0.0006821887800469995,6.924322224222124e-05,0.04338829591870308,0.010950845666229725,0.35022440552711487,0.050495695322752,0.8178321719169617,0.7591752409934998,0.03749068081378937,0.03217565268278122,0.006197091192007065,0.0061459108255803585,1.8653295228432398e-06,2.3993063678062754e-06
mutlu,1.2391784594001365e-06,0.0008961367420852184,0.0004799137241207063,0.6637200713157654,0.4534803032875061,0.4943866431713104,4.4581101974472404e-05,6.28957593562518e-07,1.681026105870842e-06,0.48612701892852783,0.3425225019454956,0.7965152859687805,0.8014154434204102,0.012076480314135551,0.35549747943878174,0.37398871779441833,0.012447366490960121,0.0038916419725865126,0.003521950216963887,0.2657543122768402,0.3914619982242584,0.0018407510360702872,0.0027689277194440365,0.00013306300388649106,0.0007894663722254336,0.0010767416097223759,1.5478175555472262e-05,5.8410347264725715e-05,0.021284060552716255,0.008371961303055286,0.01819961704313755,0.01572491228580475,0.00010455573647050187,0.005301196128129959,0.00044040867942385375,0.0005570185021497309,0.17547576129436493,0.1266675591468811,0.0005549125489778817,5.3273397497832775e-05,0.02504582330584526,0.014920149929821491,0.06268812716007233,0.011426939629018307,0.747577965259552,0.6664503216743469,0.1540662944316864,0.07810171693563461,0.006052242126315832,0.008443066850304604,1.8062817161990097e-06,1.698965888863313e-06
mutlu,2.866246177291032e-06,0.0023006105329841375,0.0017912168987095356,0.5859832167625427,0.4142112731933594,0.3207831084728241,2.665223291842267e-05,3.6758677879333845e-07,4.592761797539424e-07,0.5945788621902466,0.3819540739059448,0.7175222635269165,0.6991332173347473,0.03241978585720062,0.15710392594337463,0.16470173001289368,0.03484371304512024,0.007608086336404085,0.007830724120140076,0.34329718351364136,0.3999582529067993,0.00168497150298208,0.0017776137683540583,5.11767684656661e-05,0.00016904140647966415,0.0002879138628486544,9.73289479588857e-06,6.928014772711322e-05,0.009081942029297352,0.012319269590079784,0.007185326889157295,0.00811746809631586,0.00017524493159726262,0.00040325679583474994,0.00015171284030657262,0.00011576282122405246,0.09701849520206451,0.13774539530277252,0.00231426814571023,0.0017185440519824624,0.0050027696415781975,0.006269043777137995,0.2392459511756897,0.01913887821137905,0.8088498115539551,0.8673596978187561,0.02270732820034027,0.06457549333572388,0.09740858525037766,0.17437587678432465,1.794284116840572e-06,1.2704290384135675e-06
mutlu,1.6358346783817979e-06,0.002203772310167551,0.003035200759768486,0.594879150390625,0.40389105677604675,0.19903168082237244,3.0043931474210694e-05,3.288221250841161e-07,3.5758208127845137e-07,0.5620536804199219,0.40842804312705994,0.7294900417327881,0.7190274596214294,0.09294702112674713,0.06044066324830055,0.08481563627719879,0.10514827072620392,0.00799314584583044,0.007975486107170582,0.39875301718711853,0.4323797821998596,0.0021483132150024176,0.001206281827762723,0.00013414063141681254,0.00011544093285920098,0.00014616023690905422,7.183521120168734e-06,2.8753996957675554e-05,0.006354492157697678,0.009980235248804092,0.004118154291063547,0.005513834301382303,0.0001403107598889619,0.00016651174519211054,0.00021112387184984982,0.00021821145492140204,0.06979279220104218,0.07456080615520477,0.001101178233511746,0.0038519769441336393,0.0018192302668467164,0.0052147358655929565,0.08418828994035721,0.007840988226234913,0.7785311937332153,0.8123783469200134,0.026567889377474785,0.22746366262435913,0.10165219008922577,0.14699169993400574,3.2692767035769066e-06,1.1485713002912235e-06
mutlu,1.8560773469289416e-06,0.0028839539736509323,0.003677158150821924,0.49932828545570374,0.31173014640808105,0.26331979036331177,3.2834075682330877e-05,5.118067747389432e-07,3.236504255710315e-07,0.5005502700805664,0.38508567214012146,0.6580780148506165,0.6632237434387207,0.31842029094696045,0.009914030320942402,0.03028225712478161,0.37598827481269836,0.010229316540062428,0.009281669743359089,0.41253986954689026,0.3609269857406616,0.0022831170354038477,0.0010796155547723174,0.00017932763148564845,0.00023018124920781702,0.00010131332237506285,2.992999498019344e-06,2.0409690478118137e-05,0.005712536629289389,0.015214291401207447,0.0030134092085063457,0.004397533368319273,0.00031813813257031143,0.0001748169888742268,0.00022273679496720433,0.0002380030637141317,0.08468858897686005,0.08548350632190704,0.001775282435119152,0.005153043661266565,0.0010055117309093475,0.0021784312557429075,0.1023862287402153,0.011263196356594563,0.8060135245323181,0.8208556175231934,0.03013172373175621,0.3996252715587616,0.1294168084859848,0.14933817088603973,4.571904355543666e-06,1.669182211117004e-06
mutlu,1.460511157347355e-06,0.0036184159107506275,0.007256653625518084,0.3122827708721161,0.28480830788612366,0.1543199121952057,3.67257343896199e-05,3.457926993633009e-07,1.3955296651602112e-07,0.39077627658843994,0.3374304473400116,0.5439490675926208,0.5432140231132507,0.545473575592041,0.005537994671612978,0.010336736217141151,0.568016529083252,0.017868559807538986,0.014012438245117664,0.47945109009742737,0.3647844195365906,0.0035762644838541746,0.0010818738956004381,0.0001653909421293065,0.00011297164746792987,0.00010076780017698184,7.862590791773982e-06,1.8129816453438252e-05,0.004070738796144724,0.016869332641363144,0.001938871224410832,0.0022319182753562927,0.0003881404991261661,3.586810271372087e-05,0.00020634276734199375,0.0002137515548383817,0.054268285632133484,0.04825851693749428,0.0019717528484761715,0.023407848551869392,0.0006284110713750124,0.00225077080540359,0.06277496367692947,0.010036243125796318,0.8350776433944702,0.832391619682312,0.02215646393597126,0.1450410634279251,0.11010949313640594,0.11796829849481583,3.592035454857978e-06,1.4324098174256505e-06
mutlu,1.276419766327308e-06,0.007102649658918381,0.01412375457584858,0.3593006432056427,0.09423802047967911,0.05927327647805214,3.335178553243168e-05,3.4381346836198645e-07,9.690798918882138e-08,0.3521554470062256,0.2767021954059601,0.37889882922172546,0.361204594373703,0.6028987169265747,0.004846010357141495,0.006022945512086153,0.6056317090988159,0.028239887207746506,0.02612389624118805,0.5052392482757568,0.4402239918708801,0.0032741164322942495,0.0012802138226106763,0.00023795994638931006,0.00011541815911186859,0.0001456545141991228,9.757579391589388e-06,2.5244909920729697e-05,0.003971157129853964,0.010389687493443489,0.0006732307374477386,0.0006818673573434353,0.0006138477474451065,0.00019976054318249226,0.00023792254796717316,0.00029682458261959255,0.035287681967020035,0.029909055680036545,0.0031037279404699802,0.006217060144990683,0.0004380357568152249,0.0022797370329499245,0.021134350448846817,0.00930065754801035,0.8734672665596008,0.8510941863059998,0.01906629651784897,0.06556931883096695,0.06253404170274734,0.06267610192298889,2.4407484033872606e-06,1.2532952951005427e-06
mutlu,4.351942152425181e-06,0.008812221698462963,0.007982034236192703,0.22213809192180634,0.20139171183109283,0.16062495112419128,0.0013964622048661113,7.235319571918808e-06,2.3396103188133566e-06,0.3495538532733917,0.2483677715063095,0.21951282024383545,0.2721617519855499,0.3060392439365387,0.00945118349045515,0.024847498163580894,0.39839962124824524,0.07484547048807144,0.06391938030719757,0.6605938076972961,0.5681581497192383,0.0036108491476625204,0.003047008067369461,0.009088079445064068,0.003640351351350546,0.025346478447318077,0.0001103954782593064,0.0005165964248590171,0.013298334553837776,0.023511866107583046,0.0006467467756010592,0.0007242364808917046,0.009734578430652618,0.00042815698543563485,0.48849865794181824,0.753463089466095,0.09701493382453918,0.19750092923641205,0.001006060279905796,0.0007085358374752104,0.0033664603251963854,0.02495737373828888,0.003723090048879385,0.00898925494402647,0.9213049411773682,0.9320241212844849,0.05050421878695488,0.3166857957839966,0.8764109015464783,0.8974669575691223,4.521908067545155e-06,1.6420210158685222e-05
mutlu,4.284435362933436e-06,0.03483673185110092,0.02646511420607567,0.1870795488357544,0.06458133459091187,0.06341663748025894,0.0009252125746570528,3.4920415146189043e-06,3.0191961286618607e-06,0.4924422800540924,0.35886651277542114,0.5118460655212402,0.5255192518234253,0.01657732017338276,0.15079396963119507,0.2172701209783554,0.04422337934374809,0.020499253645539284,0.017705967649817467,0.6290901303291321,0.5008160471916199,0.0018555102869868279,0.0021160696633160114,0.006202699616551399,0.001279356307350099,0.01798633113503456,0.00012936336861457676,0.0007410633843392134,0.025912096723914146,0.01881766878068447,0.0001604163699084893,0.00016495816817041487,0.01700563170015812,0.002397046657279134,0.22872020304203033,0.5516057014465332,0.12006998807191849,0.16016103327274323,0.003680269233882427,0.00022537315089721233,0.0025868103839457035,0.01623145304620266,0.00270071136765182,0.009187991730868816,0.9476481080055237,0.9477543234825134,0.039969246834516525,0.10027814656496048,0.8865127563476562,0.8820276260375977,3.5493169434630545e-06,8.59778174344683e-06
mutlu,3.2551213280385127e-06,0.030866600573062897,0.02698042429983616,0.24149401485919952,0.07542163878679276,0.04375559091567993,0.0009764331625774503,3.0272951789811486e-06,3.882803866872564e-06,0.45200788974761963,0.3463876247406006,0.53620445728302,0.5290346741676331,0.007702769245952368,0.27931687235832214,0.33937638998031616,0.02500249817967415,0.019469454884529114,0.01733136549592018,0.5887702703475952,0.5453946590423584,0.0018048466881737113,0.0023437754716724157,0.005124599672853947,0.000400847929995507,0.025558074936270714,0.0004883419023826718,0.001067665289156139,0.035072267055511475,0.02323303185403347,0.00010737689444795251,8.712507406016812e-05,0.015585674904286861,0.006506599020212889,0.2437397539615631,0.5902080535888672,0.13823871314525604,0.16314952075481415,0.0031653873156756163,9.343613055534661e-05,0.002489413833245635,0.015277317725121975,0.002038662089034915,0.007713086903095245,0.9647738933563232,0.966361939907074,0.09162355959415436,0.0708702877163887,0.8941020965576172,0.8894505500793457,2.704612825255026e-06,5.467524260893697e-06
mutlu,2.8140375434304588e-06,0.024585342034697533,0.02296118065714836,0.22865614295005798,0.11561766266822815,0.048642177134752274,0.0008159892749972641,3.7399588563857833e-06,3.7158156374061946e-06,0.3850840628147125,0.2619152069091797,0.4347933232784271,0.4053521454334259,0.0029937466606497765,0.5159208178520203,0.5490107536315918,0.006865962408483028,0.02613849565386772,0.02903776802122593,0.5226662158966064,0.5478510856628418,0.0021000634878873825,0.004349144641309977,0.00533865625038743,0.00024839749676175416,0.019318807870149612,0.0006106359651312232,0.0007291582878679037,0.024695200845599174,0.02413693629205227,0.00024240658967755735,0.00018865603487938643,0.014013262465596199,0.0019827415235340595,0.2753874659538269,0.588129460811615,0.1309090554714203,0.1626746952533722,0.0029679664876312017,0.00019962916849181056,0.002807056298479438,0.012406088411808014,0.0024916150141507387,0.008222406730055809,0.9626278281211853,0.9668512940406799,0.1275036484003067,0.07986844331026077,0.8781810998916626,0.891384482383728,2.8694187221844913e-06,5.0095541155315004e-06
mutlu,2.0026875517942244e-06,0.016390657052397728,0.01267306599766016,0.26086530089378357,0.12965494394302368,0.07020999491214752,0.0009638646151870489,3.841395027848193e-06,3.0424143915297464e-06,0.34876132011413574,0.23504628241062164,0.34276777505874634,0.3272014558315277,0.003993640188127756,0.4788636565208435,0.49763205647468567,0.007412186358124018,0.03863454610109329,0.04065454751253128,0.561181902885437,0.4858998954296112,0.0024996439460664988,0.005511217284947634,0.006681948434561491,0.0004228064208291471,0.02448362298309803,0.0005670920945703983,0.0006228568381629884,0.016016937792301178,0.016576923429965973,0.00030367905856110156,0.00023101078113541007,0.0158491600304842,0.0025542026851326227,0.35642480850219727,0.7016847133636475,0.08802609145641327,0.11269109696149826,0.0024579386226832867,0.00010022414062405005,0.001609740313142538,0.01192087959498167,0.0015471942024305463,0.007266591303050518,0.9648979902267456,0.9601655602455139,0.1400224268436432,0.07233255356550217,0.8535134196281433,0.8411037921905518,3.7131942463020096e-06,5.707391210307833e-06
mutlu,3.1227716590365162e-06,0.04173528403043747,0.02665272355079651,0.18391335010528564,0.10165882855653763,0.055999431759119034,0.0007930959109216928,4.310940312279854e-06,2.8454492166929413e-06,0.4211312532424927,0.2816745936870575,0.335030198097229,0.32803982496261597,0.0023691332899034023,0.5084835886955261,0.5664381980895996,0.009380745701491833,0.039644621312618256,0.04460907354950905,0.5863487720489502,0.5587789416313171,0.001976694678887725,0.0041118343360722065,0.006474617403000593,0.00024639468756504357,0.02161708101630211,0.0007220272091217339,0.0006160161574371159,0.018279464915394783,0.013595929369330406,0.00014059347449801862,0.00011909523163922131,0.02830374427139759,0.0016845831414684653,0.25405946373939514,0.6242519617080688,0.09300173074007034,0.11158958077430725,0.004542882554233074,0.00025571757578291,0.0010443984065204859,0.008842404931783676,0.0013461873168125749,0.009041884914040565,0.9710056185722351,0.9686926007270813,0.09857722371816635,0.09107894450426102,0.8881934881210327,0.8730785846710205,3.8101452446426265e-06,6.484219284175197e-06
mutlu,2.4472885797877098e-06,0.020371276885271072,0.015885237604379654,0.23569178581237793,0.14030484855175018,0.0661611333489418,0.000796395936049521,3.789381253227475e-06,3.1216222851071507e-06,0.3518098294734955,0.2027834802865982,0.24703963100910187,0.22189758718013763,0.0023495794739574194,0.5923141837120056,0.623031497001648,0.004489636979997158,0.053697895258665085,0.05957311391830444,0.5578674077987671,0.5138609409332275,0.0023755887523293495,0.0053315735422074795,0.005657426547259092,0.0002627388166729361,0.037938036024570465,0.0009858645498752594,0.0008344733505509794,0.019466549158096313,0.012846242636442184,0.0001645986776566133,0.00014164953608997166,0.01869605854153633,0.0026012512389570475,0.29907718300819397,0.6557877063751221,0.07792583107948303,0.10169707983732224,0.003492015413939953,0.00011772168363677338,0.0014044102281332016,0.011131499893963337,0.00110193423461169,0.006331380922347307,0.9595401287078857,0.9591426253318787,0.08524014055728912,0.0971430242061615,0.821384072303772,0.8039554357528687,3.780098040806479e-06,5.402805527410237e-06
mutlu,3.4643605886230944e-06,0.04834579676389694,0.03957967460155487,0.11376433074474335,0.09248532354831696,0.04352157190442085,0.0007872363785281777,4.158212959737284e-06,3.0033527309569763e-06,0.39152291417121887,0.2366630733013153,0.27732613682746887,0.26438575983047485,0.0015529858646914363,0.64429771900177,0.6816285848617554,0.003867384511977434,0.04450871795415878,0.047495465725660324,0.5521215796470642,0.4656822085380554,0.0020057912915945053,0.004402528051286936,0.004109327681362629,0.00022676211665384471,0.045469578355550766,0.0012041740119457245,0.0011010675225406885,0.018682513386011124,0.015410054475069046,0.00018190433911513537,0.0001421953202225268,0.02847333811223507,0.0026878013741225004,0.18671174347400665,0.4612303376197815,0.07558842748403549,0.08940701186656952,0.0049203201197087765,0.00015299298684112728,0.0012988552916795015,0.008399453945457935,0.0012936126440763474,0.010546045377850533,0.9665737748146057,0.9684159159660339,0.12504491209983826,0.08952116221189499,0.841336190700531,0.8498067259788513,3.444597496127244e-06,5.6826033869583625e-06
mutlu,2.7137125471199397e-06,0.03373013064265251,0.02409372106194496,0.18100722134113312,0.1098100021481514,0.05016190931200981,0.000777947367168963,3.265076657044119e-06,2.7875116757059004e-06,0.3431845009326935,0.18117842078208923,0.3466823995113373,0.3096027076244354,0.0026575226802378893,0.5625591278076172,0.5793706774711609,0.004798098932951689,0.03310050815343857,0.03651345148682594,0.5224114656448364,0.48413577675819397,0.0025390307419002056,0.006381453946232796,0.005209101364016533,0.00019521385547704995,0.026143593713641167,0.0009902871679514647,0.0007921249489299953,0.02108146995306015,0.017271023243665695,0.00013166038843337446,0.00010709385242080316,0.013256055302917957,0.0022708165924996138,0.24149805307388306,0.5827417373657227,0.09061016142368317,0.11250317841768265,0.0026825631503015757,0.0001617955567780882,0.001885881065391004,0.016322311013936996,0.0015075161354616284,0.007776925805956125,0.95222407579422,0.9514284133911133,0.06975974887609482,0.05680986866354942,0.8227928876876831,0.8248760104179382,3.27253337673028e-06,5.3799053603142966e-06
mutlu,2.859270580302109e-06,0.02942686900496483,0.02119654230773449,0.225539892911911,0.07907417416572571,0.0660582184791565,0.0008256873115897179,3.7099766814208124e-06,2.8437943910830654e-06,0.3815053403377533,0.22719724476337433,0.32388216257095337,0.33401912450790405,0.008984205313026905,0.21055375039577484,0.2950473129749298,0.031220460310578346,0.039820052683353424,0.03738655894994736,0.6075848340988159,0.46581220626831055,0.002349200425669551,0.00423537427559495,0.004593363963067532,0.0004005868104286492,0.03306438773870468,0.0005519141559489071,0.0008205240592360497,0.015444276854395866,0.012337703257799149,0.00025264109717682004,0.00020937657973263413,0.0162424948066473,0.003135418053716421,0.25543347001075745,0.5618278980255127,0.06185758486390114,0.08898604661226273,0.003896901151165366,0.00010589112207526341,0.00199763267301023,0.010998539626598358,0.0015618903562426567,0.008035783655941486,0.9439092874526978,0.9507662653923035,0.07281258702278137,0.08409015089273453,0.8253641128540039,0.8389484882354736,2.7984779080725275e-06,6.678765657852637e-06
mutlu,3.92426682083169e-06,0.04433136060833931,0.037872012704610825,0.16158445179462433,0.07757693529129028,0.041822388768196106,0.0008744284277781844,3.6901174098602496e-06,3.609163059081766e-06,0.35832634568214417,0.23582783341407776,0.2535724937915802,0.24693644046783447,0.0031166821718215942,0.4433272182941437,0.49217039346694946,0.012065011076629162,0.05216669663786888,0.05353398248553276,0.5891585946083069,0.49066001176834106,0.0022161153610795736,0.0038841573987156153,0.004614247474819422,0.0002784142561722547,0.03652479127049446,0.0007656227680854499,0.0011242137989029288,0.018459731712937355,0.010439637117087841,0.0003057308495044708,0.00025507816462777555,0.013920576311647892,0.003188317408785224,0.21632933616638184,0.5328860878944397,0.08439407497644424,0.08851692825555801,0.0031825501937419176,9.713198232930154e-05,0.002189751248806715,0.01201179251074791,0.0016361401649191976,0.007578786928206682,0.9581679105758667,0.9565120339393616,0.10638793557882309,0.10619907826185226,0.8148704767227173,0.8100003600120544,2.988045480378787e-06,6.699101959384279e-06
mutlu,3.059140681216377e-06,0.01782606542110443,0.01278739981353283,0.35262057185173035,0.10902921110391617,0.07529763877391815,0.0009319023229181767,4.226338660373585e-06,4.686567990574986e-06,0.31120967864990234,0.1663942039012909,0.26340746879577637,0.23417074978351593,0.004429786931723356,0.40475353598594666,0.45211803913116455,0.014769891276955605,0.05215876176953316,0.058248721063137054,0.5307121276855469,0.4693189263343811,0.0027699603233486414,0.006711302790790796,0.005784901790320873,0.0002594833786133677,0.026670297607779503,0.0008533297805115581,0.0008245668723247945,0.021216681227087975,0.01038260105997324,0.0003999370092060417,0.0003360960690770298,0.007580921519547701,0.004532273858785629,0.27453845739364624,0.6145700216293335,0.09798160940408707,0.10130435228347778,0.0016283032018691301,5.92843716731295e-05,0.0029714549891650677,0.018560707569122314,0.0018105987692251801,0.006755555514246225,0.9588899612426758,0.9508578777313232,0.12724247574806213,0.10037027299404144,0.780415415763855,0.7318069934844971,3.287456820544321e-06,6.673888492514379e-06
dogal,6.979188924560731e-07,0.015802772715687752,0.018520798534154892,0.08996521681547165,0.12082972377538681,0.0741211473941803,5.203564342082245e-06,6.840512156713885e-08,2.969649131046026e-07,0.1278344839811325,0.05973281338810921,0.23446038365364075,0.22981613874435425,0.008196027018129826,0.25334566831588745,0.24656666815280914,0.02029155008494854,0.04092709720134735,0.035287998616695404,0.33278709650039673,0.170114204287529,0.007140983361750841,0.008437045849859715,3.5201457649236545e-05,0.00025558765628375113,0.0027071035001426935,8.759374759392813e-05,0.0008848128491081297,0.012539030984044075,0.00359543995000422,2.6046549464808777e-05,7.160592940635979e-05,0.001486056949943304,0.003286387538537383,0.00014382143854163587,0.00013480123016051948,0.013097248040139675,0.027005020529031754,0.0883871391415596,0.0007920223288238049,0.007289339788258076,0.0038267970085144043,0.013338965363800526,0.006060709711164236,0.00018541287863627076,0.0003809921909123659,6.056494385120459e-05,0.0061371116898953915,5.904435602133162e-05,7.393664418486878e-05,1.451282173547952e-06,3.556123715497961e-07
dogal,6.241439223231282e-07,0.023264827206730843,0.033452779054641724,0.137003093957901,0.08867115527391434,0.03434060886502266,2.759982862698962e-06,1.8721806327448576e-07,4.741038139854936e-07,0.16636066138744354,0.06625431030988693,0.4517112374305725,0.4308680593967438,0.031760331243276596,0.09825929999351501,0.1037810817360878,0.044163525104522705,0.013319793157279491,0.018243249505758286,0.24895355105400085,0.2774233818054199,0.004613886587321758,0.011002450250089169,4.2720334022305906e-05,0.0001843022764660418,0.0012171801645308733,8.405710832448676e-05,0.00024062933516688645,0.009400352835655212,0.0018163250060752034,0.00016378299915231764,0.0005853502079844475,0.0017489533638581634,0.0008559964480809867,0.0001969694858416915,0.0002223569608759135,0.009130743332207203,0.019325537607073784,0.11913304775953293,0.001436645514331758,0.00636709900572896,0.001607408281415701,0.0168551504611969,0.010832198895514011,0.0001820528705138713,0.0003921542956959456,0.00010644185385899618,0.04251977801322937,0.0001375652791466564,0.00013287038018461317,2.5922697659552796e-06,6.832453323113441e-07
dogal,2.0168497485428816e-06,0.36445990204811096,0.2804073095321655,0.0005666755023412406,0.0044201151467859745,0.004767148289829493,7.827718945918605e-06,5.891067900165581e-08,1.1455932025228321e-07,0.306587278842926,0.19965031743049622,0.3397255539894104,0.3312710225582123,0.23903939127922058,0.01633371412754059,0.016964033246040344,0.22313927114009857,0.030462704598903656,0.02561340667307377,0.4010498821735382,0.33828166127204895,0.0033740645740181208,0.0013613500632345676,2.3460888769477606e-05,0.0013595200143754482,0.0009242473170161247,5.355508164939238e-06,0.0001399998873239383,0.016219990327954292,0.011777522042393684,0.0032246967311948538,0.005618741735816002,5.255906216916628e-05,0.001078846980817616,4.782117684953846e-05,3.770107286982238e-05,0.2718706727027893,0.39659345149993896,0.0002595187397673726,0.00024087679048534483,0.008541438728570938,0.002364418003708124,0.3491474688053131,0.019633635878562927,0.018908318132162094,0.016900314018130302,0.0042001791298389435,0.015842551365494728,0.0007634581997990608,0.0010089774150401354,6.881846275064163e-07,6.155237883831433e-07
dogal,3.13239979732316e-06,0.012587468139827251,0.059891585260629654,0.005318846553564072,0.10794893652200699,0.016810264438390732,1.026071549858898e-05,3.3774307439671247e-07,1.23607961199923e-07,0.09778903424739838,0.08415363729000092,0.0693378746509552,0.057723600417375565,0.046690646559000015,0.12747207283973694,0.10752202570438385,0.03111603856086731,0.21504494547843933,0.22235187888145447,0.4371059536933899,0.6863986253738403,0.008752708323299885,0.005923348944634199,6.58544422549312e-06,0.0004772889078594744,0.00924878939986229,7.829284731997177e-05,0.0057714106515049934,0.005438398104161024,0.016404664143919945,0.0014960108092054725,0.001862092292867601,0.0001387834781780839,8.917527156881988e-05,4.770102532347664e-05,1.9943985535064712e-05,0.07352449744939804,0.14528249204158783,0.0018693675519898534,0.014809940941631794,0.0418073795735836,0.005786218214780092,0.6089625358581543,0.0572751984000206,0.002917096484452486,0.0034948191605508327,0.004140415694564581,0.00266915000975132,0.000645413005258888,0.0016111371805891395,2.1972250863200316e-07,3.487611479613406e-07
dogal,5.8887253544526175e-06,0.12761488556861877,0.2924706041812897,0.0007668136968277395,0.020515821874141693,0.004589193034917116,2.1424117221613415e-05,2.1467316457801644e-07,2.1402617278454272e-07,0.10613913834095001,0.12231147289276123,0.11284022033214569,0.12338192015886307,0.036927077919244766,0.10070794820785522,0.11344516277313232,0.04721425473690033,0.13312333822250366,0.10060940682888031,0.39227408170700073,0.4600032866001129,0.011953274719417095,0.003459123894572258,1.7359481716994196e-05,0.0002490700571797788,0.006614173296838999,4.014933074358851e-05,0.004396877717226744,0.006640524137765169,0.008659927174448967,0.0107567822560668,0.020557871088385582,5.066596713731997e-05,0.00014248442312236875,7.453440775861964e-05,4.181142139714211e-05,0.15084582567214966,0.2615152895450592,0.0004207006422802806,0.0021933652460575104,0.06002558767795563,0.004327448550611734,0.4847380816936493,0.018452465534210205,0.007460844703018665,0.01044490560889244,0.00669496227055788,0.042987994849681854,0.0008423685212619603,0.0013463322538882494,2.930680125245999e-07,8.994383051685872e-07
dogal,6.252822004171321e-06,0.2645958662033081,0.4054102897644043,0.0006126422085799277,0.016034534201025963,0.010390359908342361,2.0940178728778847e-05,1.527212276641876e-07,1.4724881225447461e-07,0.17715275287628174,0.1462698131799698,0.40466850996017456,0.40636083483695984,0.02278166078031063,0.07737221568822861,0.14892323315143585,0.06833650171756744,0.02614593505859375,0.012050413526594639,0.3481055200099945,0.3289981186389923,0.006276792846620083,0.0033092834055423737,4.748209903482348e-06,0.0004519533831626177,0.0046391235664486885,1.5520730812568218e-05,0.002026917180046439,0.016134187579154968,0.04097288101911545,0.0011268352391198277,0.0014418859500437975,6.171954009914771e-05,0.0002830663288477808,1.6460300685139373e-05,7.108448244252941e-06,0.19172056019306183,0.22691741585731506,0.0006055696285329759,0.005304159130901098,0.022662503644824028,0.004169497638940811,0.8980535268783569,0.15577717125415802,0.03063146583735943,0.029100967571139336,0.006162756122648716,0.005391544196754694,0.016571374610066414,0.02683987095952034,2.0207934881000256e-07,8.799680699667078e-07
dogal,8.544316187908407e-06,0.4625842571258545,0.5325689315795898,4.335139601607807e-05,0.011733145453035831,0.009521780535578728,4.7306999476859346e-05,9.50153165035772e-08,2.39895086906472e-07,0.1216651126742363,0.15079976618289948,0.5146921873092651,0.6329883337020874,0.012018624693155289,0.1427651047706604,0.23280750215053558,0.042477305978536606,0.020836425945162773,0.0035227586049586535,0.61788010597229,0.22094525396823883,0.007673804648220539,0.0026015618350356817,7.32233911548974e-06,0.006523487623780966,0.018340835347771645,5.804759439342888e-06,0.012173398397862911,0.047453612089157104,0.008475178852677345,0.00030292198061943054,0.00035836236202158034,0.00016195993521250784,0.006132268346846104,1.0382615073467605e-05,1.3368536201596726e-05,0.21925528347492218,0.022361773997545242,0.0023360915947705507,0.00034222163958474994,0.02382669411599636,0.011299069039523602,0.833125650882721,0.19505226612091064,0.02201288938522339,0.005792643409222364,0.004808695986866951,0.0008950239862315357,0.05133688822388649,0.026509225368499756,1.9196603773252718e-07,1.0829261327671702e-06
dogal,8.778466167314036e-07,0.03192007169127464,0.4729328155517578,0.008085767738521099,0.3508816063404083,0.015495614148676395,5.800935468869284e-06,5.056622285337653e-07,9.515430292594829e-07,0.17341460287570953,0.31114909052848816,0.03111393377184868,0.5666783452033997,0.002971960697323084,0.021410977467894554,0.7463189959526062,0.4160204231739044,0.2817108631134033,0.01114106085151434,0.12098734825849533,0.0932798758149147,0.017830973491072655,0.005102585069835186,3.5756394936470315e-05,4.380645987112075e-05,0.0001020979107124731,0.0001672936195973307,3.6364232073538005e-05,0.0015476150438189507,0.00022529237321577966,0.000625640619546175,0.0008163047023117542,0.025566352531313896,0.009556085802614689,3.275823110016063e-05,5.3037991165183485e-05,0.017259761691093445,0.006376983597874641,0.8372140526771545,0.0007113039609976113,0.0005305279628373682,4.0203583921538666e-05,0.1603739708662033,0.2326643019914627,0.5465800762176514,0.5344330072402954,0.02457176148891449,0.10884241759777069,0.05488470569252968,0.07155686616897583,7.029104381217621e-06,7.813002866896568e-07
dogal,8.506003723596223e-07,0.014123720116913319,0.05930524319410324,0.038033001124858856,0.17560110986232758,0.03545767441391945,5.055575456935912e-06,1.729055441046512e-07,1.8522723621572368e-07,0.048165421932935715,0.05655848979949951,0.4119092524051666,0.3678390681743622,0.014782505109906197,0.20944073796272278,0.19675132632255554,0.01710651069879532,0.016633937135338783,0.015066697262227535,0.17399290204048157,0.29998722672462463,0.012054824270308018,0.011155170388519764,3.349758480908349e-05,0.00010355950507801026,0.00046356875100173056,3.557575473678298e-05,0.00015438502305187285,0.007697202265262604,0.009417539462447166,0.00033339986111968756,0.00044091633753851056,0.000854772690217942,0.0003401860303711146,6.403991574188694e-05,6.268921424634755e-05,0.05297888442873955,0.05852098390460014,0.024079015478491783,0.006167009938508272,0.0017561801942065358,0.0001614902139408514,0.09058553725481033,0.046534884721040726,0.014039554633200169,0.023470498621463776,0.0018165939254686236,0.008128218352794647,0.00258111790753901,0.0033888521138578653,2.1817679680680158e-06,4.403349294079817e-07
dogal,1.4994897128417506e-06,0.13144966959953308,0.2258821278810501,0.004363786429166794,0.017963651567697525,0.008575327694416046,4.657872523239348e-06,1.2195707199680328e-07,3.49046644032569e-07,0.15475313365459442,0.15503834187984467,0.5264307260513306,0.49799785017967224,0.03268558531999588,0.14544343948364258,0.1457764208316803,0.017996449023485184,0.010443268343806267,0.00930557120591402,0.26495280861854553,0.3176174461841583,0.004002332221716642,0.0038158735260367393,2.5022434783750214e-05,0.00013920241326559335,0.0006471123779192567,4.948536661686376e-05,0.00019216281361877918,0.07195818424224854,0.005643969401717186,0.00014560880663339049,0.0002960392157547176,0.0004935355973429978,0.00020551105262711644,2.8814878533012234e-05,4.7149900638032705e-05,0.19469548761844635,0.03920390084385872,0.011211819015443325,0.011067651212215424,0.002476513385772705,0.000595438526943326,0.10858679562807083,0.0224001482129097,0.02473231963813305,0.017091810703277588,0.0012448943452909589,0.0103262048214674,0.0014951513148844242,0.0006978767924010754,2.5244369226129493e-06,6.061376325305901e-07
dogal,4.108673010705388e-07,0.019725536927580833,0.13625124096870422,0.013989766128361225,0.08216115832328796,0.018573850393295288,5.866869742021663e-06,4.9181075212345604e-08,1.45546621865833e-07,0.5625910758972168,0.5249806046485901,0.6728062629699707,0.6470191478729248,0.014465728774666786,0.25711798667907715,0.2690814435482025,0.01027393527328968,0.0076128332875669,0.005852065980434418,0.38931673765182495,0.3507286310195923,0.0010260810377076268,0.00040399516001343727,4.8454989155288786e-05,0.00012182861246401444,0.0004556643543764949,5.2076662541367114e-05,5.7685636420501396e-05,0.013079429976642132,0.011249822564423084,0.00016787431377451867,0.00023415569739881903,0.0005980146233923733,0.00013027197564952075,0.00020983183640055358,0.00026575630181469023,0.06390146911144257,0.046337246894836426,0.01857994869351387,0.018670085817575455,0.0015169003745540977,0.0006998445023782551,0.014231882058084011,0.017190076410770416,0.006586023140698671,0.009798586368560791,0.0008152510272338986,0.007012953981757164,0.0008974295342341065,0.0014872066676616669,5.413667622633511e-06,2.962196106182091e-07
dogal,2.074050371447811e-06,0.2929379940032959,0.3373870253562927,0.001988299423828721,0.013989577069878578,0.007887983694672585,1.889379018393811e-05,2.394247076153988e-07,5.908937623644306e-07,0.1929406374692917,0.08419468998908997,0.3712189793586731,0.3752075731754303,0.006957569159567356,0.2676909565925598,0.25285330414772034,0.016713619232177734,0.017311595380306244,0.018069300800561905,0.41325533390045166,0.3580609858036041,0.004231215454638004,0.006720524746924639,0.0001289248320972547,4.6363071305677295e-05,0.0012452809605747461,0.0001634480431675911,0.00019121624063700438,0.02699563093483448,0.0010848956881090999,0.003511499846354127,0.007670831400901079,0.00025342756998725235,1.5582618289045058e-05,0.00031162434606812894,0.0009518733131699264,0.16152159869670868,0.01304604858160019,0.005497031379491091,0.042146191000938416,0.005146713927388191,0.001370788086205721,0.011999129317700863,0.009414764121174812,0.007564372383058071,0.004007241223007441,0.004577901680022478,0.044843290001153946,0.0004038973420392722,0.0002036796504398808,4.088561581738759e-06,2.393113391008228e-06
dogal,9.139770895671973e-07,0.012401992455124855,0.035326313227415085,0.08997819572687149,0.1512525975704193,0.04486055672168732,1.3693403161596507e-05,2.566306420703768e-07,6.447128271247493e-07,0.5176379680633545,0.34429633617401123,0.48925137519836426,0.5139216184616089,0.014467371627688408,0.22702738642692566,0.21806885302066803,0.018179185688495636,0.009752502664923668,0.016126954928040504,0.3872099816799164,0.4737514555454254,0.0007657978567294776,0.0009711614693515003,0.00012402342690620571,0.0003021089651156217,0.0030936850234866142,0.00010460768680786714,0.0004075639881193638,0.027503736317157745,0.0005601565353572369,0.0007967427955009043,0.00201047514565289,0.0010132987517863512,0.0001874067820608616,0.0009640079224482179,0.003933611325919628,0.0577976256608963,0.005953035783022642,0.0580923929810524,0.0044870804995298386,0.007375430315732956,0.001214842195622623,0.0068730576895177364,0.009845067746937275,0.0007846969529055059,0.0004479542258195579,0.0006545279175043106,0.018997149541974068,0.00022998797066975385,0.00016000178584363312,6.507393209176371e-06,1.1029471806978108e-06
dogal,1.40004499371571e-06,0.06766315549612045,0.07277661561965942,0.039006557315588,0.0497928112745285,0.03267030045390129,5.949757905909792e-06,2.861319501334947e-07,4.652003724459064e-07,0.07598596811294556,0.020229587331414223,0.12214253842830658,0.08171538263559341,0.024724463000893593,0.11191657930612564,0.12001192569732666,0.03757332265377045,0.07274238020181656,0.09929816424846649,0.17756830155849457,0.3959995210170746,0.00594052579253912,0.02181784249842167,3.597299291868694e-05,0.00040299506508745253,0.004113025963306427,6.889538781251758e-05,0.0013867781963199377,0.019857928156852722,0.0007042435463517904,0.0002465645666234195,0.000499125977512449,0.0014376440085470676,0.0006782431737519801,0.00017096388910431415,0.00036937196273356676,0.042332183569669724,0.0056687528267502785,0.13134095072746277,0.002808017423376441,0.021034928038716316,0.002260555513203144,0.027938155457377434,0.010644443333148956,0.00020094438514206558,0.00010735610703704879,0.00046542665222659707,0.0018906352343037724,8.553609222872183e-05,6.260235386434942e-05,9.374010687679402e-07,5.651348260471423e-07
dogal,6.519337603094755e-07,0.09739517420530319,0.1788484901189804,0.003834144212305546,0.029325734823942184,0.013718239963054657,1.003135821520118e-05,6.796126683639159e-08,1.914090148602554e-07,0.4091557264328003,0.35273075103759766,0.42358994483947754,0.3865049481391907,0.018035072833299637,0.23728907108306885,0.26350805163383484,0.00922530796378851,0.02033849060535431,0.018489403650164604,0.36886265873908997,0.4724370539188385,0.0011708856327459216,0.0006052945973351598,7.801598258083686e-05,0.00026296565192751586,0.006782619748264551,0.00010378440492786467,0.0027579853776842356,0.015613661147654057,0.004764684941619635,3.088588346145116e-05,5.3846611990593374e-05,0.002180191921070218,0.0006904723704792559,0.00036362759419716895,0.0007476744940504432,0.027938341721892357,0.0176935326308012,0.06368106603622437,0.002692477311939001,0.005075021646916866,0.002122719306498766,0.0031811194494366646,0.005530840717256069,0.0015573076670989394,0.0023432692978531122,0.0002937694371212274,0.004522975068539381,0.00011463182454463094,0.00017819467757362872,9.63769139161741e-07,2.074302045684817e-07
dogal,1.0541160690991092e-06,0.24107514321804047,0.2889576554298401,0.0020060741808265448,0.008549574762582779,0.005932559724897146,9.907183084578719e-06,1.1237665376029327e-07,2.563334646765725e-07,0.24496470391750336,0.06850159168243408,0.204619899392128,0.18426531553268433,0.06923750787973404,0.05110524967312813,0.06876295059919357,0.07940707355737686,0.047052666544914246,0.05253800004720688,0.4391437768936157,0.3722386956214905,0.0031000978779047728,0.004700089804828167,7.637860835529864e-05,0.0005593447713181376,0.0064590382389724255,5.263429557089694e-05,0.0036783237010240555,0.05305197462439537,0.0025763753801584244,1.5291274394257925e-05,3.496888530207798e-05,0.006246907636523247,0.003136390121653676,0.0002190120576415211,0.00039812008617445827,0.02609056979417801,0.010354243218898773,0.20097631216049194,0.0008752824505791068,0.0067565469071269035,0.0013145951088517904,0.005562803708016872,0.006185683887451887,0.0010504538659006357,0.000969382468611002,0.0001467122056055814,0.0018778524827212095,8.059373067226261e-05,5.377236448111944e-05,4.644339242076967e-07,2.720859981764079e-07
dogal,1.7075050209314213e-06,0.1310967355966568,0.15272453427314758,0.0037584693636745214,0.032743602991104126,0.020537840202450752,1.3993311767990235e-05,1.3251602126729267e-07,2.7408717073740263e-07,0.0800698772072792,0.024682054296135902,0.03727838024497032,0.029751360416412354,0.054583240300416946,0.04812463000416756,0.07130103558301926,0.07504220306873322,0.21256090700626373,0.2071664184331894,0.4672633707523346,0.2977522611618042,0.007730591576546431,0.01004846952855587,6.66086416458711e-05,0.0009243398089893162,0.0024935640394687653,1.3679436960956082e-05,0.0008369347197003663,0.043899837881326675,0.0018769287271425128,0.00014054348866920918,0.00025202136021107435,0.0013465579831972718,0.0012827001046389341,0.0002146858023479581,0.00043271147296763957,0.0819755494594574,0.014288957230746746,0.02937670424580574,0.0011198180727660656,0.006443894002586603,0.0011320123448967934,0.015898646786808968,0.011246634647250175,0.0027279036585241556,0.0015441857976838946,0.0009410868515260518,0.0023666720371693373,0.00018667698896024376,0.00014496062067337334,1.0385308542026905e-06,5.626234838018718e-07
dogal,1.0089488569064997e-06,0.03159720078110695,0.05603757128119469,0.030966728925704956,0.09777788817882538,0.07279124855995178,7.087538961059181e-06,7.548815261770869e-08,2.0701796188404842e-07,0.11964619159698486,0.03445332497358322,0.1615443229675293,0.1484668105840683,0.07472321391105652,0.048197176307439804,0.06343404203653336,0.081647127866745,0.05750998854637146,0.05488204583525658,0.3232921063899994,0.14306354522705078,0.008977618999779224,0.0077985431998968124,4.4891548895975575e-05,0.0003403383307158947,0.00039920603740029037,1.1629403161350638e-05,0.00012840366980526596,0.021536722779273987,0.001138785621151328,0.00017302630294580013,0.0003583341895136982,0.00139685720205307,0.003228476969525218,7.107854617061093e-05,0.0001376107829855755,0.04629578813910484,0.0163973867893219,0.054384876042604446,0.0004421524645294994,0.001446898328140378,0.0001944353134604171,0.02573758363723755,0.021989574655890465,0.005963476840406656,0.004928007256239653,0.0010077438782900572,0.009242884814739227,0.0007997439824976027,0.0006774996290914714,2.971804178741877e-06,4.332014782448823e-07
dogal,5.523941695173562e-07,0.02187458425760269,0.0578412301838398,0.024051984772086143,0.15136829018592834,0.06808704882860184,5.461067758005811e-06,6.02881442546277e-08,1.0849765175180437e-07,0.1071629673242569,0.047535043209791183,0.14807432889938354,0.14932385087013245,0.09751135855913162,0.03142905607819557,0.05255725234746933,0.10971035808324814,0.06068960949778557,0.05319790542125702,0.40301409363746643,0.16851988434791565,0.011016879230737686,0.0056792981922626495,2.6212403099634685e-05,0.00028215316706337035,0.0009570742258802056,3.665732583613135e-05,0.00026362334028817713,0.0078352065756917,0.002589880721643567,4.2347328417235985e-05,7.053580338833854e-05,0.0023562852293252945,0.0017868357244879007,0.00011777794134104624,0.00014268903760239482,0.012138658203184605,0.01406143233180046,0.20525029301643372,0.0017709123203530908,0.0027173429261893034,0.0004994168994016945,0.019634870812296867,0.015546565875411034,0.00040381841245107353,0.0005747626419179142,0.00017828796990215778,0.0016635383944958448,0.00029204695601947606,0.000482506729895249,1.7575199535713182e-06,1.9832921793749847e-07
dogal,8.812840519567544e-07,0.0804399624466896,0.12074854969978333,0.003426982555538416,0.03590311110019684,0.0221259705722332,2.114058952429332e-05,4.4427423517845455e-08,1.73128299252312e-07,0.36735936999320984,0.19295962154865265,0.3629554808139801,0.3399442136287689,0.14139209687709808,0.03181731700897217,0.037520792335271835,0.135544091463089,0.03077181614935398,0.028801022097468376,0.5989951491355896,0.4965638220310211,0.002301520900800824,0.0013652653433382511,0.00012131633411627263,0.0013194632483646274,0.004817510023713112,1.959057044587098e-05,0.0028703929856419563,0.0896085649728775,0.001165725407190621,3.053005275432952e-05,6.144829239929095e-05,0.0013831094838678837,0.0043390290811657906,0.0001491107977926731,0.0005000380915589631,0.1152353584766388,0.009855685755610466,0.01780729740858078,0.0001745533081702888,0.0026115395594388247,0.0029181772843003273,0.0023399495985358953,0.0016639233799651265,0.017725950106978416,0.0064950198866426945,0.001782708684913814,0.004589462652802467,8.40531793073751e-05,4.058603008161299e-05,5.698964855582744e-07,4.132821800340025e-07
dogal,9.675882211013231e-07,0.022688768804073334,0.03336455300450325,0.012152600102126598,0.08662769943475723,0.04737728834152222,0.000230918507440947,2.3299041629343265e-07,2.1280094131270744e-07,0.2189471572637558,0.22131609916687012,0.28265371918678284,0.2872830629348755,0.12664254009723663,0.030235838145017624,0.03716444596648216,0.11703027039766312,0.04299437254667282,0.031414493918418884,0.557807207107544,0.38499173521995544,0.004901085514575243,0.0012634102022275329,0.001176967634819448,0.0019805252086371183,0.06792950630187988,0.00014325561642181128,0.0016069012926891446,0.055641237646341324,0.003517650533467531,3.559322431101464e-05,5.197455902816728e-05,0.029661137610673904,0.0006091949762776494,0.04915255308151245,0.1404293179512024,0.0526382178068161,0.014499170705676079,0.007013541646301746,0.00039435733924619853,0.0012854064116254449,0.004238955210894346,0.00016875586879905313,0.01192637998610735,0.057392265647649765,0.03612753376364708,0.002172399079427123,0.006002688314765692,0.029539290815591812,0.025993457064032555,2.1222588202363113e-06,1.7048121208063094e-06
dogal,1.7684636759440764e-06,0.028580568730831146,0.038106366991996765,0.016014330089092255,0.10791543871164322,0.06759495288133621,0.00018983088375534862,6.141095809653052e-07,6.467431603596197e-07,0.16476187109947205,0.10653349757194519,0.3331034481525421,0.32440418004989624,0.04853561148047447,0.07663051784038544,0.07591228932142258,0.055032748728990555,0.026712045073509216,0.02647954411804676,0.37021276354789734,0.39012765884399414,0.0051121823489665985,0.004228558856993914,0.0013517291517928243,0.0011501875706017017,0.016752004623413086,7.067719707265496e-05,0.000344004511134699,0.03352286294102669,0.0008714017458260059,0.0004714176757261157,0.0008457235526293516,0.02181631699204445,0.0015913471579551697,0.04165181145071983,0.12556268274784088,0.03987767547369003,0.00971880741417408,0.012909019365906715,9.310189489042386e-05,0.0014567142352461815,0.001479307422414422,0.0007925356621854007,0.042257070541381836,0.12979421019554138,0.07379227876663208,0.009642591699957848,0.052708111703395844,0.15339133143424988,0.1298137605190277,4.428618922247551e-06,3.916396963177249e-06
dogal,8.158220339282707e-07,0.03708634898066521,0.10578563809394836,0.005560345947742462,0.08288336545228958,0.04188714921474457,1.6835909264045767e-05,7.56249178834878e-08,9.330738492963064e-08,0.4683955907821655,0.4915768802165985,0.571782648563385,0.5215660333633423,0.09991469234228134,0.04639054834842682,0.044594164937734604,0.09980744123458862,0.018211090937256813,0.010086663998663425,0.4577069580554962,0.49261903762817383,0.0017346058739349246,0.0003139341715723276,0.00013532205775845796,0.00022058404283598065,0.0002293109573656693,1.4432986063184217e-05,6.010923971189186e-05,0.003201474202796817,0.0017908733570948243,0.00025917106540873647,0.00029531531617976725,0.005151988007128239,0.0011021122336387634,0.00022664324205834419,0.000323342508636415,0.00975776743143797,0.008018583059310913,0.17637349665164948,0.0010150921298190951,0.0002205615455750376,0.00011332835128996521,0.003991718869656324,0.02805149555206299,0.24027521908283234,0.25600963830947876,0.012895743362605572,0.06134509667754173,0.004473787732422352,0.009774483740329742,4.389216883282643e-06,4.380321456665115e-07
dogal,5.850654360983754e-07,0.0832354798913002,0.054128438234329224,0.01148440595716238,0.046068646013736725,0.03495943918824196,8.152985174092464e-06,8.142219343199031e-08,8.279769048158414e-08,0.24577383697032928,0.12480561435222626,0.4030529856681824,0.3734084367752075,0.031719885766506195,0.11322259157896042,0.11645089834928513,0.04175383597612381,0.022797469049692154,0.022099167108535767,0.36621278524398804,0.45172443985939026,0.0034982780925929546,0.002913898788392544,4.13169946114067e-05,0.0004198321548756212,0.002135250484570861,1.7604050299269147e-05,0.0005359066417440772,0.0013771939557045698,0.015077201649546623,0.00214202469214797,0.0029910767916589975,0.0001750798983266577,0.00018409396579954773,0.000440240342868492,0.00022660889953840524,0.013645733706653118,0.12851589918136597,0.0037025425117462873,0.002184301847591996,0.008704621344804764,0.001912117819301784,0.034659918397665024,0.006353754550218582,0.0010006664087995887,0.0027210330590605736,0.0010476026218384504,0.006683501414954662,0.00022753834491595626,0.0015041186707094312,6.292887633208011e-07,5.349609750737727e-07
dogal,1.4686569329569465e-06,0.047677259892225266,0.09903029352426529,0.0050589595921337605,0.07249180972576141,0.03675274923443794,9.870724170468748e-06,8.434476228558196e-08,2.0724868932120444e-07,0.23363728821277618,0.14243057370185852,0.3950408399105072,0.3509407937526703,0.06037971377372742,0.07202006876468658,0.06650291383266449,0.06508643180131912,0.024124328047037125,0.02048533782362938,0.3207595944404602,0.35926443338394165,0.0039411368779838085,0.002748506609350443,6.309205491561443e-05,0.00022597455244977027,0.0001994539488805458,9.60299621510785e-06,7.543170067947358e-05,0.019383717328310013,0.0016185365384444594,0.00026956674992106855,0.00043252669274806976,0.0008978794212453067,0.002905671251937747,4.487417754717171e-05,7.72471830714494e-05,0.06082356721162796,0.022458840161561966,0.039091285318136215,0.000375662581063807,0.0008069797186180949,0.00017350442067254335,0.036037299782037735,0.02433544397354126,0.22928743064403534,0.17143164575099945,0.008413120172917843,0.046225108206272125,0.00160703354049474,0.0024561528116464615,2.7055491500505013e-06,5.669285769727139e-07
dogal,1.0913967116721324e-06,0.026789594441652298,0.048024579882621765,0.008808335289359093,0.11915475875139236,0.06355524063110352,7.123595423763618e-06,7.999552309456703e-08,1.6421780912878603e-07,0.16031962633132935,0.13311472535133362,0.2712612748146057,0.24815833568572998,0.04366800934076309,0.09010723978281021,0.0786258727312088,0.046779800206422806,0.03645206615328789,0.03037368133664131,0.3639722764492035,0.37918978929519653,0.0054087345488369465,0.003338781651109457,5.027846054872498e-05,0.0001964904076885432,0.00018182332860305905,1.0759685210359748e-05,5.6485110690118745e-05,0.020946720615029335,0.0029763157945126295,0.0002257856831420213,0.00037474132841452956,0.0010005772346630692,0.0012459910940378904,5.661399700329639e-05,7.21747346688062e-05,0.056109413504600525,0.032596688717603683,0.03342384472489357,0.0010997483041137457,0.0006293698097579181,0.00013105889956932515,0.035970643162727356,0.03153621405363083,0.061113450676202774,0.06577149778604507,0.004361752420663834,0.029827628284692764,0.0014634223189204931,0.002339188242331147,3.8064624732214725e-06,4.44611174543752e-07
dogal,1.213373820974084e-06,0.018538206815719604,0.04214167222380638,0.035643719136714935,0.1492156982421875,0.06680332869291306,8.08651475381339e-06,1.7256093087780755e-07,4.1938423578358197e-07,0.1714591681957245,0.13531552255153656,0.3781084418296814,0.33770859241485596,0.031139545142650604,0.12414845079183578,0.10960803180932999,0.02973773516714573,0.020138781517744064,0.019588150084018707,0.2957935631275177,0.3665572702884674,0.004333712626248598,0.004802387673407793,9.16150092962198e-05,0.0002559749409556389,0.00016292321379296482,7.922202712506987e-06,3.0955823604017496e-05,0.021064847707748413,0.0005975024541839957,0.0014281671028584242,0.0026214513927698135,0.0010256862733513117,0.0012250919826328754,0.00010437293531140313,0.00030027690809220076,0.08221103250980377,0.012373819947242737,0.03810405731201172,0.0006611818680539727,0.0008191608940251172,0.00011217920837225392,0.023054078221321106,0.04304877668619156,0.057899653911590576,0.03558511286973953,0.011539469473063946,0.07139486819505692,0.0024335170164704323,0.0026829561684280634,9.371835403726436e-06,1.0080918855237542e-06
dogal,1.1777808595070383e-06,0.023247595876455307,0.07162798941135406,0.04347403720021248,0.14692653715610504,0.04828772321343422,9.734945706441067e-06,2.1557463014687528e-07,6.678413910776726e-07,0.16014796495437622,0.14287012815475464,0.2693150043487549,0.2690909802913666,0.002600309904664755,0.5108258128166199,0.4733129143714905,0.005795975215733051,0.02995631843805313,0.02769300527870655,0.33912956714630127,0.31410929560661316,0.00534113310277462,0.0054105245508253574,0.0001343859184999019,0.00012677510676439852,0.00017616149852983654,3.302629556856118e-05,2.7929776479140855e-05,0.019082380458712578,0.0011758158216252923,0.000638296885881573,0.000985761289484799,0.0018646653043106198,0.0008765089442022145,0.00015399100084323436,0.0004128391738049686,0.0778680145740509,0.015014056116342545,0.08505236357450485,0.0014141311403363943,0.0009257866186089814,9.472113015362993e-05,0.012617181986570358,0.03466078266501427,0.0575738325715065,0.04212900996208191,0.007981063798069954,0.06040635332465172,0.0010798006551340222,0.0011139685520902276,1.2942548892169725e-05,1.0558425174167496e-06
dogal,1.425375671715301e-06,0.018409503623843193,0.06379294395446777,0.08648934215307236,0.17899920046329498,0.0500398688018322,9.704154763312545e-06,3.2797308335830166e-07,8.044601713663724e-07,0.14898563921451569,0.09259971231222153,0.18133531510829926,0.17552584409713745,0.003055355278775096,0.5026443600654602,0.4729476869106293,0.0053529939614236355,0.04472225904464722,0.04700072854757309,0.3310946822166443,0.30346930027008057,0.0052857473492622375,0.007505979388952255,0.00012561868061311543,0.00011525966692715883,0.00012057730054948479,3.5407567338552326e-05,1.538618016638793e-05,0.015030277892947197,0.000834815320558846,0.0015035714022815228,0.0021147693041712046,0.001726693008095026,0.0013587698340415955,0.00014380403445102274,0.0003657416673377156,0.06377113610506058,0.011287642642855644,0.1107194572687149,0.0007516655023209751,0.0009611278073862195,6.379913975251839e-05,0.018706880509853363,0.056561607867479324,0.1271466165781021,0.0826510563492775,0.019515205174684525,0.0880080834031105,0.0010294233215972781,0.001251955283805728,1.631097802601289e-05,1.1579429610719671e-06
dogal,8.570354452785978e-07,0.013604041188955307,0.028105802834033966,0.042406633496284485,0.22131898999214172,0.10406307131052017,9.971905456040986e-06,1.9281958429928636e-07,5.507398554982501e-07,0.12193484604358673,0.06791256368160248,0.2445380836725235,0.22664278745651245,0.010422062128782272,0.27761614322662354,0.2670983076095581,0.011437701992690563,0.033211253583431244,0.03693872317671776,0.31781136989593506,0.3213552236557007,0.006747877225279808,0.011940570548176765,0.00012109037925256416,0.0002565007016528398,0.00018632080173119903,9.768779818841722e-06,2.9225933758425526e-05,0.018510786816477776,0.0005750987911596894,0.0020124863367527723,0.003261796897277236,0.0010567114222794771,0.001819800352677703,0.00019302112923469394,0.0005884934216737747,0.0790921300649643,0.009953743778169155,0.04775749891996384,0.0003545908257365227,0.000984658719971776,9.903612226480618e-05,0.010844780132174492,0.026424990966916084,0.041563741862773895,0.02036871202290058,0.017341624945402145,0.04911097139120102,0.0010471924906596541,0.0009525070781819522,1.0731678230513353e-05,1.0047086789199966e-06
dogal,8.709661187822348e-07,0.014385181479156017,0.03636820241808891,0.03920268639922142,0.14550067484378815,0.07261200994253159,1.1184234608663246e-05,1.808063956332262e-07,2.201592081974013e-07,0.2229330688714981,0.12423817813396454,0.45759111642837524,0.4039722681045532,0.1475711315870285,0.028227441012859344,0.02597774565219879,0.14403344690799713,0.01913636177778244,0.015929104760289192,0.34308990836143494,0.3696027994155884,0.004842044785618782,0.0041090683080255985,0.00011743243521777913,0.0003381800779607147,0.0001853110734373331,5.033258730691159e-06,3.495274722808972e-05,0.008071022108197212,0.0014072679914534092,0.0029729600064456463,0.0044708834029734135,0.0006847926997579634,0.0011115716770291328,0.0001886713143903762,0.0003089666133746505,0.050935275852680206,0.028051285073161125,0.01736653968691826,0.00047119613736867905,0.0008553132065571845,0.0001158088562078774,0.018956433981657028,0.029015742242336273,0.05868586525321007,0.050974104553461075,0.01804487034678459,0.07184445112943649,0.0031529581174254417,0.00431747455149889,6.021102763043018e-06,1.0754931736300932e-06
dogal,3.464327278379642e-07,0.01661469042301178,0.025598198175430298,0.030417852103710175,0.162887305021286,0.09596918523311615,1.2293929103179835e-05,1.1345284178787551e-07,7.930550083301569e-08,0.1932889074087143,0.09688425809144974,0.48812469840049744,0.4478170573711395,0.3094662129878998,0.00997401773929596,0.013988411985337734,0.2854669392108917,0.015045045875012875,0.012237124145030975,0.29026466608047485,0.28995564579963684,0.006076526362448931,0.004857041407376528,0.00015460082795470953,0.0003208037815056741,0.00013345449406187981,4.5485858208849095e-06,1.882890865090303e-05,0.004682297818362713,0.0029075038619339466,0.0012266534613445401,0.0015253984602168202,0.000983373960480094,0.0015880707651376724,0.0003255773917771876,0.00041233754018321633,0.033081088215112686,0.040600042790174484,0.020934266969561577,0.00029144587460905313,0.00040286313742399216,8.177002746379003e-05,0.008959220722317696,0.019668349996209145,0.06475836783647537,0.06251615285873413,0.015060294419527054,0.029710106551647186,0.003840190125629306,0.00447465805336833,4.9230352487938944e-06,5.981464710202999e-07
dogal,4.6592583657911746e-07,0.022116769105196,0.02567959576845169,0.023587666451931,0.14153939485549927,0.10297266393899918,1.152728873421438e-05,1.1250104137161543e-07,8.067554091439888e-08,0.19258159399032593,0.10077673196792603,0.5090193748474121,0.4662470519542694,0.2972077429294586,0.009958208538591862,0.014433472417294979,0.27157893776893616,0.014023007825016975,0.010138152167201042,0.32399117946624756,0.24067261815071106,0.006155403796583414,0.004017384722828865,0.0001069294594344683,0.0004088321584276855,0.0001359709567623213,3.916057266906137e-06,2.0218483768985607e-05,0.00546768493950367,0.0028766505420207977,0.0017787690740078688,0.0022790483199059963,0.0007854544674046338,0.0009582283673807979,0.00022029547835700214,0.000281622662441805,0.04300250485539436,0.0406862273812294,0.015500904992222786,0.0005499501712620258,0.0005258905002847314,8.823575626593083e-05,0.01790398173034191,0.028623154386878014,0.04214891418814659,0.03646041452884674,0.01144785713404417,0.018930602818727493,0.004973285831511021,0.005138794891536236,5.177394541533431e-06,6.586020617760369e-07
dogal,7.093538556546264e-07,0.011271211318671703,0.03175252303481102,0.047498468309640884,0.18350237607955933,0.0706624761223793,7.989264304342214e-06,1.8477786056791956e-07,3.744830223695317e-07,0.23365648090839386,0.1711566001176834,0.45544829964637756,0.4219076931476593,0.01590580865740776,0.24900147318840027,0.2551182508468628,0.008172184228897095,0.015956051647663116,0.015362017787992954,0.35912463068962097,0.339954137802124,0.0040315124206244946,0.004282809793949127,9.926909115165472e-05,0.0002334508317289874,0.0001570423919474706,1.0548398677201476e-05,2.1623920474667102e-05,0.01159886084496975,0.0015058863209560513,0.0025855277199298143,0.0034545131493359804,0.0007659708498977125,0.0004953218158334494,0.0001741023443173617,0.00038377332384698093,0.07826916128396988,0.019720042124390602,0.033168792724609375,0.001383792026899755,0.001017209142446518,0.00011131991050206125,0.017807966098189354,0.03652140498161316,0.06789762526750565,0.050782397389411926,0.018735099583864212,0.05658677965402603,0.0019021726911887527,0.002328485483303666,1.1540488230821211e-05,8.154276542882144e-07
dogal,3.590767789773963e-07,0.00422437209635973,0.008679365739226341,0.10352131724357605,0.377473920583725,0.2578032910823822,7.14210500518675e-06,3.3334220006508986e-07,8.34339971333975e-07,0.1937049925327301,0.110306017100811,0.3207527995109558,0.2813445031642914,0.001142497407272458,0.8400408029556274,0.8460983037948608,0.0009204254602082074,0.03116007335484028,0.03132185339927673,0.23740729689598083,0.3969475030899048,0.005901443772017956,0.008927649818360806,0.0002289725380251184,0.00013448859681375325,0.00010589637531666085,5.739208427257836e-05,6.632304121012567e-06,0.0066747646778821945,0.0013468184042721987,0.00823272205889225,0.007985658943653107,0.0018657626351341605,0.0003321290132589638,0.0006056936690583825,0.0009812426287680864,0.03955436870455742,0.005980443675071001,0.11611946672201157,0.0014046190772205591,0.0007551087765023112,6.182103243190795e-05,0.006273697596043348,0.04168382287025452,0.040027037262916565,0.03294762969017029,0.08011717349290848,0.13231582939624786,0.0013857161393389106,0.001847389037720859,2.3801738279871643e-05,7.326386253225792e-07
dogal,3.4865107068071666e-07,0.006652755197137594,0.01457525510340929,0.06633184850215912,0.36510854959487915,0.2098757028579712,7.061281394271646e-06,2.443388780193345e-07,8.191830147552537e-07,0.19958370923995972,0.12147562950849533,0.3360697627067566,0.3002176284790039,0.0007363538024947047,0.8618274331092834,0.8711510896682739,0.0011558362748473883,0.029395192861557007,0.029131300747394562,0.18299095332622528,0.41963648796081543,0.0056437230668962,0.008966434746980667,0.00024697891785763204,0.00013063207734376192,9.616419993108138e-05,7.812169496901333e-05,5.503925876837457e-06,0.011851847171783447,0.002204385818913579,0.002524274168536067,0.002498168731108308,0.002005005022510886,0.00040106422966346145,0.0005531992064788938,0.0009042313904501498,0.05279746279120445,0.00870564579963684,0.1013481616973877,0.0014595170505344868,0.0006003243615850806,7.971906597958878e-05,0.0048585496842861176,0.03154340758919716,0.06314755231142044,0.053974322974681854,0.043407272547483444,0.0989326611161232,0.0008908843155950308,0.001059055677615106,2.138586569344625e-05,8.06729701707809e-07
dogal,5.016888735553948e-07,0.009267750196158886,0.016896257176995277,0.04660820588469505,0.30084970593452454,0.19779445230960846,8.916280421544798e-06,2.9385975608420267e-07,8.108709721454943e-07,0.23540948331356049,0.1292046457529068,0.3527781069278717,0.3243802487850189,0.003412544960156083,0.5501571893692017,0.5534701347351074,0.0036606118083000183,0.023776603862643242,0.024314913898706436,0.3179257810115814,0.3442702293395996,0.0038286226335912943,0.006950235925614834,0.00022183859255164862,0.00018041602743323892,0.00011426307173678651,2.88689825538313e-05,7.685959644732065e-06,0.007310193032026291,0.001701482804492116,0.00416570995002985,0.004317077342420816,0.0018015200039371848,0.0006056221318431199,0.0005251902039162815,0.0009861135622486472,0.049037739634513855,0.011474664323031902,0.09593462198972702,0.0009001790313050151,0.000744187505915761,5.9161702665733173e-05,0.006331537384539843,0.036318451166152954,0.058500032871961594,0.04549923539161682,0.043277088552713394,0.10240950435400009,0.0010235649533569813,0.0014982883585616946,2.075710472126957e-05,9.497080668552371e-07
dogal,5.113282099955541e-07,0.016577119007706642,0.02221755124628544,0.020185047760605812,0.1866609752178192,0.07886498421430588,1.1018435543519445e-05,1.0320761134607892e-07,6.917463934996704e-08,0.24937859177589417,0.1423901915550232,0.5012065172195435,0.47686469554901123,0.44084063172340393,0.005381508730351925,0.007882712408900261,0.4246842563152313,0.010543612763285637,0.009830738417804241,0.2856496572494507,0.34387266635894775,0.003219508333131671,0.0023882417008280754,8.740100747672841e-05,0.0004213587089907378,0.00017905393906403333,4.30486443292466e-06,3.2916686905082315e-05,0.012835253030061722,0.007215458899736404,0.0008935860241763294,0.001096898689866066,0.0003722539113368839,0.0032325887586921453,0.00014088281022850424,0.00013521667278837413,0.10435613989830017,0.12088199704885483,0.005841392558068037,0.0001634443033253774,0.0010178161319345236,0.00018067545897793025,0.048969022929668427,0.01928042061626911,0.10958244651556015,0.0804525762796402,0.013278921134769917,0.015494299121201038,0.0019429299281910062,0.002199047477915883,1.9851345314236823e-06,5.342120630302816e-07
dogal,2.272693819804772e-07,0.010517826303839684,0.015524900518357754,0.016732128337025642,0.25429508090019226,0.09271298348903656,9.586233318259474e-06,7.737653362482888e-08,3.8055041784446075e-08,0.17045533657073975,0.09213247895240784,0.2300894856452942,0.21766212582588196,0.5602954626083374,0.003666745498776436,0.005787326954305172,0.5258933305740356,0.03558768332004547,0.03301067277789116,0.3016849756240845,0.26255378127098083,0.005832798313349485,0.004244532436132431,0.00010199214739259332,0.00025345609174109995,0.00012839498231187463,8.929998330131639e-06,1.5147440535656642e-05,0.005432879086583853,0.007485521491616964,0.000903604319319129,0.0008877536747604609,0.0004916805773973465,0.0010610156459733844,0.00024364089767914265,0.00017724689678288996,0.047883886843919754,0.09562833607196808,0.006814353633671999,0.00046002495218999684,0.0005107725155539811,0.00015824477304704487,0.01883484236896038,0.01648014225065708,0.06383777409791946,0.060241684317588806,0.018849899992346764,0.010441755875945091,0.0010838700691238046,0.0015705908881500363,2.3893892375781434e-06,2.9425515890579845e-07
dogal,2.7414989745011553e-07,0.013151301071047783,0.027190031483769417,0.01355685479938984,0.21805694699287415,0.06575874984264374,9.296767530031502e-06,5.8873162345207675e-08,4.563896993659e-08,0.17168520390987396,0.08068210631608963,0.3249779939651489,0.2966878116130829,0.40114301443099976,0.007425960619002581,0.010348224081099033,0.372224897146225,0.024397090077400208,0.02221161685883999,0.3018822968006134,0.29729780554771423,0.006322360597550869,0.004374809563159943,8.806175173958763e-05,0.0004905996611341834,0.00017114492948167026,4.259920387994498e-06,2.4987881261040457e-05,0.009180380962789059,0.008036516606807709,0.0009140865877270699,0.0010098987258970737,0.0003239858488086611,0.0023204870522022247,0.0001820532197598368,0.0001405177463311702,0.08066777884960175,0.12944234907627106,0.004307480528950691,0.00016509064880665392,0.0008882448892109096,0.00021600090258289129,0.028492959216237068,0.011666183359920979,0.05659098923206329,0.044877778738737106,0.013267436064779758,0.008039798587560654,0.0007539177313446999,0.000877916463650763,1.5900102425803198e-06,3.4115058156203304e-07
dogal,9.416912121196219e-07,0.013920347206294537,0.039082154631614685,0.011273512616753578,0.1563398391008377,0.059087201952934265,2.087038228637539e-05,6.571772104280171e-08,1.7581862721272046e-07,0.31109973788261414,0.31786197423934937,0.5365138053894043,0.4683535695075989,0.07230363041162491,0.054442282766103745,0.06482654809951782,0.08176187425851822,0.01889083720743656,0.01201510801911354,0.4828830361366272,0.46365341544151306,0.002779522445052862,0.0006385594606399536,0.0001228280452778563,0.0007147231372073293,0.0006954418495297432,6.137867330835434e-06,0.00023762485943734646,0.03788686543703079,0.004606013186275959,0.000409561995184049,0.0005644077900797129,0.00042808125726878643,0.0022092724684625864,0.00012589390098582953,0.00026089142193086445,0.1500120908021927,0.05006556212902069,0.004468702245503664,0.00025012498372234404,0.0020498225931078196,0.0007465257658623159,0.013587324880063534,0.005578021053224802,0.14510613679885864,0.08466511964797974,0.013212372548878193,0.027585523203015327,0.0002474962966516614,0.00031072102137841284,1.5360901670646854e-06,6.606881015613908e-07
dogal,1.3090965467199567e-06,0.019851529970765114,0.03879326954483986,0.00909641943871975,0.11640238761901855,0.057077620178461075,2.0446061171242036e-05,1.0421129559290421e-07,2.1348046175262425e-07,0.280287504196167,0.30704113841056824,0.42664429545402527,0.39181169867515564,0.0825001671910286,0.044506728649139404,0.05861121788620949,0.10036364197731018,0.02836494706571102,0.017947329208254814,0.5503742694854736,0.4443921148777008,0.003099898574873805,0.0007508858689107001,0.00013193437189329416,0.0005908968159928918,0.0005498458631336689,5.724552011088235e-06,0.00022749125491827726,0.025628721341490746,0.002065700013190508,0.000992514775134623,0.0014509983593598008,0.0006323725683614612,0.0024245823733508587,0.00011277888552285731,0.0002571216318756342,0.10812336206436157,0.030473068356513977,0.009570230729877949,0.00020626741752494127,0.001853023306466639,0.0003678453213069588,0.017977073788642883,0.009419523179531097,0.1330076903104782,0.07745660096406937,0.020152047276496887,0.061287324875593185,0.00048027595039457083,0.0005800164653919637,2.0380412024678662e-06,8.536379709767061e-07
dogal,9.972161478799535e-07,0.011288315057754517,0.02389427460730076,0.009187917225062847,0.18089920282363892,0.07586710155010223,1.6505951862200163e-05,9.345593099396865e-08,1.5559221822059044e-07,0.2609979808330536,0.2705540359020233,0.42533814907073975,0.3780094385147095,0.08119592815637589,0.045832522213459015,0.05704253539443016,0.08982232958078384,0.028215868398547173,0.017163174226880074,0.5176656246185303,0.39712199568748474,0.003540156176313758,0.0009533663978800178,0.00011070740583818406,0.00043474321137182415,0.00042268974357284606,6.747240149707068e-06,0.00015756048378534615,0.018430734053254128,0.0040162838995456696,0.000714061432518065,0.0009501613094471395,0.0006333448691293597,0.0020992362406104803,0.00011287032975815237,0.00017767770623322576,0.08359989523887634,0.046501629054546356,0.009281039237976074,0.0003040397132281214,0.0014313844731077552,0.0002999627322424203,0.020530786365270615,0.01286563090980053,0.12367063760757446,0.10004498064517975,0.015154344029724598,0.040955252945423126,0.000592139083892107,0.0009571923292241991,2.250140369142173e-06,6.176206852614996e-07
mutlu,7.36912397769629e-07,0.013498516753315926,0.05856025218963623,0.012754268012940884,0.1674773246049881,0.06805761903524399,6.6656448325375095e-06,6.570004984496336e-08,1.3829381373398064e-07,0.21577119827270508,0.15482695400714874,0.264239639043808,0.24884524941444397,0.05629446730017662,0.06721039116382599,0.0675215944647789,0.058022934943437576,0.03648720681667328,0.03138032928109169,0.3194587528705597,0.32410258054733276,0.004339457023888826,0.0026494574267417192,4.3304418795742095e-05,0.00026808047550730407,0.000221070644329302,7.577848464279668e-06,5.864319609827362e-05,0.014992522075772285,0.00250808778218925,0.0005732268909923732,0.000922307139262557,0.0006316695944406092,0.001531823305413127,6.85423074173741e-05,9.855894313659519e-05,0.06073782965540886,0.034343086183071136,0.02349524199962616,0.000626143766567111,0.0010325172916054726,0.00013929427950643003,0.037343744188547134,0.02647463046014309,0.015663698315620422,0.015193614177405834,0.003339008893817663,0.0140307592228055,0.0011371357832103968,0.00158929533790797,3.7628012705681613e-06,4.022899418032466e-07
mutlu,1.2117467349526123e-06,0.02011948637664318,0.06267209351062775,0.02999015338718891,0.1806182861328125,0.05888642743229866,6.303701866272604e-06,7.760399967082776e-08,2.0708331760488363e-07,0.19396549463272095,0.16661839187145233,0.5903365015983582,0.5413986444473267,0.02091856673359871,0.13250941038131714,0.135391503572464,0.03574594855308533,0.009312805719673634,0.006804639473557472,0.22628316283226013,0.20099802315235138,0.004805865231901407,0.004404814913868904,2.3679300284129567e-05,0.00018951710080727935,0.00014476916112471372,1.2992015399504453e-05,2.7990088710794225e-05,0.02489924244582653,0.006147684063762426,0.00021057442063465714,0.00031351210782304406,0.000538825464900583,0.0019006389193236828,2.7080817744717933e-05,2.98884988296777e-05,0.09373302757740021,0.053965941071510315,0.022075964137911797,0.0011835870100185275,0.0006975639262236655,0.00016503130609635264,0.18193916976451874,0.07485438883304596,0.14459046721458435,0.1368827372789383,0.002650054870173335,0.013735942542552948,0.006071539595723152,0.00789076741784811,4.338991857366636e-06,6.432168220271706e-07
mutlu,1.868897925305646e-06,0.0063432687893509865,0.049631357192993164,0.06651809066534042,0.24577993154525757,0.08056554943323135,1.801970756787341e-05,1.663014472796931e-07,5.323653908817505e-07,0.29884228110313416,0.26106393337249756,0.6516454219818115,0.6463077068328857,0.015246301889419556,0.19778898358345032,0.20477604866027832,0.02589348703622818,0.009165680035948753,0.007092528510838747,0.272732138633728,0.1905411332845688,0.004405166022479534,0.0037111437413841486,3.814237061305903e-05,0.00022073510626796633,7.775861740810797e-05,9.209863492287695e-06,1.0092472621181514e-05,0.019540531560778618,0.0034658482763916254,0.0016984998947009444,0.0022876092698425055,0.000340580620104447,0.00043777734390459955,5.9439811593620107e-05,0.00012230666470713913,0.08839014917612076,0.032305601984262466,0.024800101295113564,0.0025945075321942568,0.0014329494442790747,0.0005379837821237743,0.2700498402118683,0.05355345085263252,0.7820400595664978,0.7136989831924438,0.004356787074357271,0.024187399074435234,0.03280816599726677,0.037738602608442307,7.075153916957788e-06,1.7404287291356013e-06
mutlu,1.2369550859148148e-06,0.013326487503945827,0.025696394965052605,0.10286594927310944,0.18217140436172485,0.12429875880479813,3.05312751152087e-05,2.8465407808653254e-07,8.745167292545375e-07,0.3440552353858948,0.2301545888185501,0.590262770652771,0.6083458662033081,0.0042840540409088135,0.45306411385536194,0.47288253903388977,0.008581268601119518,0.009902537800371647,0.009005310013890266,0.3577616810798645,0.30892959237098694,0.003223240841180086,0.003939996473491192,0.0001169210227089934,0.00013361377932596952,8.352113218279555e-05,1.4679897503810935e-05,7.3939841058745515e-06,0.02085019461810589,0.0019057620083913207,0.002086034743115306,0.002241001231595874,0.0004961608210578561,0.004106094595044851,0.0002448200830258429,0.0006727349245920777,0.0735190138220787,0.017299767583608627,0.019812021404504776,0.00014220656885299832,0.0013122970703989267,0.0005000393139198422,0.048987314105033875,0.029685141518712044,0.8879426121711731,0.7502382397651672,0.03437521308660507,0.03469223529100418,0.049738332629203796,0.037975069135427475,7.499835646740394e-06,1.6889675862330478e-06
mutlu,1.2662873132285313e-06,0.03785655274987221,0.06644110381603241,0.07115565985441208,0.14576572179794312,0.07734549790620804,5.47170166100841e-05,4.3177894326618116e-07,3.2873940654098988e-06,0.33500170707702637,0.17137548327445984,0.533832311630249,0.5358983278274536,0.0015357732772827148,0.7161586880683899,0.7565938830375671,0.0035420688800513744,0.013410533778369427,0.013342374004423618,0.38396263122558594,0.3521673381328583,0.003785615786910057,0.005897380877286196,0.0004348146903794259,0.00016497436445206404,0.00019326199253555387,5.32511985511519e-05,7.148531040002126e-06,0.050127819180488586,0.0013614539057016373,0.003073586616665125,0.0036941550206393003,0.0006899053696542978,0.0074571953155100346,0.0013924827799201012,0.0054292757995426655,0.10160407423973083,0.015233335085213184,0.008075772784650326,2.863842928491067e-05,0.0018666941905394197,0.0008878358057700098,0.008683377876877785,0.012713978067040443,0.9091529846191406,0.7822081446647644,0.09214214980602264,0.15518634021282196,0.013619457371532917,0.008791157975792885,1.1624580110947136e-05,3.2773618841019925e-06
mutlu,1.6675880942784715e-06,0.026483003050088882,0.053460005670785904,0.07384118437767029,0.12769944965839386,0.09045926481485367,5.054647772340104e-05,6.664207035100844e-07,2.5484569050604478e-06,0.2730408310890198,0.18121379613876343,0.47202789783477783,0.4894556701183319,0.0025026409421116114,0.5904734134674072,0.6223224401473999,0.005832980386912823,0.017109468579292297,0.015215177088975906,0.45886263251304626,0.3723818063735962,0.0036573607940226793,0.005248233675956726,0.0002786338736768812,0.00011619224824244156,0.00014895517961122096,4.8592090024612844e-05,9.332076842838433e-06,0.02330869436264038,0.0009017569245770574,0.002831247868016362,0.003547667758539319,0.0009409210761077702,0.005238543730229139,0.0006428374908864498,0.0025500538758933544,0.05130600929260254,0.009585611522197723,0.021092096343636513,7.169831224018708e-05,0.0010869388934224844,0.00044726254418492317,0.014167496003210545,0.023573873564600945,0.9251603484153748,0.8308948874473572,0.08010426163673401,0.1751471906900406,0.03418189659714699,0.02088300883769989,1.3019873222219758e-05,3.1355709779745666e-06
mutlu,1.662990371187334e-06,0.031066566705703735,0.06304161995649338,0.011951685883104801,0.05983513221144676,0.03803849220275879,4.538471330306493e-05,4.0679955759514996e-07,2.03074293381178e-07,0.2948181629180908,0.25588706135749817,0.187566876411438,0.19810020923614502,0.10354556888341904,0.0581648163497448,0.05473163723945618,0.11431050300598145,0.07587017118930817,0.07541758567094803,0.6758473515510559,0.5996990203857422,0.002846625866368413,0.0018251219298690557,0.00031069020042195916,0.00028880132595077157,0.0009283566032536328,1.854502443165984e-05,0.00025489556719549,0.008094594813883305,0.0015013966476544738,0.00021274833125062287,0.00030716913170181215,0.004121031612157822,0.00198463536798954,0.00043803825974464417,0.0012802749406546354,0.023020019754767418,0.008536707609891891,0.05294572561979294,0.00042122617014683783,0.000573960889596492,0.0009554901625961065,0.0034906300716102123,0.005034553352743387,0.8578406572341919,0.7752891778945923,0.00796477496623993,0.0503426194190979,0.002874114317819476,0.0026762012857943773,1.988482608794584e-06,1.6460472807011683e-06
mutlu,1.694648517513997e-06,0.05386762320995331,0.07959509640932083,0.005349301267415285,0.06378406286239624,0.04149840399622917,2.5336801627418026e-05,2.9072131724205974e-07,1.481149780602209e-07,0.24259686470031738,0.17581558227539062,0.24746540188789368,0.24861495196819305,0.21766312420368195,0.018239980563521385,0.02692970260977745,0.23681902885437012,0.04465324804186821,0.04590991884469986,0.6069196462631226,0.566100001335144,0.00366381136700511,0.002221872564405203,0.00013906575622968376,0.00036639373865909874,0.000485383381601423,9.08353194972733e-06,0.00013024873624090105,0.007627404760569334,0.00094955088570714,0.0003408190095797181,0.0005020342068746686,0.002406950807198882,0.001609593047760427,0.0001522307429695502,0.0003547336673364043,0.02529088966548443,0.007794131524860859,0.0469440259039402,0.0005760893691331148,0.0006615383317694068,0.0007864130893722177,0.01029974315315485,0.00713142566382885,0.8142723441123962,0.6790052652359009,0.006398271303623915,0.03675657510757446,0.0021264590322971344,0.001758809550665319,1.4863160231470829e-06,1.7260433651244966e-06
mutlu,1.7085181980291964e-06,0.04750485718250275,0.059267278760671616,0.010044917464256287,0.08893082290887833,0.047932952642440796,2.1165784346521832e-05,3.1665214805798314e-07,1.2546304617444548e-07,0.22765298187732697,0.13047431409358978,0.3419548273086548,0.3140977919101715,0.36742204427719116,0.007690096274018288,0.011335933580994606,0.38383495807647705,0.026118513196706772,0.027911081910133362,0.5435051918029785,0.5282803773880005,0.0041551776230335236,0.0027116502169519663,0.00011756845924537629,0.0003380562993697822,0.00028887621010653675,8.632198841951322e-06,5.168014104128815e-05,0.005714091472327709,0.0013667176244780421,0.0013956817565485835,0.0018579784082248807,0.0006806633318774402,0.0008257919689640403,0.0001432974386261776,0.0002037043304881081,0.038520727306604385,0.01699920743703842,0.012236231938004494,0.0006537131266668439,0.001452737720683217,0.0009125502547249198,0.02998194843530655,0.009028329513967037,0.7184475064277649,0.5844696760177612,0.009844537824392319,0.057734258472919464,0.0016967630945146084,0.001320736831985414,1.2705222616204992e-06,1.9258559404988773e-06
mutlu,2.505913982986385e-07,0.03658125922083855,0.05930040404200554,0.016459008678793907,0.1622198224067688,0.0382029227912426,2.2857406293042004e-05,1.7043231537172687e-07,7.274940827528553e-08,0.19254663586616516,0.1293293535709381,0.15297475457191467,0.15889519453048706,0.895369291305542,0.00054105871822685,0.0017888960428535938,0.9044463634490967,0.05598125979304314,0.0571000911295414,0.5499250888824463,0.3475117087364197,0.007246142718940973,0.003415267216041684,0.0004809918173123151,0.001889532315544784,0.00013852525444235653,4.269738838047488e-06,6.12240410191589e-06,0.001743765315040946,0.030424004420638084,0.005279796663671732,0.003126834984868765,0.0006332220509648323,0.00016084813978523016,0.00168721959926188,0.0014516826486214995,0.02879277989268303,0.08449380844831467,0.004791930317878723,0.001045081065967679,0.0008880341774784029,0.0005952821811661124,0.007018574979156256,0.00528164254501462,0.23682276904582977,0.3173319399356842,0.1200273185968399,0.08920115232467651,0.0003211605944670737,0.0009555129799991846,2.1491212010005256e-06,8.435608833678998e-07
mutlu,2.2134193500278343e-07,0.03910885378718376,0.059010595083236694,0.028248000890016556,0.157215878367424,0.033443450927734375,1.90501450560987e-05,1.384981231922211e-07,6.107401162580572e-08,0.09719496220350266,0.0593118816614151,0.09465339034795761,0.10684839636087418,0.9325385093688965,0.000383828766644001,0.001414726604707539,0.9365015029907227,0.09118591248989105,0.09378042817115784,0.467580646276474,0.21101024746894836,0.014531672932207584,0.009742560796439648,0.0003045813355129212,0.002133121946826577,0.00017439245129935443,7.80236496211728e-06,9.942213182512205e-06,0.0014485029969364405,0.021490251645445824,0.0029245191253721714,0.0016218431992456317,0.0007438662578351796,0.00027135969139635563,0.0012132411357015371,0.0008824978722259402,0.01938161626458168,0.07839716970920563,0.00613428233191371,0.0007382984040305018,0.0008688783273100853,0.000535771599970758,0.00875663012266159,0.0066613792441785336,0.24634023010730743,0.4165715277194977,0.052630793303251266,0.03947734832763672,0.0001632771745789796,0.0006393066141754389,1.3251657264845562e-06,6.570462574018165e-07
mutlu,2.3878487809270155e-07,0.014288950711488724,0.03285250440239906,0.040601249784231186,0.18747644126415253,0.0650046169757843,2.3814498490537517e-05,1.5980796774783812e-07,6.911133709763817e-08,0.21207918226718903,0.09605350345373154,0.25356048345565796,0.26424676179885864,0.8388864398002625,0.0007483274675905704,0.002055359771475196,0.8528165817260742,0.03328549116849899,0.032511983066797256,0.45233243703842163,0.3248106837272644,0.007751923054456711,0.004467503633350134,0.0005077054956927896,0.0006710811867378652,0.0001425283116986975,5.1270458243379835e-06,9.229902389051858e-06,0.0035897695925086737,0.00981159694492817,0.0011931309709325433,0.0010397810256108642,0.0008147602202370763,0.0007465030066668987,0.001128825475461781,0.0013302023289725184,0.028124375268816948,0.04451162740588188,0.005906145554035902,0.0002748948463704437,0.0004551369056571275,0.0004629103932529688,0.004072404000908136,0.0035999903921037912,0.47461897134780884,0.4509303867816925,0.030594512820243835,0.06904937326908112,0.00093074917094782,0.0012137567391619086,2.0851641693298006e-06,1.090993009711383e-06
mutlu,9.429520559933735e-07,0.023459380492568016,0.035264983773231506,0.027537202462553978,0.11356424540281296,0.06586921960115433,2.503711402823683e-05,1.620815623937233e-07,1.2650122016566456e-07,0.23094062507152557,0.18341511487960815,0.5211079120635986,0.49838197231292725,0.34541791677474976,0.00884946994483471,0.01208599004894495,0.35742348432540894,0.01494680531322956,0.010926530696451664,0.42691296339035034,0.31719377636909485,0.0046397615224123,0.002299658255651593,0.00013793818652629852,0.0003700802626553923,0.00022309769701678306,5.125129519001348e-06,3.9891983760753646e-05,0.0054437555372715,0.0018854306545108557,0.0005584596656262875,0.0007048266706988215,0.0007567844004370272,0.0005634451517835259,0.0002088161709252745,0.00030105633777566254,0.044555068016052246,0.02188657969236374,0.015253907069563866,0.0012077867286279798,0.0007293476373888552,0.00061638472834602,0.013619297184050083,0.008573130704462528,0.654651403427124,0.5435743927955627,0.01031488087028265,0.053084682673215866,0.004952544812113047,0.00435649324208498,2.8859949452453293e-06,1.391966407027212e-06
mutlu,1.1006293334503425e-06,0.01086518820375204,0.026294907554984093,0.11544795334339142,0.1753312349319458,0.07643696665763855,1.5100953532964922e-05,2.4799052766866225e-07,2.810958221743931e-07,0.24408626556396484,0.1593044400215149,0.5691308379173279,0.5611379146575928,0.05121295526623726,0.0682709664106369,0.08068782836198807,0.06995570659637451,0.009655376896262169,0.010160072706639767,0.26521894335746765,0.3338625133037567,0.0037815559189766645,0.004780071787536144,0.00010336800914956257,0.00024161284090951085,0.00013616896467283368,5.672700353898108e-06,2.4210099581978284e-05,0.00642892112955451,0.001048963749781251,0.0009981542825698853,0.0013162815012037754,0.0011699547758325934,0.0018716494087129831,0.00015228750999085605,0.0002740209165494889,0.03771163150668144,0.015819452702999115,0.04878252372145653,0.0005263859638944268,0.0007302903686650097,0.00023963201965671033,0.024577200412750244,0.027100443840026855,0.6206384301185608,0.4985281229019165,0.012124498374760151,0.05182145908474922,0.011765201576054096,0.01282186433672905,5.366075583879137e-06,1.4899108009558404e-06
mutlu,1.0182166079175659e-06,0.008913412690162659,0.022484969347715378,0.11798607558012009,0.19793689250946045,0.08328735828399658,1.598453673068434e-05,2.716628273446986e-07,3.550318865563895e-07,0.2924552261829376,0.18407225608825684,0.524948000907898,0.5198158025741577,0.02498025633394718,0.1308809518814087,0.13310348987579346,0.04056087136268616,0.011540605686604977,0.012587793171405792,0.26800063252449036,0.3224681615829468,0.00291277002543211,0.004328087437897921,0.00014279807510320097,0.00020974183280486614,0.00013755162945017219,6.773079803679138e-06,2.477404814271722e-05,0.0058875177055597305,0.0006407785695046186,0.0014156732941046357,0.0018286966951563954,0.001688364427536726,0.0020530293695628643,0.00020408596901688725,0.0004187872400507331,0.03280807286500931,0.009736040607094765,0.07307502627372742,0.0004281183937564492,0.0005991194047965109,0.00018346156866755337,0.016332058236002922,0.02909756638109684,0.6045623421669006,0.4405261278152466,0.024130575358867645,0.070912204682827,0.01439292449504137,0.015446791425347328,6.95128301231307e-06,1.3537747918235254e-06
mutlu,1.6668852822476765e-06,0.008541196584701538,0.025716807693243027,0.12990021705627441,0.19449876248836517,0.10622373968362808,2.5186142011079937e-05,5.403410909821105e-07,1.9369870187802007e-06,0.3199358284473419,0.22795747220516205,0.49275556206703186,0.48890969157218933,0.003988457378000021,0.47573187947273254,0.47816362977027893,0.006612284108996391,0.013276278041303158,0.011989573948085308,0.37780526280403137,0.2873484194278717,0.0031998069025576115,0.00317212357185781,0.00030491489451378584,0.0001212644056067802,0.00013422200572676957,4.275847823009826e-05,7.5507682595343795e-06,0.0212562195956707,0.0006573506980203092,0.008282201364636421,0.011684219352900982,0.0010641781846061349,0.0025206860154867172,0.000523434835486114,0.0014733249554410577,0.07200354337692261,0.009325646795332432,0.03864499554038048,0.0001291683583986014,0.0019743540324270725,0.0002275188162457198,0.01729954220354557,0.039638470858335495,0.5189555883407593,0.3103877604007721,0.07069339603185654,0.29641345143318176,0.005363777279853821,0.005603600759059191,1.763209183991421e-05,1.955959987753886e-06
mutlu,6.106067758082645e-07,0.009855484589934349,0.025807959958910942,0.0980416089296341,0.2827215790748596,0.13390454649925232,1.6614019841654226e-05,3.1050947768562764e-07,1.8096059193339897e-06,0.3373468220233917,0.24047435820102692,0.4378996789455414,0.43314704298973083,0.0017917362274602056,0.7606776356697083,0.7683927416801453,0.001568733947351575,0.01937202550470829,0.016731321811676025,0.36029133200645447,0.34233343601226807,0.0032134265638887882,0.0033239421900361776,0.00038984607090242207,9.102954936679453e-05,9.175944433081895e-05,8.390006405534223e-05,3.2160596674657427e-06,0.031040268018841743,0.0013473968720063567,0.002855145139619708,0.0034366073086857796,0.0012038924032822251,0.0007734210230410099,0.000994261004962027,0.0025272092316299677,0.08255217969417572,0.010955281555652618,0.05552633851766586,0.0004062062071170658,0.0010230157058686018,0.00014466965512838215,0.0069653745740652084,0.021005779504776,0.40984970331192017,0.25230109691619873,0.08382952958345413,0.2677586078643799,0.0027216013986617327,0.0025496280286461115,3.0414192224270664e-05,1.0839582955668448e-06
mutlu,5.475531565934944e-07,0.014636926352977753,0.02339882403612137,0.09776683896780014,0.2552492916584015,0.17585980892181396,1.961152520379983e-05,3.072239849188918e-07,2.1858938907826087e-06,0.3123788833618164,0.20567594468593597,0.45349499583244324,0.4588368833065033,0.0013448424870148301,0.8028266429901123,0.8142874836921692,0.001448916969820857,0.016848942264914513,0.015402900986373425,0.32293403148651123,0.3324378728866577,0.003528650850057602,0.004466727841645479,0.0004627471207641065,0.00010605512943584472,9.737254731589928e-05,7.705898315180093e-05,3.2091022603708552e-06,0.033640969544649124,0.0010881692869588733,0.004108440596610308,0.004966480657458305,0.0009359746472910047,0.0015329783782362938,0.0011092645581811666,0.00292976014316082,0.08150772005319595,0.009586643427610397,0.03330555558204651,0.00014399722567759454,0.001089271274395287,0.00020512694027274847,0.005505281034857035,0.01511898823082447,0.45759207010269165,0.2515794038772583,0.13830803334712982,0.2796623706817627,0.0023234498221427202,0.00181371602229774,2.767883415799588e-05,1.2591618769874913e-06
mutlu,9.691526656752103e-07,0.019485382363200188,0.06768625974655151,0.04094995558261871,0.24140577018260956,0.08282176405191422,2.7886737370863557e-05,4.641678117422998e-07,1.8093919607053977e-06,0.2290211170911789,0.17552800476551056,0.3703297972679138,0.36677318811416626,0.0009738708613440394,0.7738341093063354,0.7883914709091187,0.00199741218239069,0.02227753773331642,0.020421039313077927,0.3426418900489807,0.3207128047943115,0.004624978173524141,0.0054874964989721775,0.00030669974512420595,8.267538214568049e-05,0.00019271658675279468,0.0001195657387143001,8.179548785847146e-06,0.012753602117300034,0.0006736378418281674,0.004176020622253418,0.004948901943862438,0.0012977073201909661,0.0017434931360185146,0.0008253844571299851,0.00191405916120857,0.045462656766176224,0.00949336402118206,0.044895920902490616,0.00014625322364736348,0.0016988556599244475,0.0003045790072064847,0.0077233705669641495,0.01599908620119095,0.7024320363998413,0.5338399410247803,0.05784420669078827,0.15798665583133698,0.0026343173813074827,0.0023250761441886425,1.341553343081614e-05,1.8866929849536973e-06
mutlu,1.6233319684033631e-06,0.014783253893256187,0.07126881927251816,0.025198422372341156,0.1703026294708252,0.06407849490642548,4.51376945420634e-05,6.464027819674811e-07,2.2075826109357877e-06,0.2364422082901001,0.2079278975725174,0.2155563235282898,0.23707889020442963,0.0028524219524115324,0.6243160963058472,0.623796820640564,0.0035912608727812767,0.04709256440401077,0.04325209930539131,0.5435695052146912,0.39419811964035034,0.0037212155293673277,0.0038772509433329105,0.0004349726368673146,0.000124435915495269,0.0003109755925834179,9.229889838024974e-05,1.92673451238079e-05,0.02309907227754593,0.00027952255913987756,0.0019440075848251581,0.003239728743210435,0.001956079388037324,0.006242649629712105,0.0008163315360434353,0.0034141428768634796,0.0371585376560688,0.004486448131501675,0.04270761460065842,4.7322562750196084e-05,0.0009720617672428489,0.00044398827594704926,0.004710354842245579,0.012034619227051735,0.8711220622062683,0.6559422016143799,0.03663229942321777,0.19603461027145386,0.004226097371429205,0.00235210033133626,1.39825206133537e-05,2.3792592855897965e-06
mutlu,3.074545247727656e-06,0.05756273865699768,0.09335989505052567,0.009309615939855576,0.06304607540369034,0.053788647055625916,3.4815191611414775e-05,4.707585219421162e-07,1.225810706273478e-06,0.19291161000728607,0.13264639675617218,0.13197246193885803,0.13962113857269287,0.007346546743065119,0.3523116707801819,0.350261926651001,0.011945364065468311,0.07205184549093246,0.0754556953907013,0.5158127546310425,0.48566967248916626,0.003801464568823576,0.0044091688469052315,0.00019989888824056834,0.00047101094969548285,0.0006630910793319345,2.31829471886158e-05,0.00010960635700030252,0.02454454079270363,0.00026705546770244837,0.0006159466574899852,0.0012474190443754196,0.0019693905487656593,0.007446931209415197,0.0002538236731197685,0.000957524694968015,0.04029368981719017,0.0055530681274831295,0.05401066690683365,7.288157212315127e-05,0.0016570825828239322,0.0008741073543205857,0.00684518413618207,0.008732653222978115,0.8351333737373352,0.5964694023132324,0.011707307770848274,0.1134345680475235,0.0008308576652780175,0.0005012870533391833,4.15212662119302e-06,2.544534709159052e-06
mutlu,2.132408781108097e-06,0.027315614745020866,0.059738412499427795,0.01645030453801155,0.08073177188634872,0.061191536486148834,2.3244821932166815e-05,3.9115340655371256e-07,4.519945377978729e-07,0.1802394539117813,0.10764577984809875,0.1273227334022522,0.12030534446239471,0.019384630024433136,0.19580665230751038,0.18309175968170166,0.024492625147104263,0.078585684299469,0.09492349624633789,0.46417006850242615,0.5275181531906128,0.003832472488284111,0.0057676443830132484,0.0001380855537718162,0.00036777465720660985,0.0003438422572799027,9.733358638186473e-06,6.709640001645312e-05,0.010951408185064793,0.00024262670194730163,0.0007099204231053591,0.0013219595421105623,0.0023840588983148336,0.005623633041977882,0.00017695862334221601,0.0005443208501674235,0.020788274705410004,0.003638556459918618,0.09737354516983032,0.00012497186253312975,0.0008509972249157727,0.00042795969056896865,0.010294130071997643,0.015239481814205647,0.8089394569396973,0.5967130661010742,0.007944861426949501,0.06002216041088104,0.002856780309230089,0.002083034021779895,3.693226290124585e-06,1.8069467841996811e-06
mutlu,1.9242991129431175e-06,0.025781845673918724,0.0445280447602272,0.018335338681936264,0.08383958041667938,0.058269768953323364,2.1602692868327722e-05,3.3409554589525214e-07,2.393322517946217e-07,0.13478466868400574,0.10899331420660019,0.3204948604106903,0.3076344132423401,0.11466109752655029,0.0413188710808754,0.033736832439899445,0.12964843213558197,0.02904578112065792,0.029621565714478493,0.48629459738731384,0.47342056035995483,0.006362038664519787,0.005143914837390184,0.0001224767038365826,0.0003483135951682925,0.0002461809781379998,6.218502676347271e-06,5.0911090511363e-05,0.007869682274758816,0.0007337574497796595,0.0013048448599874973,0.0019521985668689013,0.001039058668538928,0.0023880191147327423,0.00012731578317470849,0.00025320102577097714,0.032999660819768906,0.010086411610245705,0.03344952315092087,0.00024920282885432243,0.0011281654005870223,0.0005150618962943554,0.026540622115135193,0.01513703353703022,0.6949644088745117,0.5173286199569702,0.009849238209426403,0.06297781318426132,0.003522214712575078,0.0027236780151724815,2.607476062621572e-06,1.899844619401847e-06
mutlu,1.5306985687857377e-06,0.03412596136331558,0.06243780255317688,0.010397599078714848,0.08997229486703873,0.05485719069838524,1.9600232917582616e-05,1.866029180064288e-07,1.179588977606727e-07,0.1888996660709381,0.10951646417379379,0.2579849660396576,0.26229169964790344,0.3739374279975891,0.0065652718767523766,0.011439274996519089,0.3845486640930176,0.0348617285490036,0.03238992393016815,0.5051604509353638,0.395077109336853,0.005843151360750198,0.0032481395173817873,8.253155829152092e-05,0.00041175950900651515,0.000236028921790421,6.5486133280501235e-06,4.3305532017257065e-05,0.00895276665687561,0.0010925234528258443,0.0006407632608897984,0.0009392786887474358,0.0006433333037421107,0.002064680913463235,0.00010319348803022876,0.00014900248788762838,0.060112278908491135,0.029450302943587303,0.013694820925593376,0.0002904478751588613,0.0013469383120536804,0.0005925060831941664,0.035606905817985535,0.011879567988216877,0.6387184858322144,0.4922502636909485,0.006661811377853155,0.04438665509223938,0.00167438096832484,0.0012343981070443988,1.5666976196371252e-06,1.4617193073718227e-06
mutlu,7.978162557265023e-07,0.019450681284070015,0.0413045771420002,0.012396305799484253,0.11004388332366943,0.06916796416044235,1.776644967321772e-05,1.2354301759387454e-07,7.446097782803918e-08,0.1745002716779709,0.09619069844484329,0.24745230376720428,0.24839147925376892,0.4109506905078888,0.0065579949878156185,0.009066827595233917,0.4256129264831543,0.04011696204543114,0.032630350440740585,0.5259560942649841,0.3212469220161438,0.007218841928988695,0.0035629032645374537,0.00011834601900773123,0.0003941919421777129,0.00012847200559917837,4.0136551433533896e-06,2.0110333935008384e-05,0.006297446321696043,0.0021525758784264326,0.0005439467495307326,0.0006651855073869228,0.0007511088624596596,0.0019314747769385576,0.0001310585212195292,0.00017665568157099187,0.03132404759526253,0.02532741241157055,0.016990961506962776,0.00032924467814154923,0.0006066993228159845,0.0002651117101777345,0.026043405756354332,0.01490193884819746,0.5511554479598999,0.4796120822429657,0.007547466550022364,0.03513544425368309,0.0035429205745458603,0.0036034369841217995,2.0401275833137333e-06,8.358316563317203e-07
mutlu,1.116059024752758e-06,0.045959312468767166,0.05014735460281372,0.009274538606405258,0.07276339828968048,0.05841071531176567,1.4359864508151077e-05,1.2092539236618904e-07,6.385089079685713e-08,0.1644958108663559,0.09007149934768677,0.2649496793746948,0.2624949812889099,0.36020246148109436,0.007935253903269768,0.012442602775990963,0.37205982208251953,0.031684767454862595,0.03070521540939808,0.4210871160030365,0.35113057494163513,0.0065429359674453735,0.0037831186782568693,6.301124085439369e-05,0.0004631602205336094,0.0001782653562258929,4.9152804422192276e-06,3.210217255400494e-05,0.009042885154485703,0.001900636125355959,0.00048161321319639683,0.0006330367759801447,0.0006059986189939082,0.0037420345470309258,6.482452590717003e-05,7.359049777733162e-05,0.0471198745071888,0.02910505048930645,0.014937849715352058,0.00017323547217529267,0.0010733762755990028,0.0004939998616464436,0.05952981114387512,0.014904012903571129,0.627474308013916,0.48979923129081726,0.00536365807056427,0.018282219767570496,0.0017233307007700205,0.0013786512427031994,1.0487674444448203e-06,8.782996019363054e-07
mutlu,8.992478797154035e-07,0.025692785158753395,0.0394594706594944,0.009815789759159088,0.11416265368461609,0.06837427616119385,1.5536088540102355e-05,8.114251670576778e-08,5.010031856045316e-08,0.30112534761428833,0.19110700488090515,0.3653396964073181,0.3497355580329895,0.28490114212036133,0.011129898950457573,0.02073611505329609,0.2986856997013092,0.025690976530313492,0.021480374038219452,0.4771164655685425,0.39005565643310547,0.004068736452609301,0.001362824928946793,7.04748963471502e-05,0.0005118686240166426,0.0001456628378946334,3.797973704422475e-06,2.8236390789970756e-05,0.009745156392455101,0.002281983382999897,0.0003926941426470876,0.0004994962946511805,0.0006960714235901833,0.004499569069594145,7.216262019937858e-05,8.758313924772665e-05,0.04728646203875542,0.027620963752269745,0.019396280869841576,0.0001613163185538724,0.0007401483599096537,0.00034762723953463137,0.049706313759088516,0.014634174294769764,0.6050820350646973,0.4597107470035553,0.005721956491470337,0.017966024577617645,0.0028100195340812206,0.002571478486061096,1.4917917496859445e-06,6.631177598137583e-07
mutlu,1.2311847967794165e-06,0.0169187281280756,0.024628231301903725,0.012032708153128624,0.14004391431808472,0.07524078339338303,1.7152480722870678e-05,1.0338591494019056e-07,6.139355690493176e-08,0.29826074838638306,0.19715985655784607,0.3454737365245819,0.3360423743724823,0.24085348844528198,0.014656154438853264,0.024872979149222374,0.25362691283226013,0.028442705050110817,0.025238486006855965,0.5011050701141357,0.427964448928833,0.003870023414492607,0.0013702346477657557,6.032078090356663e-05,0.0004525953554548323,0.00019099465862382203,4.806086963071721e-06,4.167929364484735e-05,0.012611919082701206,0.0017669188091531396,0.0004664848675020039,0.0006347480230033398,0.0005542758735828102,0.0037838825955986977,5.4544361773878336e-05,8.026271825656295e-05,0.05563230440020561,0.022418711334466934,0.01544116623699665,0.00020404918177518994,0.0009902867022901773,0.000623051542788744,0.06476814299821854,0.014589411206543446,0.6766481399536133,0.4798817038536072,0.005316304042935371,0.01745152473449707,0.0033802564721554518,0.0026951765175908804,1.4606212062062696e-06,8.248115364040132e-07
mutlu,1.7256598994208616e-06,0.02804514393210411,0.03923502936959267,0.009009096771478653,0.09363321214914322,0.0648316740989685,2.2630403691437095e-05,1.4238480616768356e-07,1.1596333848729046e-07,0.27374303340911865,0.16658034920692444,0.35240936279296875,0.3488621711730957,0.10668091475963593,0.038711871951818466,0.05099056661128998,0.12389790266752243,0.028758324682712555,0.025521954521536827,0.5175328850746155,0.45414823293685913,0.004133942537009716,0.0017926073633134365,9.847580076893792e-05,0.0005244181375019252,0.0002510847698431462,4.343479758972535e-06,6.600573397008702e-05,0.012665105052292347,0.0007960040238685906,0.0006057008868083358,0.0009981836192309856,0.0009023907477967441,0.0037340254057198763,8.539477857993916e-05,0.00016929660341702402,0.04389828443527222,0.012651575729250908,0.026654621586203575,0.00016401585889980197,0.0009481447050347924,0.0005867522559128702,0.03196292743086815,0.011155374348163605,0.7109286785125732,0.4861294627189636,0.005430769175291061,0.03671707212924957,0.0035039910580962896,0.0021947817876935005,1.9852311652357457e-06,1.4216951740309014e-06
mutlu,1.596769266143383e-06,0.019902678206562996,0.032654453068971634,0.00849076360464096,0.10672643780708313,0.06898976117372513,2.7098902137367986e-05,1.1371292174544578e-07,1.3703110823826137e-07,0.3552587926387787,0.2815573513507843,0.4232514500617981,0.41447144746780396,0.13386671245098114,0.029819099232554436,0.04283016175031662,0.15325401723384857,0.02527252957224846,0.019430363550782204,0.5577577352523804,0.4228895306587219,0.003043546574190259,0.0008377796621061862,0.00010948081035166979,0.0009034175309352577,0.00031607996788807213,2.8835793273174204e-06,8.634232654003426e-05,0.01572699286043644,0.0012693669414147735,0.0006190213607624173,0.0009396896348334849,0.0007236748933792114,0.0034119144547730684,9.41196849453263e-05,0.00021475888206623495,0.057126641273498535,0.01571938581764698,0.02014954760670662,0.000181073002750054,0.0012150169350206852,0.0007136899512261152,0.030041757971048355,0.009329268708825111,0.6724120378494263,0.4340114891529083,0.007042638957500458,0.03688158839941025,0.002797048771753907,0.0021429923363029957,2.079034629787202e-06,1.263729700440308e-06
mutlu,2.097517608490307e-06,0.021770047023892403,0.03274792060256004,0.013543265871703625,0.09184502810239792,0.0659656971693039,2.9452507078531198e-05,1.9496506808991398e-07,1.9649307603231136e-07,0.3437929153442383,0.2981296181678772,0.4328802525997162,0.42116090655326843,0.07921264320611954,0.0569072887301445,0.06486628949642181,0.09651819616556168,0.023707162588834763,0.020571526139974594,0.5343756675720215,0.46843594312667847,0.0025774205569177866,0.0008672605035826564,0.00013263152504805475,0.0006920131854712963,0.0003903311735484749,3.999872205895372e-06,0.00011305054067634046,0.010648682713508606,0.0008698845049366355,0.0016507805557921529,0.002444653771817684,0.0007901110220700502,0.005793338641524315,0.00010850447870325297,0.00025487708626315,0.04990251362323761,0.012490457855165005,0.021791042760014534,8.110017370199785e-05,0.0019042904023081064,0.000780872127506882,0.03449021652340889,0.01092663872987032,0.6931068897247314,0.4432910084724426,0.01426974218338728,0.057268716394901276,0.002590037416666746,0.002001103712245822,1.8939671235784772e-06,1.4686106624139939e-06
mutlu,1.51692211147747e-06,0.015284551307559013,0.02417496219277382,0.020894773304462433,0.10323242843151093,0.05261192470788956,2.1254054445307702e-05,1.6826430737637565e-07,1.6957109494342149e-07,0.35519856214523315,0.2742595076560974,0.3814747631549835,0.3720478117465973,0.08086472004652023,0.05673808604478836,0.061526961624622345,0.09337697178125381,0.029101507738232613,0.027807055041193962,0.5567454099655151,0.4916035532951355,0.002302964683622122,0.0010689444607123733,0.00012783095007762313,0.0004944524262100458,0.0003514584095682949,4.779124992637662e-06,0.00011176929547218606,0.011791604571044445,0.0011708260281011462,0.0010072605218738317,0.001423874287866056,0.0009510633535683155,0.005755412857979536,0.00011108450416941196,0.00022941197676118463,0.03968429192900658,0.014304735697805882,0.02843068353831768,9.358155512018129e-05,0.0016226075822487473,0.0004761549353133887,0.026310933753848076,0.010405034758150578,0.5997408628463745,0.4127200245857239,0.012322582304477692,0.05069667100906372,0.0014935120707377791,0.0014768739929422736,1.7938991732080467e-06,1.0004367823057692e-06
mutlu,1.8035138964478392e-06,0.02585548348724842,0.031574640423059464,0.015212804079055786,0.09576620906591415,0.047136880457401276,2.065732223854866e-05,1.590574782994736e-07,1.6063874852534354e-07,0.2291751503944397,0.20701132714748383,0.29284873604774475,0.3012750744819641,0.0515112429857254,0.07878023386001587,0.08150584995746613,0.06797976791858673,0.03760775551199913,0.03513246029615402,0.5649303197860718,0.5089941024780273,0.0034687696024775505,0.0015885925386101007,0.00011347650433890522,0.0003241452795919031,0.0003696874773595482,8.024688213481568e-06,0.00011836238263640553,0.015529987402260303,0.0011027927976101637,0.0009931419044733047,0.0014806146500632167,0.000764675613027066,0.0044234152883291245,8.69332070578821e-05,0.00018327971338294446,0.05694761872291565,0.015860121697187424,0.020988963544368744,0.00010102814121637493,0.0017094379290938377,0.0006976334261707962,0.026792680844664574,0.007547559216618538,0.6086680889129639,0.3920515775680542,0.011712649837136269,0.05548495426774025,0.0006585876690223813,0.0005337124457582831,1.5925005527606118e-06,1.2075706763425842e-06
mutlu,1.264538695977535e-06,0.01350194588303566,0.020647220313549042,0.007864070124924183,0.17285940051078796,0.07215317338705063,1.912180414365139e-05,1.4500795941785327e-07,1.4058539932193526e-07,0.1729796975851059,0.1293179988861084,0.2429407238960266,0.251396119594574,0.06938453763723373,0.06205974519252777,0.06209782510995865,0.0838194191455841,0.046364348381757736,0.043296437710523605,0.5259572267532349,0.4712633192539215,0.005715818144381046,0.003138740547001362,0.00012053718091920018,0.00043952142004854977,0.0002598839346319437,5.905991201871075e-06,7.69024045439437e-05,0.01233654748648405,0.0007516010082326829,0.0007025416125543416,0.0010564688127487898,0.0011211406672373414,0.006855817977339029,9.87748644547537e-05,0.0001862758508650586,0.04461561515927315,0.014490206725895405,0.03534592688083649,7.34132991055958e-05,0.001052885316312313,0.00038459739880636334,0.022899091243743896,0.010525987483561039,0.580565333366394,0.376642644405365,0.011269803158938885,0.04869046062231064,0.0008516130037605762,0.0006680535734631121,2.048700480372645e-06,9.959387625713134e-07
mutlu,1.162003968602221e-06,0.01549155730754137,0.022496243938803673,0.007024459540843964,0.1563919186592102,0.08794277906417847,2.068008870992344e-05,1.0179724085901398e-07,9.301064807232251e-08,0.2503146231174469,0.2086888700723648,0.31676536798477173,0.32907742261886597,0.07410645484924316,0.0564219206571579,0.06461071968078613,0.0911310613155365,0.035505443811416626,0.027438528835773468,0.5538456439971924,0.436231791973114,0.0040942770428955555,0.0013913367874920368,9.81866178335622e-05,0.00047222970169968903,0.00022996580810286105,4.721243840322131e-06,7.326105696847662e-05,0.009147562086582184,0.0008740589837543666,0.0005062567652203143,0.0006914913537912071,0.0011527169262990355,0.0061865602619946,8.581305155530572e-05,0.00014923624985385686,0.03735823184251785,0.012297959998250008,0.045112039893865585,0.00010736142576206475,0.0007672430365346372,0.0003293109475634992,0.024980323389172554,0.012406882829964161,0.6120688915252686,0.39643949270248413,0.010064618661999702,0.030617598444223404,0.0016090292483568192,0.0013372832909226418,2.0992868030589307e-06,8.042568993005261e-07
mutlu,1.175400939246174e-06,0.015882106497883797,0.016097670421004295,0.01000070758163929,0.14839063584804535,0.07599801570177078,2.0739495084853843e-05,1.1123872667440082e-07,9.8403276638237e-08,0.24773071706295013,0.2000187635421753,0.26243534684181213,0.286980539560318,0.06431158632040024,0.0656629428267479,0.07487604022026062,0.08543982356786728,0.04544905200600624,0.03731444850564003,0.5657960772514343,0.46671241521835327,0.003995134495198727,0.0015674825990572572,0.00012166132364654914,0.000462810683529824,0.00027956091798841953,6.130461315478897e-06,9.784827125258744e-05,0.012235666625201702,0.0008651726529933512,0.0005691055557690561,0.0008180547738447785,0.001032944186590612,0.005472629331052303,0.0001004855876090005,0.00017690262757241726,0.04607279598712921,0.014607931487262249,0.03455885499715805,9.7295043815393e-05,0.0009655801113694906,0.00038758417940698564,0.021365996450185776,0.007926872000098228,0.5799548625946045,0.35872939229011536,0.010893655940890312,0.04301945120096207,0.0007995999767445028,0.0005620993324555457,1.8977151512444834e-06,8.603233254689258e-07
mutlu,1.5073711665536393e-06,0.02826165221631527,0.034102912992239,0.005286537576466799,0.09892677515745163,0.06590821593999863,2.074677286145743e-05,1.2800641968624404e-07,1.4373493684161076e-07,0.20415258407592773,0.15978121757507324,0.2405608892440796,0.2591899037361145,0.08453692495822906,0.049101825803518295,0.05608642101287842,0.10120806843042374,0.04495438560843468,0.038522809743881226,0.540154218673706,0.4320603013038635,0.00456123286858201,0.002010923810303211,0.00011464812268968672,0.0005049090832471848,0.00023671402595937252,3.825561179837678e-06,7.387596269836649e-05,0.013526363298296928,0.000698029063642025,0.001000583521090448,0.0014938726089894772,0.0009450097568333149,0.005127099808305502,8.554767555324361e-05,0.00017124284931924194,0.05166240036487579,0.011464262381196022,0.032205142080783844,9.816190868150443e-05,0.0009877722477540374,0.00035196717362850904,0.0289607010781765,0.013823813758790493,0.5531407594680786,0.2974010109901428,0.0212275218218565,0.057519953697919846,0.0016628686571493745,0.0013114511966705322,2.140038304787595e-06,1.0073855492009898e-06
mutlu,1.507543629486463e-06,0.031672168523073196,0.04556024447083473,0.00613755127415061,0.08209625631570816,0.04962882399559021,2.060370570688974e-05,1.2880765609679656e-07,1.5706233114087809e-07,0.17183580994606018,0.14920677244663239,0.22207319736480713,0.23533518612384796,0.10797031968832016,0.03587851673364639,0.04323793575167656,0.12114120274782181,0.0478353425860405,0.04111338034272194,0.5479921102523804,0.45694759488105774,0.004683337640017271,0.0022104037925601006,0.00011173616803716868,0.00044784683268517256,0.000335706805344671,5.137466359883547e-06,0.00011200006701983511,0.017404628917574883,0.0011451896280050278,0.0007224714499898255,0.0010240102419629693,0.0007790055824443698,0.0038010890129953623,9.477616549702361e-05,0.00018409448966849595,0.07070524990558624,0.017706207931041718,0.02062113955616951,0.0001252494694199413,0.0014489878667518497,0.00043633353197947145,0.024899791926145554,0.010686279274523258,0.47992974519729614,0.26109960675239563,0.023219410330057144,0.05584043264389038,0.0008435363997705281,0.0007648731116205454,1.5265976571754436e-06,9.113138048633118e-07
mutlu,1.5798890444784774e-06,0.030576465651392937,0.049391575157642365,0.0033304758835583925,0.09069027751684189,0.0517922006547451,2.350014437979553e-05,1.2884758859854628e-07,1.7370416571793612e-07,0.1713199019432068,0.15182065963745117,0.19771923124790192,0.2114078253507614,0.12195377796888351,0.03204657882452011,0.03931089863181114,0.13364863395690918,0.05655333772301674,0.04584648087620735,0.5610429048538208,0.42708009481430054,0.004894675686955452,0.002049683127552271,0.00013005055370740592,0.00048391992459073663,0.0003677417116705328,4.8672209231881425e-06,0.00013611886242870241,0.018719704821705818,0.0011183336609974504,0.0008999466663226485,0.0013079311465844512,0.0007984943222254515,0.0040146284736692905,0.00010140001541003585,0.0002104646118823439,0.0728815570473671,0.017940204590559006,0.018829181790351868,0.00010771398228826001,0.0014771509449929,0.00035204857704229653,0.023765167221426964,0.011206227354705334,0.40377911925315857,0.2187930792570114,0.02539505623281002,0.07390423864126205,0.0009230214636772871,0.0008040625834837556,1.654796960792737e-06,8.901566275199002e-07
mutlu,1.4931354144209763e-06,0.01397896371781826,0.0259576253592968,0.0052961548790335655,0.15630435943603516,0.08135441690683365,2.4510005459887907e-05,1.6664056090576196e-07,1.855157449881517e-07,0.16784343123435974,0.12470045685768127,0.16113238036632538,0.1697823405265808,0.10390260070562363,0.038789596408605576,0.04440153017640114,0.11835695803165436,0.07354023307561874,0.06275998055934906,0.6025665998458862,0.45888659358024597,0.005188420880585909,0.0026029739528894424,0.0001508778368588537,0.0005075315712019801,0.00033103901660069823,4.433356025401736e-06,0.00011715672735590488,0.013657432049512863,0.0010145293781533837,0.0013454568106681108,0.001870043226517737,0.0009060838492587209,0.0044189379550516605,0.0001188094902317971,0.00025803226162679493,0.06185596063733101,0.016349488869309425,0.02086217887699604,8.894767233869061e-05,0.001410539261996746,0.0003101027978118509,0.023478560149669647,0.01282492559403181,0.40560102462768555,0.22037748992443085,0.035430144518613815,0.08292745798826218,0.000981730641797185,0.000985400634817779,1.892777163448045e-06,9.219048706654576e-07
mutlu,1.2803125173377339e-06,0.013293636031448841,0.019233066588640213,0.0063509223982691765,0.17309920489788055,0.09129628539085388,2.424921876809094e-05,1.4443077134274063e-07,1.8206345941962354e-07,0.15873409807682037,0.11805161088705063,0.20431049168109894,0.21418099105358124,0.10866530984640121,0.03659098967909813,0.0415317676961422,0.12088070064783096,0.056246913969516754,0.04563665762543678,0.6021826863288879,0.4297710359096527,0.005572154186666012,0.0028478754684329033,0.00016387063078582287,0.0005084893200546503,0.000354129500919953,4.969559540768387e-06,0.00012136574514443055,0.01794217899441719,0.001158194849267602,0.0009132226114161313,0.00129473686683923,0.0008053932688198984,0.0034865986090153456,0.0001376152504235506,0.000277787446975708,0.07731325179338455,0.020463375374674797,0.014123833738267422,0.00011156634718645364,0.0012717806966975331,0.00035543253761716187,0.017664028331637383,0.010324712842702866,0.35123416781425476,0.18886609375476837,0.03004145249724388,0.07763605564832687,0.0008182847523130476,0.0007191142067313194,2.0296929506002925e-06,9.376443017572456e-07
mutlu,1.2342367199380533e-06,0.011760030873119831,0.019024185836315155,0.00676565058529377,0.18696583807468414,0.08444001525640488,2.333363772777375e-05,1.2891617018340185e-07,1.7602128821181395e-07,0.1835782676935196,0.15410283207893372,0.2303820103406906,0.23692716658115387,0.11888217180967331,0.03352152556180954,0.03868874907493591,0.13045398890972137,0.05064767971634865,0.041737526655197144,0.5616970658302307,0.4356914460659027,0.004864256363362074,0.002092359121888876,0.0001568071893416345,0.00046084108180366457,0.0003710935125127435,6.83091002429137e-06,0.00012776076619047672,0.02005850523710251,0.0010547039564698935,0.0008670476963743567,0.001230079447850585,0.0007909369887784123,0.003326252568513155,0.00012480109580792487,0.00028407611534930766,0.08185303211212158,0.01850174553692341,0.01383969746530056,0.00011559051927179098,0.0013375310227274895,0.00042148164357058704,0.01720479130744934,0.00890886876732111,0.3641666769981384,0.1894187480211258,0.025958627462387085,0.06953093409538269,0.0005641875904984772,0.0004841452755499631,1.9517824512149673e-06,8.846008654472826e-07
mutlu,9.886115321933175e-07,0.009629122912883759,0.016479160636663437,0.004995856899768114,0.2224150449037552,0.08811913430690765,2.6520900064497255e-05,9.024983427252664e-08,1.3894077710574493e-07,0.2094423770904541,0.2069198489189148,0.3418723940849304,0.33871617913246155,0.06495653092861176,0.06366724520921707,0.07050085812807083,0.0815950483083725,0.036761123687028885,0.025231661275029182,0.5671068429946899,0.4322752058506012,0.005135471001267433,0.001323631382547319,0.00018839753465726972,0.0006239542854018509,0.00032743942574597895,6.068644779588794e-06,0.00010219406249234453,0.022772450000047684,0.0010047872783616185,0.0005860284436494112,0.0008738816832192242,0.0008938611135818064,0.004447192884981632,0.00014231780369300395,0.00031984547968022525,0.0723668783903122,0.015504629351198673,0.017201729118824005,8.967404573922977e-05,0.000982531113550067,0.000415769696701318,0.013767839409410954,0.00769607350230217,0.4014401435852051,0.18606312572956085,0.020063117146492004,0.05729123204946518,0.0007586043793708086,0.0005273595452308655,2.4148955617420143e-06,8.047034043556778e-07
mutlu,1.119480884881341e-06,0.005935467779636383,0.009479701519012451,0.01024906150996685,0.26185110211372375,0.12117001414299011,2.368189780099783e-05,1.0047702403426229e-07,1.303753549564135e-07,0.22730691730976105,0.19671553373336792,0.38099536299705505,0.37462249398231506,0.04389782249927521,0.08852673321962357,0.0914776548743248,0.06146315857768059,0.0306084044277668,0.020357949659228325,0.5357679128646851,0.4046784043312073,0.004485347308218479,0.0014585499884560704,0.00011884848208865151,0.0005654324195347726,0.0003578282776288688,6.394719093805179e-06,0.00011604143219301477,0.017852824181318283,0.0013652776833623648,0.0004623613494914025,0.0006290568271651864,0.0007368772057816386,0.0031156509649008512,8.743784565012902e-05,0.00017309545364696532,0.06988201290369034,0.016515839844942093,0.01670607179403305,0.00020857300842180848,0.0012099832529202104,0.0006255830521695316,0.023544887080788612,0.010533937253057957,0.49886417388916016,0.2586955428123474,0.017460733652114868,0.03279644995927811,0.0008501001284457743,0.0007814517593942583,2.0897168724332005e-06,7.55290386678098e-07
sasirma,1.3547435173677513e-06,0.01766487956047058,0.04851243644952774,0.025814099237322807,0.12458343058824539,0.06350777298212051,1.0795616617542692e-05,1.4872404108245973e-07,2.62498588199378e-07,0.19964465498924255,0.11010544747114182,0.32971036434173584,0.2963171899318695,0.18923819065093994,0.02450319565832615,0.019949859008193016,0.18832924962043762,0.029185418039560318,0.026649517938494682,0.36025190353393555,0.42373234033584595,0.00429878756403923,0.003921193536370993,8.648545190226287e-05,0.0003267387510277331,0.0002403241815045476,7.4567733463482e-06,8.6298277892638e-05,0.030664650723338127,0.0010750570800155401,0.0007010424742475152,0.0012476620031520724,0.0010567845311015844,0.0015628999099135399,6.53550450806506e-05,0.00020452133321668953,0.07393919676542282,0.014706888236105442,0.03489295765757561,0.0005335540045052767,0.0011152798542752862,0.00011854456533910707,0.03152298554778099,0.02509392239153385,0.06560586392879486,0.04040937125682831,0.007655105087906122,0.04219447076320648,0.0014593967935070395,0.0014511621557176113,3.3818409974628594e-06,7.491161682082748e-07
sasirma,2.678232249309076e-07,0.00031323908478952944,0.0005897543160244823,0.4835858643054962,0.6908329725265503,0.31650426983833313,0.00017353618750348687,1.0210599157289835e-06,9.178194773085124e-07,0.15183302760124207,0.03584585711359978,0.3750734031200409,0.3442487418651581,0.008343112654983997,0.43598294258117676,0.4145090579986572,0.0047108447179198265,0.023319348692893982,0.030465086922049522,0.1340096890926361,0.27956968545913696,0.007687175180763006,0.03378431871533394,0.0017302114283666015,0.0016659358516335487,0.2290978729724884,0.002897706814110279,0.0022057443857192993,0.043177373707294464,0.017778871580958366,2.6377656467957422e-05,2.985747778438963e-05,0.09931238740682602,0.00026485580019652843,0.36918342113494873,0.543887734413147,0.03211725130677223,0.012933432124555111,0.03337221220135689,0.0018620854243636131,0.0025069250259548426,0.004379607737064362,0.00021160754840821028,0.006888978183269501,0.016606152057647705,0.012432089075446129,0.00127734849229455,0.0010991471353918314,0.05090964585542679,0.034857127815485,3.22163441524026e-06,1.4634111948907957e-06
sasirma,6.075283067730197e-07,0.0003399572742637247,0.0007433522259816527,0.42252954840660095,0.5805485248565674,0.4297328293323517,0.00029106243164278567,3.070768116231193e-06,2.3427071482728934e-06,0.14693105220794678,0.03285064175724983,0.3943883776664734,0.35829484462738037,0.006846976466476917,0.5118907690048218,0.48843300342559814,0.0037547950632870197,0.022945359349250793,0.028275635093450546,0.1887797713279724,0.161270409822464,0.008944525383412838,0.03822970390319824,0.002241093898192048,0.0011573892552405596,0.1711435616016388,0.005107765085995197,0.001123155583627522,0.009944833815097809,0.005224800668656826,0.0012079005828127265,0.0011822954984381795,0.03307601809501648,3.5583856515586376e-05,0.506697952747345,0.6466691493988037,0.08282729238271713,0.01741829514503479,0.010699959471821785,0.006310655269771814,0.003972413018345833,0.0021766338031738997,0.0005837645148858428,0.016507169231772423,0.04237424582242966,0.030980674549937248,0.01388250757008791,0.009527578018605709,0.03095916099846363,0.03449639305472374,8.86925590748433e-06,3.980253495683428e-06
sasirma,6.35558251360635e-07,0.0008126182365231216,0.0014119065599516034,0.34654220938682556,0.538532555103302,0.4825049042701721,0.0003813442890532315,2.9958237064420246e-06,2.1075452423247043e-06,0.1456708014011383,0.034799735993146896,0.39909693598747253,0.36815598607063293,0.0016300891293212771,0.7264628410339355,0.7008036375045776,0.002141631208360195,0.020993206650018692,0.020726943388581276,0.1918688267469406,0.09845361113548279,0.010810603387653828,0.027293503284454346,0.002624929416924715,0.00019068604160565883,0.07694043219089508,0.01534008327871561,0.00032864787499420345,0.00408016424626112,0.0017339150654152036,0.007468860596418381,0.005806371103972197,0.019035905599594116,1.0603769624140114e-05,0.5915582180023193,0.758709192276001,0.0857333168387413,0.007738298270851374,0.014371329918503761,0.01873278059065342,0.003153883619233966,0.0014324372168630362,0.0008976326207630336,0.031185295432806015,0.018838658928871155,0.010236295871436596,0.03461826965212822,0.010390321724116802,0.061236437410116196,0.062294453382492065,2.1947105778963305e-05,5.173505087441299e-06
sasirma,5.364231583371293e-07,0.0009929351508617401,0.010101630352437496,0.1703733205795288,0.31386080384254456,0.12913769483566284,0.0002900772960856557,1.3341931435206789e-06,8.189455797946721e-07,0.15200725197792053,0.11562501639127731,0.17485947906970978,0.18444855511188507,0.0049767629243433475,0.4462064206600189,0.4369918704032898,0.005490458570420742,0.05562400072813034,0.05232175812125206,0.45775875449180603,0.3312155604362488,0.004981979262083769,0.007692989427596331,0.0017664319602772593,0.00036143051693215966,0.15721513330936432,0.003857611445710063,0.00148927909322083,0.0079004792496562,0.003473523072898388,0.00022332690423354506,0.00019572321616578847,0.03451567888259888,0.00018958830332849175,0.2419964075088501,0.314697265625,0.02703317068517208,0.008651036769151688,0.01519160345196724,0.0011347034014761448,0.0008980673155747354,0.0026399060152471066,0.00012643152149394155,0.01261186134070158,0.16120046377182007,0.1147080808877945,0.02979162707924843,0.014358609914779663,0.036426909267902374,0.04614771902561188,5.263200364424847e-06,2.357155381105258e-06
sasirma,1.158125201072835e-06,0.0040635401383042336,0.005754435900598764,0.1055033728480339,0.24371784925460815,0.10443133115768433,0.0004275348037481308,7.250172870953975e-07,2.9596236572615453e-07,0.14665991067886353,0.1528952419757843,0.1770746111869812,0.19695590436458588,0.1708415001630783,0.023972710594534874,0.024163253605365753,0.17525950074195862,0.06160528585314751,0.05359082669019699,0.5372615456581116,0.4275497794151306,0.0052211168222129345,0.002925286768004298,0.0011528563918545842,0.015623960644006729,0.31132566928863525,7.384905620710924e-05,0.006716178264468908,0.013408993370831013,0.0023028419818729162,5.2967225201427937e-05,5.729141048504971e-05,0.03217850998044014,0.0016771720256656408,0.06906720250844955,0.098345085978508,0.021704351529479027,0.013630153611302376,0.01381083857268095,0.00014063129492569715,0.0012068760115653276,0.004727798979729414,0.00022305280435830355,0.009705634787678719,0.42858120799064636,0.34777429699897766,0.01056935265660286,0.025706399232149124,0.03123471699655056,0.02548985555768013,1.5861028259678278e-06,3.2580996958131436e-06
sasirma,1.2852034387833555e-06,0.0018931049853563309,0.004040115047246218,0.09757277369499207,0.43421220779418945,0.1164478063583374,0.0005390085279941559,1.0010083997258334e-06,3.337092664423835e-07,0.1310170590877533,0.10563161224126816,0.18227624893188477,0.19623616337776184,0.3428184688091278,0.00933205895125866,0.010549827478826046,0.33944064378738403,0.05661478638648987,0.050173237919807434,0.5193514823913574,0.43414297699928284,0.007081978488713503,0.0036889552138745785,0.001466724555939436,0.016837459057569504,0.2543404698371887,7.016816380200908e-05,0.004908959846943617,0.010035519488155842,0.0015462730079889297,0.00017117804964073002,0.00018851181084755808,0.019706550985574722,0.0014009159058332443,0.07542682439088821,0.1328670084476471,0.022432416677474976,0.015974007546901703,0.008058715611696243,0.00011755679588532075,0.0014800098724663258,0.004822585266083479,0.000496769673191011,0.014378287829458714,0.36400654911994934,0.3022692799568176,0.015014099888503551,0.052118148654699326,0.07409193366765976,0.06185254827141762,1.7474438891440514e-06,4.210584393149475e-06
sasirma,8.840096938911302e-07,0.0026048982981592417,0.005028418730944395,0.045205190777778625,0.45134028792381287,0.12266667932271957,0.0003873376699630171,4.5456312136593624e-07,2.857150320778601e-07,0.13488245010375977,0.07259619981050491,0.21260836720466614,0.21072505414485931,0.33059757947921753,0.010098015889525414,0.010931963101029396,0.31393444538116455,0.04448721185326576,0.04164097085595131,0.4410579800605774,0.3677661716938019,0.00680218730121851,0.004928678274154663,0.001346041215583682,0.021483086049556732,0.2552354335784912,5.1241520850453526e-05,0.004551669117063284,0.025572484359145164,0.00240853033028543,7.582026591990143e-05,0.00011234834528295323,0.016641417518258095,0.0016008795937523246,0.07075457274913788,0.1213880330324173,0.03898870199918747,0.02748599834740162,0.003594879759475589,9.528408554615453e-05,0.0011424684198573232,0.004747084807604551,0.0002789613208733499,0.011321279220283031,0.10952352732419968,0.0905480831861496,0.004942652769386768,0.02732459455728531,0.04001624882221222,0.03083973191678524,1.7940205907507334e-06,3.390375923117972e-06
sasirma,9.869921768768108e-07,0.003485129214823246,0.004598650150001049,0.05298870801925659,0.3676099479198456,0.1581546813249588,0.0003974026476498693,5.169299583940301e-07,3.531028198722197e-07,0.13102059066295624,0.06256308406591415,0.42418572306632996,0.3872261941432953,0.2834036648273468,0.012519516050815582,0.012529825791716576,0.2768558859825134,0.02091969922184944,0.01383731048554182,0.39808666706085205,0.20328156650066376,0.008571067824959755,0.004854502622038126,0.0014188219793140888,0.020105598494410515,0.1474984884262085,2.4060193027253263e-05,0.0021521078888326883,0.015453566797077656,0.0017238230211660266,0.00044580342364497483,0.0007437000749632716,0.010002265684306622,0.0024027421604841948,0.0904172733426094,0.1716679036617279,0.03741651773452759,0.036212436854839325,0.003495232667773962,4.450685082701966e-05,0.002564504509791732,0.0033956037368625402,0.0009067009086720645,0.021750833839178085,0.036814313381910324,0.029390426352620125,0.003940775990486145,0.027224233373999596,0.19412051141262054,0.12638863921165466,2.697853005884099e-06,3.992909569205949e-06
sasirma,9.15205191631685e-07,0.0057583763264119625,0.008074619807302952,0.06920015811920166,0.28790712356567383,0.11806178838014603,0.00025835374253802,4.686022236910503e-07,2.2533306776040263e-07,0.1404014378786087,0.09670709073543549,0.4258934259414673,0.38873934745788574,0.2857263386249542,0.011353608220815659,0.014939295127987862,0.25739556550979614,0.01966780610382557,0.013051582500338554,0.38458019495010376,0.2744303345680237,0.007725146599113941,0.00299836159683764,0.0010446157539263368,0.017608949914574623,0.10749085247516632,1.6133379176608287e-05,0.0019366579363122582,0.00996983703225851,0.0018519865116104484,0.0004254623199813068,0.0007304752361960709,0.014175698161125183,0.0019291478674858809,0.07165241986513138,0.12034972757101059,0.021885361522436142,0.02655048854649067,0.0072114672511816025,6.65881234453991e-05,0.002577355829998851,0.0024635461159050465,0.0009261765517294407,0.022154733538627625,0.018059568479657173,0.015870828181505203,0.0023299437016248703,0.01780979335308075,0.206716850399971,0.16439856588840485,2.414672280792729e-06,3.1299869078793563e-06
sasirma,6.668765877293481e-07,0.0033881806302815676,0.00467490591108799,0.06042693182826042,0.34478655457496643,0.1051877960562706,0.00014146353350952268,3.880076349105366e-07,1.5343144355028926e-07,0.1597479283809662,0.10816896706819534,0.4294070303440094,0.39697590470314026,0.31910133361816406,0.010014091618359089,0.0116697633638978,0.29785847663879395,0.020731044933199883,0.014012048952281475,0.4019002318382263,0.3645963668823242,0.00642982916906476,0.0028471520636230707,0.0007653681677766144,0.014925350435078144,0.09857985377311707,2.2035903384676203e-05,0.002046160167083144,0.013553685508668423,0.001727140392176807,0.00019250300829298794,0.0003468515642452985,0.019090386107563972,0.003093748353421688,0.03806323558092117,0.06688404828310013,0.018886426463723183,0.02232094667851925,0.00849169958382845,4.896651080343872e-05,0.002673335373401642,0.0031551020219922066,0.0009032966336235404,0.02245241403579712,0.00844771508127451,0.006882212590426207,0.0010559135116636753,0.0070363557897508144,0.0840936005115509,0.06641504913568497,1.6686412891431246e-06,2.0139591470069718e-06
sasirma,6.499348614852352e-07,0.003953161183744669,0.004171987064182758,0.04460873827338219,0.329393208026886,0.11993900686502457,0.00016596552450209856,2.739060676049121e-07,1.4789308977469773e-07,0.14957472681999207,0.08526650071144104,0.3577178716659546,0.3435608148574829,0.25245073437690735,0.014742043800652027,0.015641527250409126,0.23581188917160034,0.024600699543952942,0.017545422539114952,0.37073445320129395,0.2939576804637909,0.006088559050112963,0.003678295761346817,0.0008303210488520563,0.010935056954622269,0.09138233214616776,2.4289511202368885e-05,0.0024425326846539974,0.023411281406879425,0.0029936558566987514,6.582539936061949e-05,0.00010169294546358287,0.019716087728738785,0.0024740842636674643,0.03459291532635689,0.06068439409136772,0.03825240954756737,0.02771858684718609,0.005295923445373774,8.887043077265844e-05,0.002139989286661148,0.004803488962352276,0.0005454018246382475,0.017472663894295692,0.019472843036055565,0.013456722721457481,0.0013778677675873041,0.003326442325487733,0.07092197984457016,0.05155413970351219,1.4852788581265486e-06,1.5151279058045475e-06
sasirma,6.112639994171332e-07,0.002396946307271719,0.004096511751413345,0.0782846212387085,0.38134458661079407,0.11366728693246841,0.00019519020861480385,3.57002136297524e-07,2.0346470819276874e-07,0.163913294672966,0.08197913318872452,0.462270051240921,0.4160286486148834,0.21383436024188995,0.017605764791369438,0.017209194600582123,0.2056606560945511,0.01887552998960018,0.012507925741374493,0.3867006003856659,0.2851514518260956,0.0060933479107916355,0.004184933844953775,0.0008642532047815621,0.025745350867509842,0.12290342897176743,1.7714881323627196e-05,0.0023274978157132864,0.01978212036192417,0.004065069369971752,8.74355246196501e-05,0.00013771581870969385,0.016607346013188362,0.0035715438425540924,0.05904891714453697,0.09557746350765228,0.02639141120016575,0.03223492577672005,0.006937169004231691,6.274267798289657e-05,0.00328720617108047,0.005015695467591286,0.0009966809302568436,0.02235952392220497,0.01040827576071024,0.008053279481828213,0.0008292144630104303,0.003086814656853676,0.14445805549621582,0.10038689523935318,1.9610890831245342e-06,2.0115098777750973e-06
sasirma,6.580508511433436e-07,0.0011637370334938169,0.0018959750887006521,0.3057575821876526,0.4375995695590973,0.28209739923477173,0.00024603691417723894,9.591917660145555e-07,9.380029268868384e-07,0.12592153251171112,0.057021185755729675,0.4798310697078705,0.4593033790588379,0.015343648381531239,0.2108975350856781,0.21116185188293457,0.01418838370591402,0.013937938027083874,0.012468374334275723,0.19538238644599915,0.1740543246269226,0.008147727698087692,0.014707428403198719,0.0015672737499698997,0.002492482541128993,0.06054448336362839,0.00022910028928890824,0.001037734909914434,0.029141932725906372,0.009464606642723083,8.118815458146855e-05,0.00010556959750829265,0.026831388473510742,0.0004137360956519842,0.25308501720428467,0.36444762349128723,0.07285771518945694,0.03993075340986252,0.008492009714245796,0.0011416475754231215,0.004066082648932934,0.0036270960699766874,0.0005166833871044219,0.02554258704185486,0.03760562464594841,0.029031161218881607,0.0020641994196921587,0.004096606746315956,0.12663552165031433,0.08616075664758682,5.663656793331029e-06,2.8317729174887063e-06
sasirma,9.24479138575407e-07,0.0010940424399450421,0.0010505053214728832,0.31621289253234863,0.45274433493614197,0.3837440013885498,0.00016247533494606614,1.8330492821405642e-06,1.4106071830610745e-06,0.13552874326705933,0.060796648263931274,0.38775599002838135,0.38152459263801575,0.005336982663720846,0.43274587392807007,0.4003552794456482,0.006534313317388296,0.01966470666229725,0.022069303318858147,0.22478801012039185,0.241440549492836,0.007272596471011639,0.019381394609808922,0.001584118464961648,0.0007287987973541021,0.03718891739845276,0.0007448729011230171,0.0006227585836313665,0.026296596974134445,0.0019967621192336082,0.0003705796261783689,0.0004663327999878675,0.03272101283073425,0.00014990584168117493,0.1551762968301773,0.33531713485717773,0.09405528753995895,0.007874129340052605,0.020288851112127304,0.0025568087585270405,0.0032453725580126047,0.0015441864961758256,0.0006658787606284022,0.03790390118956566,0.027290116995573044,0.011862787418067455,0.004674736876040697,0.005831791087985039,0.08340071141719818,0.04633637145161629,8.601858098700177e-06,3.485520210233517e-06
sasirma,4.094063967841066e-07,0.003979870583862066,0.012601811438798904,0.08513231575489044,0.2696550786495209,0.20753346383571625,0.0003374262014403939,1.3521787423087517e-06,1.4718522152179503e-06,0.20012123882770538,0.06602948158979416,0.3756568431854248,0.35109132528305054,0.003403310663998127,0.7291123867034912,0.7255205512046814,0.001574371475726366,0.025533445179462433,0.024577539414167404,0.21557976305484772,0.24288763105869293,0.007292736321687698,0.015976766124367714,0.0038758404552936554,0.00018504075706005096,0.019893672317266464,0.006317218765616417,0.00014035572530701756,0.010838382877409458,0.008313989266753197,0.0019113519228994846,0.0012292409082874656,0.008286944590508938,9.971258805308025e-06,0.7052021026611328,0.8250055313110352,0.15773248672485352,0.020721597597002983,0.0031779485289007425,0.009040274657309055,0.004197048954665661,0.003293309360742569,0.0007971430313773453,0.020480936393141747,0.19931647181510925,0.1134144514799118,0.08314745128154755,0.013023443520069122,0.08878403156995773,0.07660898566246033,1.1081938282586634e-05,3.3493529372208286e-06
sasirma,3.284137619630201e-07,0.003999379463493824,0.010009814985096455,0.12534567713737488,0.2631799876689911,0.260317862033844,0.00032827025279402733,1.1133928410345106e-06,1.1681595424306579e-06,0.17375031113624573,0.050997961312532425,0.31654396653175354,0.2862141728401184,0.0015992356929928064,0.7702394127845764,0.7633422613143921,0.0018866908503696322,0.0298509132117033,0.030725035816431046,0.218401700258255,0.24947623908519745,0.0073185269720852375,0.01832355558872223,0.003382069291546941,0.0007782617467455566,0.04041345790028572,0.0031518195755779743,0.00018132440163753927,0.007552704308182001,0.009199832566082478,0.001050880178809166,0.0005921571864746511,0.013391593471169472,1.9768296624533832e-05,0.729794979095459,0.7679000496864319,0.07854414731264114,0.01369133684784174,0.005692713428288698,0.005128627177327871,0.002242377959191799,0.0017558818217366934,0.0003929120721295476,0.023227902129292488,0.12674957513809204,0.08354867994785309,0.07441526651382446,0.00834591407328844,0.06758447736501694,0.07032794505357742,8.74363468028605e-06,2.985652827192098e-06
sasirma,3.4048099450956215e-07,0.002194871660321951,0.004410357680171728,0.27854764461517334,0.2009407877922058,0.2946435511112213,0.0003271841851528734,1.5880780210864032e-06,8.49807406666514e-07,0.15996377170085907,0.049926288425922394,0.21107393503189087,0.17817552387714386,0.002251452999189496,0.6757093071937561,0.6597768068313599,0.003049516351893544,0.056496910750865936,0.06367719918489456,0.4061366021633148,0.2532771825790405,0.005929711274802685,0.022074779495596886,0.003155990270897746,0.0001117406427511014,0.03542644903063774,0.014203530736267567,0.0002138761046808213,0.004329610615968704,0.006260933354496956,0.0002721125492826104,0.00015878392150625587,0.018921641632914543,1.1904365237569436e-05,0.6313177347183228,0.7130932211875916,0.06821300834417343,0.011629043146967888,0.01099712960422039,0.014525145292282104,0.0007840030011720955,0.002181634306907654,0.00037426166818477213,0.020273646339774132,0.18275827169418335,0.11180873960256577,0.04558621346950531,0.0070814527571201324,0.12412752956151962,0.12651307880878448,1.0097093763761222e-05,2.277287421748042e-06
sasirma,6.820773705840111e-07,0.0020328261889517307,0.004563339985907078,0.15763051807880402,0.26749271154403687,0.1613219827413559,0.00032830279087647796,1.8813225324265659e-06,8.060729328462912e-07,0.1456955373287201,0.10403655469417572,0.1936066746711731,0.19536593556404114,0.010485123842954636,0.35603904724121094,0.3699458837509155,0.004555804189294577,0.05070459842681885,0.050934087485075,0.4993472099304199,0.48679113388061523,0.003806137479841709,0.009456930682063103,0.0014730829279869795,0.0010830025421455503,0.19938701391220093,0.0015327665023505688,0.0018635508604347706,0.006268378347158432,0.0031361770816147327,0.00030971484375186265,0.00026718253502622247,0.0210735984146595,0.0006644856766797602,0.2672968804836273,0.33898091316223145,0.022345367819070816,0.016749728471040726,0.008123529143631458,0.00017301886691711843,0.0017839929787442088,0.006349313072860241,0.00024565294734202325,0.01071810070425272,0.40088167786598206,0.2957994341850281,0.050444744527339935,0.02940390445291996,0.05235249549150467,0.057099565863609314,3.0315420644910773e-06,2.771419531200081e-06
sasirma,5.232139415056736e-07,0.002178524388000369,0.002857922576367855,0.06782741844654083,0.4561057388782501,0.10749643296003342,0.0004670693015214056,5.250063281891926e-07,2.3355460143648088e-07,0.15995138883590698,0.11755212396383286,0.2277258336544037,0.22486460208892822,0.5071635842323303,0.004814908839762211,0.007155362516641617,0.48253923654556274,0.038830723613500595,0.03873066604137421,0.3909432888031006,0.4804920256137848,0.005286251660436392,0.0027027451433241367,0.002396038733422756,0.025845257565379143,0.14856331050395966,5.9283524024067447e-05,0.0013836338184773922,0.02982931025326252,0.006979888770729303,7.646314770681784e-05,9.476794366491958e-05,0.01933363266289234,0.001280883327126503,0.24062903225421906,0.3858722448348999,0.026798643171787262,0.03430947661399841,0.003251446411013603,0.0001068875499186106,0.0018343017436563969,0.005249508656561375,0.0004640062397811562,0.012058568187057972,0.14008729159832,0.10540687292814255,0.003863668069243431,0.008848613128066063,0.11558374017477036,0.11112891137599945,1.6705533880667645e-06,2.5005788302223664e-06
sasirma,5.986601081531262e-07,0.003630542429164052,0.00748481648042798,0.09122027456760406,0.339773952960968,0.08351527899503708,0.00048481812700629234,2.048992229219948e-07,1.1494694973634978e-07,0.6298759579658508,0.6705932021141052,0.7079842686653137,0.6593445539474487,0.12897711992263794,0.06226680055260658,0.045924585312604904,0.13859960436820984,0.011387635953724384,0.0054539879783988,0.7025320529937744,0.6133409738540649,0.002424621256068349,5.585119652096182e-05,0.003036120207980275,0.068727046251297,0.07890594005584717,2.2318987248581834e-05,0.0006079011945985258,0.015364079736173153,0.0018020682036876678,0.0003051111998502165,0.0005151276709511876,0.02343139983713627,0.029797015711665154,0.19277769327163696,0.3240572512149811,0.015413569286465645,0.03234504163265228,0.006673629395663738,2.7788801162387244e-06,0.002330157905817032,0.0022486140951514244,0.0007104855612851679,0.019943315535783768,0.036127470433712006,0.030069218948483467,0.002652547787874937,0.022883253172039986,0.09781680256128311,0.06818486005067825,3.6668973280029604e-06,2.060081669696956e-06
sasirma,4.884262807536288e-07,0.001970200566574931,0.0026832602452486753,0.1305137276649475,0.3967832922935486,0.09971965849399567,0.00032292812829837203,5.218947762841708e-07,1.8853928906992223e-07,0.20118725299835205,0.18016009032726288,0.2196563184261322,0.22489704191684723,0.5888040661811829,0.0035823527723550797,0.005187832750380039,0.5702252388000488,0.040506694465875626,0.03681519627571106,0.4432384967803955,0.45143455266952515,0.0045561520382761955,0.0013912725262343884,0.0026111709885299206,0.022342976182699203,0.08256122469902039,3.875183392665349e-05,0.0007515931501984596,0.017860885709524155,0.0037615967448800802,0.00014173492672853172,0.00020376201428007334,0.02121747098863125,0.0024707973934710026,0.23815622925758362,0.3470615744590759,0.018627876415848732,0.03923715278506279,0.0039909603074193,4.6458226279355586e-05,0.0016513490118086338,0.0029535789508372545,0.000539715401828289,0.018177412450313568,0.06734232604503632,0.06476065516471863,0.003076624358072877,0.020697584375739098,0.13118010759353638,0.12606647610664368,2.3539025733043673e-06,2.2863423509988934e-06
sasirma,1.0275167596773827e-06,0.002080505946651101,0.0046393792144954205,0.24014487862586975,0.2066623419523239,0.11354435980319977,0.00031184960971586406,1.514678501735034e-06,7.523666454289923e-07,0.1994663029909134,0.14354592561721802,0.3393302261829376,0.32503077387809753,0.013823638670146465,0.23777300119400024,0.224653422832489,0.013630743138492107,0.026520395651459694,0.02560754120349884,0.40033158659935,0.3898119032382965,0.003408613381907344,0.005612587556242943,0.001666745636612177,0.0012998844031244516,0.10434475541114807,0.0005048594903200865,0.0014371250290423632,0.015206348150968552,0.0035928001161664724,0.000311081123072654,0.00033746170811355114,0.016630729660391808,0.0004575402708724141,0.2021622657775879,0.2926560640335083,0.06371983140707016,0.030052214860916138,0.00593231525272131,0.0005094681400805712,0.0033331820741295815,0.004514223430305719,0.0004098713106941432,0.023529423400759697,0.1260140836238861,0.09704837948083878,0.014112791046500206,0.019235195592045784,0.05637103691697121,0.06107724457979202,4.543946488411166e-06,3.252725718994043e-06
sasirma,9.669996643424383e-07,0.002797244116663933,0.005603701341897249,0.20308424532413483,0.25781965255737305,0.20583000779151917,8.51275326567702e-05,8.857497846292972e-07,5.876012778571749e-07,0.21224765479564667,0.1527729481458664,0.2610314190387726,0.26195207238197327,0.0036931426730006933,0.4246233403682709,0.38121598958969116,0.010573840700089931,0.03576464205980301,0.03495552018284798,0.4384949803352356,0.3322550654411316,0.003749889088794589,0.005487493705004454,0.0007744067697785795,0.0004913772572763264,0.024555062875151634,0.0007521696970798075,0.0005327987601049244,0.012438495643436909,0.0010793863330036402,0.00028660392854362726,0.0002732353750616312,0.04079284518957138,0.00024792333715595305,0.024458037689328194,0.052058760076761246,0.05931316688656807,0.003707932773977518,0.03167567774653435,0.0016216872027143836,0.000994049827568233,0.0012200484052300453,0.0004023593501187861,0.0354677215218544,0.028602121397852898,0.012401513755321503,0.008654824458062649,0.004492304287850857,0.014809848740696907,0.014066887088119984,6.284523806243669e-06,2.3185252757684793e-06
sasirma,6.060445798539149e-07,0.0015503744361922145,0.002599225379526615,0.26409465074539185,0.2831149101257324,0.40521425008773804,0.00013833714183419943,1.4057981161386124e-06,1.0646555210769293e-06,0.2598201632499695,0.1191229373216629,0.37444305419921875,0.3397461771965027,0.0006311956676654518,0.8517208099365234,0.8394403457641602,0.0011502987472340465,0.02499738149344921,0.026520056650042534,0.3422435522079468,0.4119829535484314,0.003443585941568017,0.010214699432253838,0.0022320172283798456,0.0006598057807423174,0.027796147391200066,0.001822401536628604,0.00033183148480020463,0.011136896908283234,0.004575763829052448,0.0001756124256644398,0.00014010821178089827,0.03632828965783119,9.286949352826923e-05,0.1690252721309662,0.2365683615207672,0.07872141897678375,0.01053816732019186,0.018256494775414467,0.0043080393224954605,0.0012543740449473262,0.0021129597444087267,0.00024519269936718047,0.02715693973004818,0.04725384712219238,0.02745130844414234,0.009305853396654129,0.005800213664770126,0.023101557046175003,0.02247324027121067,9.02145984582603e-06,2.737875092861941e-06
sasirma,6.255920084186073e-07,0.0013511370634660125,0.003913410939276218,0.2521650195121765,0.35423409938812256,0.2875286340713501,0.00017664776532910764,2.15339673559356e-06,1.6757488765506423e-06,0.2515430450439453,0.10211733728647232,0.31846120953559875,0.2696383595466614,0.0009576187003403902,0.8388045430183411,0.8256163597106934,0.0009225959074683487,0.0309622660279274,0.03490355238318443,0.2747311592102051,0.3495704233646393,0.0036793441977351904,0.012590366415679455,0.002623817417770624,0.00031967961695045233,0.020483609288930893,0.002661371137946844,0.00018621140043251216,0.008851720951497555,0.0026095358189195395,0.0012031460646539927,0.0009655889007262886,0.018832676112651825,5.951735147391446e-05,0.29554712772369385,0.4182264506816864,0.08145570755004883,0.010863548144698143,0.01452566497027874,0.0036199893802404404,0.0021475283429026604,0.0016900434857234359,0.0006310841417871416,0.04461240768432617,0.08378612250089645,0.0497446283698082,0.03245530650019646,0.01762351393699646,0.07920264452695847,0.0762707069516182,1.3703134754905477e-05,3.0817434435448376e-06
sasirma,7.329901450248144e-07,0.0017134648514911532,0.00396064855158329,0.21061939001083374,0.4596382975578308,0.28713440895080566,0.00018116037244908512,1.907540536194574e-06,2.1477073914866196e-06,0.19316928088665009,0.09385954588651657,0.3161662817001343,0.28211745619773865,0.0009566652588546276,0.8011624813079834,0.7836269736289978,0.0012950297677889466,0.0302268173545599,0.03234420344233513,0.3159816265106201,0.31300607323646545,0.004579683765769005,0.013063938356935978,0.0021738815121352673,0.00033646091469563544,0.02078353986144066,0.0014579507987946272,0.00022437699954025447,0.007983431220054626,0.0010392089607194066,0.0014228677609935403,0.0012430797796696424,0.02028723619878292,0.0002961753052659333,0.14489498734474182,0.24632206559181213,0.04725036770105362,0.006268943194299936,0.017435284331440926,0.000531085766851902,0.0015623887302353978,0.0014309237012639642,0.0004911079886369407,0.03641897067427635,0.2206132709980011,0.11338525265455246,0.09622911363840103,0.047247759997844696,0.09731964021921158,0.09117645770311356,1.0452714377606753e-05,3.404018343644566e-06
sasirma,1.4889634485371062e-06,0.0016059024492278695,0.0035945691633969545,0.276648610830307,0.32550933957099915,0.24607308208942413,0.00013175283675082028,2.438691581119201e-06,1.0853848380065756e-06,0.20996244251728058,0.14726820588111877,0.38872021436691284,0.3747524619102478,0.001913132844492793,0.590474009513855,0.5413065552711487,0.00443772180005908,0.02057221345603466,0.020329318940639496,0.39832353591918945,0.2909380793571472,0.004216104280203581,0.007231247145682573,0.0011069137835875154,0.0005225803470239043,0.02293507754802704,0.0007587235886603594,0.0003993272839579731,0.0071734716184437275,0.0007295444374904037,0.0029162520077079535,0.0027288065757602453,0.025446224957704544,0.00013511186989489943,0.03693854436278343,0.08158157765865326,0.0845489427447319,0.005736955441534519,0.01779746823012829,0.0020070213358849287,0.0013806266942992806,0.000999597366899252,0.0008176312549039721,0.06714081019163132,0.060073431581258774,0.023169225081801414,0.03164072707295418,0.014100038446485996,0.027720093727111816,0.027882130816578865,1.161700038210256e-05,5.069528015155811e-06
sasirma,1.1285010259598494e-06,0.0019794777035713196,0.005027266684919596,0.19114238023757935,0.3877713680267334,0.09130340069532394,0.00014695974823553115,1.0888319366131327e-06,5.751879257331893e-07,0.1681230515241623,0.13755613565444946,0.3919811248779297,0.3749501705169678,0.010199644602835178,0.31449300050735474,0.29946646094322205,0.007543967105448246,0.019716015085577965,0.019365323707461357,0.2694118618965149,0.3820410668849945,0.004339311271905899,0.005119620822370052,0.0011437571374699473,0.001939323265105486,0.042237233370542526,0.00011314231960568577,0.0010229693725705147,0.018340906128287315,0.0009729911689646542,0.000761357368901372,0.0009792493656277657,0.031551435589790344,0.000905429245904088,0.042386509478092194,0.1117691770195961,0.06597402691841125,0.009797357022762299,0.014488600194454193,0.0002559637068770826,0.0018632520223036408,0.0018436014652252197,0.0005760494968853891,0.03556431457400322,0.08307603746652603,0.03331458196043968,0.01485819835215807,0.014409669674932957,0.05272272229194641,0.04409939795732498,6.0971337916271295e-06,3.048577355002635e-06
sasirma,8.895829637367569e-07,0.002676198724657297,0.006728891748934984,0.13928747177124023,0.33080118894577026,0.06221667677164078,0.00022838296717964113,5.888388159291935e-07,3.984245324772928e-07,0.19525153934955597,0.15940025448799133,0.44294655323028564,0.41774898767471313,0.020830264315009117,0.17109811305999756,0.14975221455097198,0.025953348726034164,0.019657263532280922,0.01813553459942341,0.2931726574897766,0.37183281779289246,0.004397381097078323,0.003492949530482292,0.0017117904499173164,0.0038343772757798433,0.07968863099813461,6.791917985538021e-05,0.0018453493248671293,0.0264885351061821,0.002360609360039234,0.0001949541619978845,0.00028623882099054754,0.028590381145477295,0.0006154704024083912,0.06960480660200119,0.14604134857654572,0.049534671008586884,0.013864893466234207,0.007186326198279858,0.00037809525383636355,0.00184936064761132,0.0036192394327372313,0.0002648744557518512,0.01504409871995449,0.08185705542564392,0.043227314949035645,0.006431687623262405,0.012670709751546383,0.07119868695735931,0.055189937353134155,3.645144261099631e-06,2.85784494735708e-06
sasirma,9.850513151832274e-07,0.0017234199913218617,0.002887057140469551,0.2540920674800873,0.3610066771507263,0.11427697539329529,0.00022327688930090517,1.043886982188269e-06,4.929330543745891e-07,0.23844625055789948,0.18082848191261292,0.491635799407959,0.4637632966041565,0.05175880342721939,0.07974374294281006,0.07595950365066528,0.05317983776330948,0.01560052391141653,0.014169208705425262,0.2999938130378723,0.33889269828796387,0.003612999338656664,0.0027422322891652584,0.001635723514482379,0.0015654944581910968,0.041475117206573486,0.0001255507959285751,0.0008677592850290239,0.011454502120614052,0.0015194150619208813,0.000803561182692647,0.001085633528418839,0.020513691008090973,0.00018935381376650184,0.0632280558347702,0.1561419516801834,0.03660492226481438,0.010862600058317184,0.007315021473914385,0.0012156355660408735,0.0015073196263983846,0.0029918986838310957,0.00033280858770012856,0.023989902809262276,0.09919004142284393,0.06133587285876274,0.015394262969493866,0.03928860276937485,0.09074217081069946,0.07472366094589233,6.787920483475318e-06,3.556615411071107e-06
sasirma,9.08861011339468e-07,0.004271439276635647,0.009141902439296246,0.08726195245981216,0.266507625579834,0.0980682224035263,0.00012050132500007749,3.263018015786656e-07,3.3674251653792453e-07,0.31130146980285645,0.2694784998893738,0.5985835790634155,0.5718107223510742,0.045646585524082184,0.07943554222583771,0.086033396422863,0.05297981947660446,0.010962331667542458,0.007744316477328539,0.2895161211490631,0.3145066201686859,0.0028049293905496597,0.0012110905954614282,0.000840890861582011,0.004195153713226318,0.01877831667661667,2.030415998888202e-05,0.000699719472322613,0.01600634679198265,0.0019220290705561638,0.00037834892282262444,0.0005535993259400129,0.013870024122297764,0.0008041537366807461,0.0157648753374815,0.03687098249793053,0.04511651769280434,0.017164437100291252,0.007390071637928486,0.00036267153336666524,0.0013024496147409081,0.002022189786657691,0.0006471612141467631,0.026168646290898323,0.059863265603780746,0.040137872099876404,0.006603992078453302,0.021721409633755684,0.05199645087122917,0.054128069430589676,4.94811320095323e-06,2.3762522687320597e-06
sasirma,5.960282010164519e-07,0.0019887753296643496,0.010225093923509121,0.11986523121595383,0.3464234471321106,0.10235685110092163,1.2111690921301488e-05,1.4568938411230192e-07,2.1591185372926702e-07,0.29837796092033386,0.25774940848350525,0.5005244016647339,0.45826098322868347,0.061033930629491806,0.07747618108987808,0.06825870275497437,0.06326238065958023,0.018470987677574158,0.014101761393249035,0.2957959473133087,0.290867418050766,0.0033606081269681454,0.0017996698152273893,0.0001960964291356504,0.0003618166665546596,0.0001766781060723588,6.594167189177824e-06,4.926044857711531e-05,0.007270341739058495,0.00037459188024513423,0.001206967863254249,0.002042445121333003,0.003460327396169305,0.0018125914502888918,0.00017729033424984664,0.0004716448893304914,0.01725032553076744,0.004396174568682909,0.14100679755210876,0.00049974414287135,0.0002686991938389838,6.595099694095552e-05,0.007551814895123243,0.03864539414644241,0.05453711003065109,0.03578395023941994,0.01547016017138958,0.09676602482795715,0.00807467196136713,0.008207208476960659,1.2734389201796148e-05,6.084844130782585e-07
sasirma,9.229613624484045e-07,0.01348145306110382,0.03167641907930374,0.07819703221321106,0.15270723402500153,0.0689808800816536,8.654106750327628e-06,1.2376672486880125e-07,1.8812798430190014e-07,0.2554519772529602,0.2155177742242813,0.4509296119213104,0.40144652128219604,0.07922140508890152,0.05364023149013519,0.05190445855259895,0.07838878780603409,0.02084677293896675,0.015751859173178673,0.32120636105537415,0.3302867114543915,0.0034875962883234024,0.002137744100764394,8.096579404082149e-05,0.00023350091942120343,0.00019302220607642084,8.810639883449767e-06,6.408095941878855e-05,0.008302957750856876,0.0007769397925585508,0.0009648105478845537,0.0015077292919158936,0.0013975531328469515,0.002114738104864955,8.238396549131721e-05,0.0001343323674518615,0.0318126380443573,0.014282899908721447,0.0531800277531147,0.00038914394099265337,0.0005677316803485155,0.0001074062820407562,0.018008913844823837,0.0316535085439682,0.0717577189207077,0.06404227018356323,0.013027507811784744,0.07399682700634003,0.0031162479426711798,0.003775320015847683,5.409771347331116e-06,6.999585480116366e-07
uyuyor,9.396745213052782e-07,0.007607579231262207,0.013153305277228355,0.10106641054153442,0.2217688113451004,0.11739882081747055,9.278742254537065e-06,1.4286877103586448e-07,2.356628812094641e-07,0.2976280748844147,0.22365397214889526,0.5015179514884949,0.46036404371261597,0.034708138555288315,0.10638011246919632,0.10067392885684967,0.04322962090373039,0.01595025137066841,0.012454461306333542,0.2679338753223419,0.25462114810943604,0.0031683556735515594,0.002415263559669256,8.832794264890254e-05,0.00019986704865004867,0.00010731814109021798,7.190464202722069e-06,2.5983408704632893e-05,0.010277310386300087,0.0007931370055302978,0.0014923689886927605,0.0022120398934930563,0.001239911187440157,0.002663802355527878,8.603370224591345e-05,0.0001531608431832865,0.04200606793165207,0.013821747153997421,0.06609311699867249,0.0003917692229151726,0.0005067131714895368,6.759430834790692e-05,0.0350286066532135,0.05831477791070938,0.12052976340055466,0.08465000987052917,0.018971845507621765,0.07068982720375061,0.007820009253919125,0.00911704357713461,9.960699571820442e-06,7.237730983433721e-07
uyuyor,9.656256452217349e-07,0.007874329574406147,0.07006054371595383,0.032058145850896835,0.1272585093975067,0.03139007091522217,1.8460768842487596e-05,1.6727554452700133e-07,2.963074905437679e-07,0.6449214220046997,0.6713323593139648,0.7361307144165039,0.7193573117256165,0.05054611340165138,0.12177447229623795,0.09947668015956879,0.034422099590301514,0.007794427219778299,0.004881934262812138,0.5486037731170654,0.527888834476471,0.0007969972211867571,0.0002014037745539099,0.0001925872638821602,0.00033858849201351404,0.0002351021976210177,1.0037549145636149e-05,6.16564866504632e-05,0.006724995095282793,0.0007946383557282388,0.001925023621879518,0.002376458840444684,0.00206628511659801,0.00187723059207201,0.00022212789917830378,0.0005936914240010083,0.026769131422042847,0.006486756727099419,0.08362435549497604,0.00039340154035016894,0.0005922500276938081,0.0001427041570423171,0.009369954466819763,0.03157254680991173,0.23283924162387848,0.14222683012485504,0.03943018615245819,0.1386963278055191,0.007235370110720396,0.008824068121612072,8.60189084050944e-06,7.242744004543056e-07
uyuyor,9.6248231784557e-07,0.003627312835305929,0.08723141998052597,0.04757900908589363,0.1722070723772049,0.018702084198594093,2.0222089005983435e-05,3.101773984326428e-07,5.045706643613812e-07,0.724510908126831,0.73496413230896,0.8018491268157959,0.7944397926330566,0.05873851478099823,0.1915266215801239,0.10880686342716217,0.01828397810459137,0.004875947255641222,0.003054559463635087,0.6271320581436157,0.58824622631073,0.0005528915789909661,0.0001466477260692045,0.0002819555520545691,0.0002640094608068466,0.000492038787342608,2.542772017477546e-05,0.00015118416922632605,0.005448644515126944,0.001182366511784494,0.0018192866118624806,0.002142527373507619,0.0024142679758369923,0.0006864751921966672,0.00034870897070504725,0.0009425324969924986,0.025911588221788406,0.00595445791259408,0.08837282657623291,0.0013539026258513331,0.0008377350750379264,0.0002393680770182982,0.006168983411043882,0.01998225972056389,0.20596061646938324,0.12856680154800415,0.05519045889377594,0.21843034029006958,0.0041716620326042175,0.005716847721487284,9.846852663031314e-06,7.705339157837443e-07
uyuyor,9.995260370487813e-07,0.006756358314305544,0.05611824616789818,0.03041168488562107,0.1442710906267166,0.035514745861291885,2.483084062987473e-05,2.2581861003345693e-07,3.772398429191526e-07,0.7142065167427063,0.7896783947944641,0.7879111170768738,0.7776359915733337,0.07015865296125412,0.17754580080509186,0.08802980184555054,0.021751539781689644,0.006302150897681713,0.0029745011124759912,0.6885663866996765,0.6504766941070557,0.0006412428338080645,9.425135795027018e-05,0.00030938046984374523,0.00031752214999869466,0.0004693884402513504,2.005867827392649e-05,0.00011693328997353092,0.005115175619721413,0.0007471375283785164,0.0034044706262648106,0.0038305597845464945,0.0016516459872946143,0.0016160871600732207,0.0003783393476624042,0.001206079963594675,0.029406584799289703,0.005049876403063536,0.04372571036219597,0.00034936045994982123,0.0008144896128214896,0.0002812800230458379,0.005705153103917837,0.017896294593811035,0.15044371783733368,0.07352661341428757,0.08447010070085526,0.19605578482151031,0.004639779217541218,0.005176815204322338,9.288277396990452e-06,7.497315550608619e-07
uyuyor,9.647558272263268e-07,0.016191981732845306,0.1056397557258606,0.019646719098091125,0.080905981361866,0.017359208315610886,1.6685056834830903e-05,2.197359094679996e-07,3.833007440334768e-07,0.7089074850082397,0.7270916104316711,0.7603573799133301,0.7449330687522888,0.05048332363367081,0.190314382314682,0.1274360865354538,0.016585011035203934,0.006395331118255854,0.00410721730440855,0.669649600982666,0.6631587743759155,0.000573771889321506,0.0001379095047013834,0.0002438709925627336,0.0003874314425047487,0.0005195526755414903,1.527189124317374e-05,0.00013584914267994463,0.005945951212197542,0.0006480724550783634,0.00399259477853775,0.004789758939296007,0.0015596679877489805,0.001055841101333499,0.0003083510382566601,0.0010158709483221173,0.03707288205623627,0.005269346293061972,0.04460560530424118,0.0005483341519720852,0.0009175477316603065,0.0002861575339920819,0.005996020045131445,0.01690390333533287,0.07676360756158829,0.03741729259490967,0.06032527610659599,0.14797835052013397,0.0025016050785779953,0.0028851963579654694,8.253290616266895e-06,7.832720712031005e-07
uyuyor,6.223970103746979e-07,0.00756158446893096,0.08998312801122665,0.025729740038514137,0.1241728663444519,0.04108651727437973,1.678797161730472e-05,4.008435041669145e-07,8.180697363968648e-07,0.7286601066589355,0.7406500577926636,0.7730631232261658,0.7735002636909485,0.03951222449541092,0.17984424531459808,0.15774783492088318,0.020454391837120056,0.005370094440877438,0.004028762690722942,0.6864250898361206,0.6004384756088257,0.0005123506998643279,0.00023189814237412065,0.0003256717463955283,0.00016694256919436157,0.0002934335498139262,4.6175548050086945e-05,3.720678432728164e-05,0.006551819387823343,0.00044286745833233,0.005943035241216421,0.006652736105024815,0.002282635774463415,0.0004991958849132061,0.0005574797978624701,0.002219223650172353,0.03879059478640556,0.0026580290868878365,0.12631191313266754,0.0011829568538814783,0.0007740422151982784,0.0001212265997310169,0.004294862505048513,0.026205357164144516,0.0844556987285614,0.03454463556408882,0.1400788277387619,0.22345511615276337,0.0022372703533619642,0.002499321708455682,1.754552431521006e-05,7.631542189301399e-07
uyuyor,4.5283974259291426e-07,0.008255803026258945,0.10335446894168854,0.019093617796897888,0.14246465265750885,0.04488212242722511,1.2908036296721548e-05,4.1944423401218955e-07,8.383663043787237e-07,0.7721894383430481,0.7514147758483887,0.7602741718292236,0.7643570899963379,0.06700675189495087,0.13387955725193024,0.10094122588634491,0.037812843918800354,0.005506674759089947,0.0051385220140218735,0.6541173458099365,0.607261598110199,0.0003944567870348692,0.0002702839847188443,0.0002825580595526844,0.00011456615902716294,0.00025654054479673505,7.709455530857667e-05,3.1943036447046325e-05,0.005281602498143911,0.0004063062951900065,0.006973093841224909,0.007471208460628986,0.002606867579743266,0.0006263183895498514,0.0005040415562689304,0.0016960654174908996,0.03209523856639862,0.002491370774805546,0.18182116746902466,0.0009783421410247684,0.0008233742555603385,8.357331535080448e-05,0.004130251705646515,0.023910025134682655,0.05263511463999748,0.023452473804354668,0.12766070663928986,0.18471021950244904,0.0012707255082204938,0.001169603201560676,1.6536829207325354e-05,6.548843316522834e-07
uyuyor,4.30156717357022e-07,0.003983412403613329,0.05732429400086403,0.06400438398122787,0.18357175588607788,0.06350776553153992,1.308638366026571e-05,5.267781943985028e-07,1.0547153124207398e-06,0.7774708271026611,0.7709516286849976,0.7793760299682617,0.7897992134094238,0.03580663725733757,0.22512806951999664,0.21413743495941162,0.016214611008763313,0.004750449676066637,0.004072562325745821,0.5981751680374146,0.5617861747741699,0.00041465723188593984,0.00024181886692531407,0.0003378911642357707,7.530082075390965e-05,0.00021695427130907774,0.00014749012188985944,2.1194204236962833e-05,0.005120320711284876,0.0003488444781396538,0.006694908253848553,0.0074404096230864525,0.0032738223671913147,0.000574741221498698,0.000650511821731925,0.002583178924396634,0.03800969943404198,0.0024188486859202385,0.21032153069972992,0.0012002597795799375,0.0006990463589318097,9.797058010008186e-05,0.0035865476820617914,0.02574717439711094,0.05028190836310387,0.019849834963679314,0.14670877158641815,0.24110129475593567,0.0010510253487154841,0.0010235693771392107,3.06199726765044e-05,6.647310328844469e-07
uyuyor,4.36274063986275e-07,0.002457401715219021,0.03642582148313522,0.07261766493320465,0.24252384901046753,0.09544206410646439,1.4457673387369141e-05,5.594394565378025e-07,1.1855419188577798e-06,0.7658343315124512,0.7887036800384521,0.7488465309143066,0.7589360475540161,0.027213387191295624,0.2978626489639282,0.30013954639434814,0.01003582775592804,0.005702854599803686,0.004734535235911608,0.5812482833862305,0.5299749374389648,0.00046716947690583766,0.00020826816034968942,0.00032220728462561965,7.73098217905499e-05,0.0002168512874050066,0.00016082715592347085,1.7338801626465283e-05,0.005759670399129391,0.00038402655627578497,0.011467196978628635,0.01256092544645071,0.0026376948226243258,0.0004929676651954651,0.0007216381491161883,0.002963936422020197,0.04510098695755005,0.0024749694857746363,0.18331924080848694,0.0012296922504901886,0.0009334005881100893,9.333719208370894e-05,0.004921326879411936,0.034615371376276016,0.04139081388711929,0.015619603917002678,0.18377690017223358,0.23644281923770905,0.0010531226871535182,0.0011325371451675892,3.7215657357592136e-05,6.04825117989094e-07
uyuyor,2.774050358311797e-07,0.007524677086621523,0.09960714727640152,0.043192293494939804,0.14401139318943024,0.050481297075748444,1.0621400178933982e-05,4.265333188868681e-07,1.0377299304309417e-06,0.7863038182258606,0.7809371948242188,0.7098044753074646,0.7218728065490723,0.036822300404310226,0.29190099239349365,0.2496924102306366,0.011384720914065838,0.006967156194150448,0.00650675967335701,0.5972117185592651,0.533794641494751,0.0004207303572911769,0.00025676962104626,0.0003418636042624712,6.332441989798099e-05,0.00014657684369012713,0.0002206572680734098,8.102409083221573e-06,0.005296978633850813,0.0005176360136829317,0.007791429292410612,0.007813929580152035,0.002670363523066044,0.00024580807075835764,0.0009272034512832761,0.003086708951741457,0.04404724761843681,0.002748232102021575,0.17725348472595215,0.002196854678913951,0.0006587423267774284,7.925201498437673e-05,0.003076647873967886,0.023707371205091476,0.04461991414427757,0.018475286662578583,0.2080877125263214,0.19765809178352356,0.0005490906769409776,0.0005381699302233756,4.074805474374443e-05,5.367494964048092e-07
uyuyor,4.2576843384267704e-07,0.013545113615691662,0.08118022233247757,0.041819266974925995,0.09478915482759476,0.05429272726178169,1.0061067769129295e-05,6.378778039106692e-07,1.05643778169906e-06,0.7560980319976807,0.7239924073219299,0.689062774181366,0.698013186454773,0.03818824142217636,0.2739643454551697,0.22528670728206635,0.01277833804488182,0.008189165033400059,0.008225654251873493,0.6529796123504639,0.5299715995788574,0.000501283211633563,0.0004180824034847319,0.00035502854734659195,4.918379272567108e-05,0.00015468487981706858,0.00016796700947452337,1.1268072739767376e-05,0.006870076525956392,0.0003562198835425079,0.014940227381885052,0.01797322742640972,0.0041999234817922115,0.0002128733176505193,0.0007338857976719737,0.002806961303576827,0.03770215064287186,0.0014488189481198788,0.33343324065208435,0.0025234532076865435,0.0006711457390338182,5.9640471590682864e-05,0.0036690300330519676,0.02414546348154545,0.025811459869146347,0.009339772164821625,0.12702681124210358,0.23203450441360474,0.001042107935063541,0.000775688502471894,4.353106487542391e-05,7.487533366656862e-07
uyuyor,3.72687026128915e-07,0.01084650307893753,0.058247193694114685,0.07095368951559067,0.12181171774864197,0.06235486641526222,9.14897918846691e-06,5.01151362186647e-07,9.116953947341244e-07,0.7959964275360107,0.7603070735931396,0.7135847806930542,0.7220804691314697,0.024150677025318146,0.3638670742511749,0.35711610317230225,0.006717600394040346,0.006911508738994598,0.006870694924145937,0.5871720314025879,0.5099079608917236,0.00042831883183680475,0.0002950603375211358,0.00029537922819145024,4.4973006879445165e-05,0.00013984073302708566,0.00023633379896637052,9.329594831797294e-06,0.006890893913805485,0.0005189318326301873,0.00627411063760519,0.0069037494249641895,0.003842014819383621,0.00021555401326622814,0.0007440549088642001,0.0026178567204624414,0.04956439509987831,0.0025169034488499165,0.2719866931438446,0.003283997066318989,0.0006639972561970353,7.041624485282227e-05,0.003261829260736704,0.022099900990724564,0.03656492754817009,0.014924642629921436,0.0809943825006485,0.15721791982650757,0.0006498033180832863,0.000452848500572145,4.842260750592686e-05,6.186788255035935e-07
uyuyor,3.771376952954597e-07,0.008209292776882648,0.08504707366228104,0.04304687678813934,0.1466147005558014,0.04951408877968788,1.0417436897114385e-05,3.8894717135917745e-07,1.031227611747454e-06,0.7498245239257812,0.7794429063796997,0.7090213298797607,0.7173229455947876,0.01829325594007969,0.38873735070228577,0.3941690921783447,0.006786639802157879,0.007393461652100086,0.006588672753423452,0.5831467509269714,0.5024922490119934,0.0004977104254066944,0.00025052428827621043,0.00029371396522037685,5.284987128106877e-05,0.00015735928900539875,0.00023522169794887304,1.0029406439571176e-05,0.007442544214427471,0.0006085818749852479,0.005825350992381573,0.0062851919792592525,0.0027597590815275908,0.00033399189123883843,0.0006850434001535177,0.0023821783252060413,0.053414586931467056,0.0036249146796762943,0.16894550621509552,0.0018375611398369074,0.0008028678130358458,0.00010462375212227926,0.0036107117775827646,0.02196544036269188,0.04346742853522301,0.019954044371843338,0.08597290515899658,0.18008917570114136,0.000591083022300154,0.0004925096873193979,3.819227640633471e-05,5.89824026064889e-07
uyuyor,5.169930545889656e-07,0.004818486515432596,0.09724147617816925,0.052926670759916306,0.15013079345226288,0.03727227449417114,1.6271609638351947e-05,6.072398264223011e-07,1.1139823072880972e-06,0.7598152756690979,0.7845212817192078,0.7219328880310059,0.731685221195221,0.0314449705183506,0.30228012800216675,0.2535865902900696,0.009465321898460388,0.007100972346961498,0.005560114048421383,0.6783044338226318,0.5741338729858398,0.0005123367300257087,0.00020166915783192962,0.00037744236760772765,9.1358000645414e-05,0.00021952888346277177,0.0001016128808259964,1.7679221855360083e-05,0.007508313748985529,0.00033876122324727476,0.014041244052350521,0.01716696284711361,0.002885915571823716,0.0004951983573846519,0.0007369849481619895,0.00327842659316957,0.034377314150333405,0.0015520112356171012,0.21499504148960114,0.00106620357837528,0.0008438985678367317,6.451962690334767e-05,0.004962925799190998,0.038447778671979904,0.055525753647089005,0.018542058765888214,0.22931423783302307,0.25304144620895386,0.002016735263168812,0.0020578757394105196,3.892186578013934e-05,6.944644042050641e-07
uyuyor,8.617020057499758e-07,0.015079235658049583,0.02269979566335678,0.0225225742906332,0.12981083989143372,0.05735405161976814,2.6353844077675603e-05,1.4594303365811356e-07,1.6380596434828476e-07,0.6809953451156616,0.6514586210250854,0.783532977104187,0.7613233923912048,0.07723923772573471,0.0847979187965393,0.06332893669605255,0.06441769003868103,0.0060430122539401054,0.0037517210002988577,0.6476457118988037,0.6312453746795654,0.0007611949113197625,0.0001310974039370194,0.0002717674942687154,0.0011642688186839223,0.0004919429193250835,3.65325672646577e-06,0.00011923794954782352,0.0053856102749705315,0.00148778164293617,0.005477461498230696,0.006369180977344513,0.0005552652874030173,0.002875053556635976,0.0003638992493506521,0.0008189205545932055,0.05858263745903969,0.02130347676575184,0.00987252127379179,9.883687016554177e-05,0.0014942510752007365,0.0003474065742921084,0.01303243637084961,0.009802071377635002,0.08951985836029053,0.04431336000561714,0.055206362158060074,0.0976526066660881,0.0019205494318157434,0.0019081344362348318,4.475077275856165e-06,8.670130569043977e-07
uyuyor,4.5021732830718975e-07,0.006334802135825157,0.011354539543390274,0.044394563883543015,0.3379825949668884,0.08209957182407379,2.305949237779714e-05,8.210291468913056e-08,6.66942057137021e-08,0.6870046854019165,0.7262769937515259,0.8123619556427002,0.7903534770011902,0.07753013074398041,0.08917447924613953,0.07185212522745132,0.07507115602493286,0.006085186265408993,0.0027992057148367167,0.68849778175354,0.6467916965484619,0.0013928257394582033,6.489783118013293e-05,0.0003042339812964201,0.0016996199265122414,0.00017922268307302147,1.8465558468960808e-06,2.9080807507853024e-05,0.0022126943804323673,0.0016603934345766902,0.0037263722624629736,0.0038973339833319187,0.0009379555704072118,0.004083740990608931,0.0003894263645634055,0.0006062262691557407,0.04181724786758423,0.03823808208107948,0.01568354107439518,7.163762347772717e-05,0.0006740077515132725,0.00016214167408179492,0.016156015917658806,0.011758239939808846,0.09125607460737228,0.05407737195491791,0.06394751369953156,0.08648835867643356,0.0032207430340349674,0.0027846090961247683,6.726892934239004e-06,5.097827511235664e-07
uyuyor,2.0483436458107462e-07,0.007219990249723196,0.028793977573513985,0.019868526607751846,0.37812066078186035,0.03941019997000694,1.6792902897577733e-05,4.982738488479299e-08,4.7490608778844035e-08,0.7192574739456177,0.7127783894538879,0.7420163154602051,0.721595048904419,0.03724660351872444,0.20276011526584625,0.20157292485237122,0.032778412103652954,0.009636810049414635,0.005820095539093018,0.6497079133987427,0.6092799305915833,0.0021101103629916906,7.75765729486011e-05,0.00038713126559741795,0.0008818056085146964,7.095434557413682e-05,2.0578431758622173e-06,7.909566193120554e-06,0.0014026405988261104,0.002481215400621295,0.004698824603110552,0.004210648592561483,0.001683291862718761,0.001910883467644453,0.00046630483120679855,0.0006226793047972023,0.026498686522245407,0.028753718361258507,0.03349829465150833,0.00015542191977147013,0.00032390616252087057,8.406968845520169e-05,0.010832024738192558,0.010931416414678097,0.07917726784944534,0.05494634062051773,0.15211984515190125,0.09976973384618759,0.00322844460606575,0.003323616925626993,8.420237463724334e-06,2.395064768734301e-07
uyuyor,1.714214477033238e-07,0.007107403129339218,0.023449234664440155,0.022481843829154968,0.3951610326766968,0.05395263805985451,1.6753152522142045e-05,4.860883962010121e-08,4.032083111837892e-08,0.7152175307273865,0.7142462134361267,0.7780123949050903,0.7605156898498535,0.12295183539390564,0.05937069654464722,0.0735950917005539,0.11806987971067429,0.007125651463866234,0.004022420383989811,0.6228072643280029,0.6141742467880249,0.002039636019617319,6.948120426386595e-05,0.00031259292154572904,0.0011931986082345247,0.00011895006173290312,2.087493840008392e-06,1.1474238817754667e-05,0.0012119989842176437,0.0027258393820375204,0.005106273107230663,0.004439828917384148,0.0011029052548110485,0.0011048290180042386,0.0007021728088147938,0.0008112928480841219,0.027984993532299995,0.0397963747382164,0.017785629257559776,0.0002596917620394379,0.00045167579082772136,0.00012480704754125327,0.00821064505726099,0.008632058277726173,0.03834141418337822,0.03125167638063431,0.08944457024335861,0.06404717266559601,0.0021182235796004534,0.0025231651961803436,6.439915523515083e-06,2.79734109653873e-07
uyuyor,1.6973547189991223e-07,0.01000828854739666,0.025158952921628952,0.01612851954996586,0.3567042350769043,0.04468291997909546,1.5543379049631767e-05,3.962098205079201e-08,3.3561999401854337e-08,0.69031822681427,0.6510162353515625,0.7398980855941772,0.713472306728363,0.1183919906616211,0.06264808773994446,0.06953158974647522,0.11440446227788925,0.008238188922405243,0.005466012749820948,0.6190679669380188,0.5908858180046082,0.002164554549381137,9.155885345535353e-05,0.0002698671305552125,0.0009793485514819622,0.0001244412560481578,2.8028766791976523e-06,1.1536571037140675e-05,0.0014750382397323847,0.003591371700167656,0.0036391112953424454,0.0030691176652908325,0.0008143192389979959,0.0009265361586585641,0.0006363416323438287,0.0007391287363134325,0.031743478029966354,0.050380267202854156,0.011333314701914787,0.0002729869447648525,0.00046796398237347603,0.0001230064226547256,0.009384696371853352,0.009153122082352638,0.04727863892912865,0.04116065427660942,0.06958109140396118,0.04577136039733887,0.001738724298775196,0.0020876622293144464,4.716019702755148e-06,2.296492169762132e-07
uyuyor,2.3177706509613927e-07,0.009945210069417953,0.01850127801299095,0.019469857215881348,0.33120203018188477,0.06151232495903969,1.5014521522971336e-05,5.3551787004835205e-08,4.0477793561422004e-08,0.7489585280418396,0.71485835313797,0.7786838412284851,0.7558543682098389,0.11462582647800446,0.059781763702631,0.07104189693927765,0.11258416622877121,0.007486212067306042,0.004446873906999826,0.6295786499977112,0.6349800229072571,0.0017909365706145763,6.86744024278596e-05,0.00026179812266491354,0.001222981489263475,9.983191557694227e-05,2.199941263825167e-06,1.2222630175529048e-05,0.0013857496669515967,0.0025352537631988525,0.004996736999601126,0.004608047194778919,0.0008932272321544588,0.0022167512215673923,0.00038457760820165277,0.00048573745880275965,0.028271056711673737,0.04453199356794357,0.018585827201604843,0.00012031785445287824,0.0004759899456985295,9.788187162484974e-05,0.01565607078373432,0.011683525517582893,0.05930369347333908,0.04812735319137573,0.08269396424293518,0.08246131241321564,0.002098299562931061,0.002170862630009651,5.923013759456808e-06,2.9437669013532286e-07
uyuyor,5.689776116923895e-07,0.011697529815137386,0.01809210702776909,0.028377868235111237,0.22102999687194824,0.05405516177415848,2.6041358069051057e-05,1.085003447087729e-07,1.2374643176826794e-07,0.7723400592803955,0.710615873336792,0.8258913159370422,0.8106390237808228,0.05197873339056969,0.164848193526268,0.1335926502943039,0.02716979756951332,0.004971245303750038,0.0028431059326976538,0.6627772450447083,0.6403045654296875,0.0010342479217797518,7.705538155278191e-05,0.00035681636654771864,0.0011736941523849964,0.00028310169000178576,3.232680228393292e-06,6.155444134492427e-05,0.00431946711614728,0.0016889802645891905,0.0023070350289344788,0.002633957890793681,0.0012565840734168887,0.0007709328201599419,0.0005058264941908419,0.0009975623106583953,0.05143055319786072,0.019177120178937912,0.015594923868775368,0.000517692940775305,0.0005764718516729772,0.0002461948315612972,0.007453066762536764,0.008224869146943092,0.14734573662281036,0.06558634340763092,0.07577814906835556,0.09459667652845383,0.005675777327269316,0.0036090617068111897,9.267077984986827e-06,6.681077024950355e-07
uyuyor,6.526541369566985e-07,0.021074756979942322,0.06456337124109268,0.01747860200703144,0.09462638944387436,0.02616283670067787,2.2907905076863244e-05,1.4037252071830153e-07,1.794299890889306e-07,0.7559237480163574,0.6921073794364929,0.8018320798873901,0.7789639830589294,0.09971566498279572,0.08584954589605331,0.05049143731594086,0.06014930456876755,0.005442056339234114,0.0035279933363199234,0.6558328866958618,0.6810768842697144,0.0006438774289563298,0.00011911407636944205,0.0003437047707848251,0.0008684623171575367,0.0005336584872566164,7.119411748135462e-06,0.00013405494973994792,0.003939203452318907,0.001234617317095399,0.0023825771640986204,0.0024934308603405952,0.0015814503422006965,0.0012430902570486069,0.0004946958506479859,0.001239438308402896,0.028148096054792404,0.008989101275801659,0.030432773754000664,0.000349745707353577,0.00061610754346475,0.00028017113800160587,0.003294257912784815,0.009396379813551903,0.10333883762359619,0.056439440697431564,0.05689569562673569,0.08273716270923615,0.0019151106243953109,0.0021319875959306955,5.81821632295032e-06,7.986635637280415e-07
uyuyor,8.875204002833925e-07,0.014219365082681179,0.08634418249130249,0.014607061631977558,0.09906522929668427,0.020482143387198448,2.019019848376047e-05,1.7667061058546096e-07,2.527936828755628e-07,0.7286118268966675,0.6858735680580139,0.7639480233192444,0.7429667711257935,0.06252990663051605,0.1134706437587738,0.08551408350467682,0.03542754799127579,0.006769179832190275,0.004376447759568691,0.6711255311965942,0.6297667026519775,0.0006323999841697514,0.0001343815674772486,0.00026608663029037416,0.0006920567830093205,0.0005808977875858545,8.869349585438613e-06,0.00017856972408480942,0.004208867438137531,0.0009698401554487646,0.004466905724257231,0.004973358940333128,0.0013471319107338786,0.0014678842853754759,0.00028096826281398535,0.0007907000253908336,0.03225942328572273,0.008547081612050533,0.034348729997873306,0.00029832482687197626,0.0009633555309846997,0.00028589574503712356,0.006885146722197533,0.013777950778603554,0.0909581258893013,0.0495520643889904,0.07108838111162186,0.13375252485275269,0.0015909107169136405,0.0020467035938054323,5.520669219549745e-06,7.734110454293841e-07
uyuyor,1.079013941307494e-06,0.014865617267787457,0.10878436267375946,0.01579812914133072,0.08664371818304062,0.019182972609996796,1.7970933186006732e-05,2.0804436928756331e-07,3.3348467809446447e-07,0.7080329656600952,0.7102378606796265,0.7493859529495239,0.7281781435012817,0.06240905448794365,0.15063466131687164,0.09236306697130203,0.024447692558169365,0.007174096070230007,0.004432774148881435,0.6865410208702087,0.6733658313751221,0.0006264118128456175,0.0001410279655829072,0.0002178233553422615,0.00042245027725584805,0.00040608810377307236,1.0070686585095245e-05,0.00011810250725829974,0.005806726403534412,0.000880476669408381,0.004700943361967802,0.00548970140516758,0.00133229058701545,0.0014594398671761155,0.00022897144663147628,0.0006907270289957523,0.028937773779034615,0.006171875167638063,0.050219058990478516,0.0003737623046617955,0.0009738652734085917,0.00019767670892179012,0.00977066345512867,0.02236374095082283,0.1158236488699913,0.06469761580228806,0.06729687750339508,0.16836529970169067,0.003522296668961644,0.0046829842031002045,6.618713086936623e-06,7.252793920997647e-07
uyuyor,9.223410302183765e-07,0.01007191464304924,0.11293619126081467,0.029306912794709206,0.07763256877660751,0.01966916024684906,1.5240144421113655e-05,3.2266638072542264e-07,7.642933610441105e-07,0.6956087350845337,0.6880531311035156,0.7579014301300049,0.7464947700500488,0.0684191957116127,0.18858179450035095,0.09414789825677872,0.019450567662715912,0.006223887205123901,0.004382851999253035,0.6869271993637085,0.6190454959869385,0.0005828491994179785,0.00024064426543191075,0.00023062808031681925,0.00027531347586773336,0.0004955928889103234,3.147905954392627e-05,0.00012379232794046402,0.0072822002694010735,0.000663185550365597,0.004665786866098642,0.00563392648473382,0.0013548479182645679,0.0003803019935730845,0.0002512907376512885,0.0009179823100566864,0.044250961393117905,0.004248244222253561,0.06125515326857567,0.0015411333879455924,0.0012982555199414492,0.00029125920264050364,0.006687855813652277,0.014703960157930851,0.0785469189286232,0.037374403327703476,0.08111279457807541,0.22466325759887695,0.0010181991383433342,0.0011589652858674526,9.183463589579333e-06,7.875181609051651e-07
uyuyor,3.678161135667324e-07,0.004560001660138369,0.032073572278022766,0.051390234380960464,0.20041276514530182,0.13815262913703918,1.1765778253902681e-05,3.783618183206272e-07,7.688551590945281e-07,0.7763993740081787,0.7741077542304993,0.7274099588394165,0.7382826209068298,0.031923551112413406,0.22763606905937195,0.23107470571994781,0.021096952259540558,0.007076136767864227,0.006188899744302034,0.5995714664459229,0.5063691735267639,0.000440563220763579,0.0002738652110565454,0.00026252574753016233,6.97604482411407e-05,0.00011547550820978358,0.00012499818694777787,7.777218343107961e-06,0.004323060158640146,0.0005050697945989668,0.00782249215990305,0.00782864447683096,0.003472724463790655,0.000881040992680937,0.0006057133432477713,0.0016296834219247103,0.026617752388119698,0.002855645027011633,0.2398262768983841,0.0008027981384657323,0.0005118164117448032,5.52815108676441e-05,0.004629114177078009,0.04510520398616791,0.05171028897166252,0.02776367776095867,0.11604796350002289,0.17340987920761108,0.0012219247873872519,0.001387152005918324,3.23879903589841e-05,5.700051701751363e-07
uyuyor,3.986392584920395e-07,0.0032420947682112455,0.037753134965896606,0.06981118768453598,0.24522849917411804,0.10921191424131393,8.266019904112909e-06,5.392847128860012e-07,1.0238535423923167e-06,0.7187033891677856,0.6304418444633484,0.6666852831840515,0.686909556388855,0.016500210389494896,0.39558085799217224,0.4096887409687042,0.007192517630755901,0.007168782874941826,0.009040444158017635,0.4892721176147461,0.5327723026275635,0.0004897096077911556,0.0005436364444904029,0.00024034753732848912,3.0781939130974934e-05,0.00011740947957150638,0.0002889566239900887,5.340039479051484e-06,0.005376075394451618,0.0009185121161863208,0.014392443932592869,0.015683069825172424,0.0025367687921971083,0.00048478945973329246,0.0007881314377300441,0.002002442255616188,0.03628858923912048,0.0052296011708676815,0.17783524096012115,0.0012045239564031363,0.0009287940338253975,8.318348409375176e-05,0.006735594477504492,0.04644446074962616,0.018777115270495415,0.013597470708191395,0.053118057548999786,0.19840094447135925,0.0009877132251858711,0.001381672453135252,3.661114533315413e-05,6.429138466046425e-07
uyuyor,3.483276884708175e-07,0.003705379320308566,0.04213254898786545,0.07249593734741211,0.21261726319789886,0.10680953413248062,8.457241165160667e-06,7.055022592794558e-07,9.398000315741228e-07,0.7314752340316772,0.6459770798683167,0.6795443892478943,0.6917791366577148,0.023662663996219635,0.4098947048187256,0.40542587637901306,0.004688973538577557,0.007016133051365614,0.00747589161619544,0.4662228226661682,0.5346928834915161,0.0004743184254039079,0.0004989689332433045,0.0002725508529692888,1.705393151496537e-05,0.00010118760837940499,0.0005427172291092575,4.117225671507185e-06,0.004274746403098106,0.001152419950813055,0.021602528169751167,0.02188013307750225,0.00350386300124228,0.00022224294662009925,0.0010350833181291819,0.0024460230488330126,0.036832790821790695,0.005321175325661898,0.1970091164112091,0.0022189239971339703,0.0008082849672064185,8.393463940592483e-05,0.005527327302843332,0.04579460993409157,0.030532045289874077,0.021129952743649483,0.10984895378351212,0.24715973436832428,0.0009282097453251481,0.0013668406754732132,4.602388071361929e-05,5.907726290388382e-07
uyuyor,4.690032540111133e-07,0.00635489821434021,0.037119053304195404,0.05794375017285347,0.19546225666999817,0.12089326977729797,8.581169822718948e-06,6.796469733671984e-07,1.034424826684699e-06,0.7737801671028137,0.6602364778518677,0.6693593263626099,0.6791830062866211,0.022439109161496162,0.3702021539211273,0.376759797334671,0.00649203872308135,0.006882349960505962,0.008686576969921589,0.4761210083961487,0.5444720983505249,0.00038919810322113335,0.0004420116893015802,0.0002339778293389827,2.2309475752990693e-05,0.00010656260565156117,0.00036973043461330235,5.490154308063211e-06,0.005045558325946331,0.0009869170607998967,0.01673179306089878,0.017553651705384254,0.0036072945222258568,0.0003538459131959826,0.0007507019909098744,0.0017343780491501093,0.03389294072985649,0.00483061745762825,0.21979911625385284,0.0015126720536500216,0.0008936193189583719,6.448216299759224e-05,0.0068902503699064255,0.05264854058623314,0.04281526431441307,0.03050810843706131,0.10531394183635712,0.26393431425094604,0.0011209751246497035,0.001570974593050778,3.635476605268195e-05,6.260079885578307e-07
uyuyor,4.709763175014814e-07,0.004973604343831539,0.031228501349687576,0.07481667399406433,0.19359663128852844,0.13085049390792847,8.719046491023619e-06,5.931408395554172e-07,1.0879217597903335e-06,0.7437495589256287,0.6338160634040833,0.6240673661231995,0.6332828998565674,0.02375296875834465,0.3759893774986267,0.37289682030677795,0.005780159030109644,0.008193956688046455,0.010496632196009159,0.4431564509868622,0.6015980243682861,0.00045059595140628517,0.00043988105608150363,0.0002831162710208446,1.9801467715296894e-05,0.0001267666375497356,0.00039924090378917754,4.646585693990346e-06,0.005884356331080198,0.0009106750367209315,0.020897386595606804,0.023391272872686386,0.0035850501153618097,0.0008923626155592501,0.0012913919053971767,0.0031215036287903786,0.029377682134509087,0.004484080243855715,0.16709937155246735,0.0004521634546108544,0.0008814259781502187,9.141769260168076e-05,0.004372643772512674,0.04165255278348923,0.022028278559446335,0.015711810439825058,0.07987040281295776,0.28554558753967285,0.0015861199935898185,0.002258635824546218,3.8686255720676854e-05,6.388500537468644e-07
uyuyor,7.288788310688687e-07,0.006132489535957575,0.024893200024962425,0.05881035700440407,0.17069187760353088,0.10380042344331741,1.5677313058404252e-05,4.492582945658796e-07,7.457638275809586e-07,0.7029092907905579,0.736133337020874,0.7402788400650024,0.7389025688171387,0.03110935539007187,0.23041413724422455,0.21632243692874908,0.012827612459659576,0.006465418729931116,0.004565475974231958,0.5839133262634277,0.586051344871521,0.0005945116281509399,0.00021920826111454517,0.0002822807291522622,0.00018882898439187557,0.0002219725283794105,4.0432623791275546e-05,2.6288955268682912e-05,0.005877771880477667,0.0004655839584302157,0.014742161147296429,0.016751110553741455,0.001939635374583304,0.0005120974965393543,0.00046884105540812016,0.002017101040109992,0.038602448999881744,0.002817641943693161,0.1305426061153412,0.0009573554852977395,0.000862759305164218,0.00010394942364655435,0.00678831385448575,0.03881565108895302,0.05813879147171974,0.023943662643432617,0.16320191323757172,0.26645153760910034,0.0014590113423764706,0.0021440978161990643,2.5058638129848987e-05,7.229790526253055e-07
uyuyor,8.879496249392105e-07,0.012289059348404408,0.018658863380551338,0.03854450583457947,0.14426660537719727,0.0596885047852993,3.2177140383282676e-05,1.7368229521252943e-07,1.749694007457947e-07,0.6446330547332764,0.6578441262245178,0.7678310871124268,0.7366342544555664,0.06596114486455917,0.09673288464546204,0.07305330783128738,0.056614916771650314,0.008365278132259846,0.00399808818474412,0.6742479801177979,0.5813413858413696,0.0010051453718915582,0.00012180188787169755,0.00038281470187939703,0.001534851617179811,0.0004753171233460307,2.990434495586669e-06,0.00012363992573227733,0.004150949884206057,0.0011870147427543998,0.005778712686151266,0.006524958647787571,0.0008601204608567059,0.0018007433973252773,0.00042678939644247293,0.0009508645161986351,0.04330471530556679,0.012722431682050228,0.018343614414334297,0.00016516007599420846,0.001277591218240559,0.00026361155323684216,0.010133415460586548,0.01090253796428442,0.11202734708786011,0.05090305581688881,0.11604516208171844,0.1764059066772461,0.002131884219124913,0.002167440252378583,5.959974714642158e-06,8.732874334782537e-07
uyuyor,5.023706535212114e-07,0.0068070185370743275,0.010273068211972713,0.01619323529303074,0.34093788266181946,0.0815560519695282,2.1922800442553125e-05,8.48862384827953e-08,9.873888018319121e-08,0.7288918495178223,0.7122868299484253,0.8125103712081909,0.7978229522705078,0.06139704957604408,0.1360163539648056,0.1099485531449318,0.039044350385665894,0.005935333203524351,0.0030649343971163034,0.6650389432907104,0.6261144876480103,0.0011998621048405766,7.344502955675125e-05,0.00031107431277632713,0.0011879773810505867,0.00028106983518227935,4.854607141169254e-06,6.368480535456911e-05,0.003559241769835353,0.0013402546755969524,0.0018084661569446325,0.0020778062753379345,0.0009701336384750903,0.0034856577403843403,0.0003244699037168175,0.0005118710687384009,0.05269794911146164,0.030280888080596924,0.013289215974509716,0.000101363672001753,0.0006528474041260779,0.0003347652964293957,0.011786327697336674,0.008053922094404697,0.13042232394218445,0.06694445759057999,0.07561873644590378,0.12772588431835175,0.001842370955273509,0.001424537505954504,6.2715616877540015e-06,4.916485636385914e-07
uyuyor,5.114374630466045e-07,0.013567343354225159,0.018569814041256905,0.01345852855592966,0.22659428417682648,0.059648238122463226,2.1718451534979977e-05,6.887380976650093e-08,9.361416886122242e-08,0.745296835899353,0.6724323034286499,0.7832068800926208,0.7669883966445923,0.06519395112991333,0.10599827766418457,0.08399614691734314,0.06358171999454498,0.006514532025903463,0.0041733840480446815,0.6554811000823975,0.6432340145111084,0.0010469545377418399,8.814552711555734e-05,0.00029292426188476384,0.0016465896042063832,0.0002664113126229495,2.5702918264869368e-06,5.9630063333315775e-05,0.004419049248099327,0.0015262746019288898,0.0013547970447689295,0.0015284140827134252,0.0009239910868927836,0.00323649519123137,0.00032147453748621047,0.0005402655806392431,0.06288676708936691,0.03471262380480766,0.013212067075073719,0.00011001127859344706,0.0006218751077540219,0.00028169676079414785,0.012000994756817818,0.007683095522224903,0.15773333609104156,0.07777905464172363,0.06505920737981796,0.08415243774652481,0.0019629064481705427,0.001544977887533605,4.566958978102775e-06,5.204990998208814e-07
uyuyor,4.66144513211475e-07,0.011894706636667252,0.025446200743317604,0.015925943851470947,0.26991453766822815,0.056189343333244324,1.9626175344455987e-05,6.734754975923352e-08,7.102988064389137e-08,0.739869236946106,0.7238989472389221,0.759833037853241,0.7372917532920837,0.050123460590839386,0.12477454543113708,0.1177981048822403,0.05249261111021042,0.007901704870164394,0.0044701616279780865,0.6725680828094482,0.6527103781700134,0.0012051103403791785,6.47894266876392e-05,0.0002864514826796949,0.001457542646676302,0.00016790487279649824,2.3246977889357368e-06,3.062011819565669e-05,0.002725919708609581,0.0013090084539726377,0.0021341799292713404,0.0023806521203368902,0.0012536520371213555,0.006021155975759029,0.00031666329596191645,0.00048223798512481153,0.04424268752336502,0.0356055423617363,0.02308262698352337,5.7972793001681566e-05,0.0005559870623983443,0.0001442586217308417,0.015534522943198681,0.012078107334673405,0.11409144103527069,0.06535463780164719,0.06472842395305634,0.0972406417131424,0.0020931351464241743,0.0019019978353753686,5.606932973023504e-06,4.4344582761368656e-07
uyuyor,5.408148240348964e-07,0.015433549880981445,0.027401620522141457,0.008836652152240276,0.2943620979785919,0.05180901661515236,2.0832640075241216e-05,6.410849806570695e-08,6.069022617793962e-08,0.6870267391204834,0.7023332118988037,0.7501661777496338,0.7214932441711426,0.07976269721984863,0.08542469888925552,0.07672669738531113,0.08039622008800507,0.0081862173974514,0.004281844012439251,0.6699990034103394,0.601204514503479,0.0014509661123156548,6.648007547482848e-05,0.00020972582569811493,0.0007789250812493265,0.0001771566749084741,3.449318001003121e-06,3.929227023036219e-05,0.003026896622031927,0.0016367562348023057,0.0023960182443261147,0.0025260928086936474,0.0009285486303269863,0.0025041529443114996,0.00023266133212018758,0.0003040136070922017,0.05154133960604668,0.03621466085314751,0.018278980627655983,0.00015940530283842236,0.0006740083917975426,0.00014793251466471702,0.02148095704615116,0.013780911453068256,0.13459865748882294,0.08238071948289871,0.07876620441675186,0.0892362892627716,0.0028161993250250816,0.002556672552600503,4.4904763853992335e-06,4.1653672155916865e-07
uyuyor,4.4948285449208925e-07,0.014375914819538593,0.04854513332247734,0.0076979342848062515,0.2643805742263794,0.03073371760547161,2.0930496248183772e-05,5.703342509377762e-08,6.768753024744001e-08,0.6766563057899475,0.6917358636856079,0.7113454937934875,0.6799460649490356,0.06523731350898743,0.11249608546495438,0.09143351763486862,0.06682358682155609,0.011243809014558792,0.006553489249199629,0.703229546546936,0.6373381614685059,0.0016124177491292357,7.647488382644951e-05,0.00031522440258413553,0.0007911996799521148,0.0001975263876374811,4.623392669600435e-06,4.496113251661882e-05,0.0024517832789570093,0.0016022375784814358,0.001179052167572081,0.0012688616989180446,0.0014535993104800582,0.00257297744974494,0.00029473169706761837,0.0003783171414397657,0.03113614022731781,0.026753736659884453,0.024514904245734215,0.0001463566004531458,0.00045498533290810883,0.00016508245607838035,0.009745280258357525,0.008040254935622215,0.1919422149658203,0.13274915516376495,0.07702291756868362,0.1432652622461319,0.001701741828583181,0.0016227629967033863,3.975640538556036e-06,3.83642685619634e-07
uyuyor,1.2384128922349191e-06,0.01412043534219265,0.034929901361465454,0.010189815424382687,0.20773693919181824,0.05767887830734253,3.502385152387433e-05,1.7266545171423786e-07,1.001679947876255e-07,0.736357569694519,0.6956554055213928,0.773849606513977,0.7704983949661255,0.031685784459114075,0.2506598234176636,0.22076863050460815,0.01587921567261219,0.006281913258135319,0.004432994406670332,0.7587454319000244,0.6073187589645386,0.0014980885898694396,0.00011161636211909354,0.00021553658007178456,0.0005588324274867773,0.0001848300453275442,5.938301455898909e-06,3.651323640951887e-05,0.0036674703005701303,0.0015701610827818513,0.001227856962941587,0.0014364533126354218,0.0013702667783945799,0.002638435224071145,0.0002042338892351836,0.00037686864379793406,0.03656031936407089,0.013999788090586662,0.02325231023132801,0.0002404995175311342,0.0007064568344503641,0.00042509843478910625,0.032108746469020844,0.010724382475018501,0.8045703172683716,0.6202969551086426,0.016418009996414185,0.04953765869140625,0.012334450148046017,0.0069532874040305614,4.878397248830879e-06,9.847846058619325e-07
uyuyor,1.0786918664962286e-06,0.006387058179825544,0.012420988641679287,0.03690657392144203,0.2663731873035431,0.11525542289018631,3.1554256565868855e-05,4.207611254969379e-07,1.8899925180448918e-07,0.7454817891120911,0.5881567001342773,0.8336893320083618,0.8395437598228455,0.10043828189373016,0.08548125624656677,0.054318904876708984,0.06994865834712982,0.003134266473352909,0.0029263298492878675,0.6911177635192871,0.538295567035675,0.0008241623872891068,0.00026864875690080225,0.00025216626818291843,0.0004066544643137604,0.0001296403497690335,4.627076123142615e-06,2.4637185561005026e-05,0.0025699723046272993,0.0013596332864835858,0.002836388535797596,0.0029174459632486105,0.0016937812324613333,0.0019260646076872945,0.0002510613121557981,0.0005286539089865983,0.02122347801923752,0.008759180083870888,0.038522880524396896,0.0003824318991973996,0.0005867807194590569,0.0002731236454565078,0.028050974011421204,0.02041551098227501,0.7986249923706055,0.6428177356719971,0.030508490279316902,0.07004055380821228,0.03377240523695946,0.024700142443180084,6.794753062422387e-06,1.300148369409726e-06
uyuyor,1.3232992159828427e-06,0.00990038737654686,0.04426243156194687,0.013938928954303265,0.1511916220188141,0.03520841896533966,2.9050952434772626e-05,2.5019880922627635e-07,1.994697953477953e-07,0.6088905334472656,0.5380898714065552,0.6571469902992249,0.6498372554779053,0.06299448013305664,0.19619333744049072,0.10027582198381424,0.020190909504890442,0.010540086776018143,0.008360489271581173,0.7346668243408203,0.6332853436470032,0.0012120554456487298,0.0002689027169253677,0.0002605980553198606,0.0004928400740027428,0.0003263639227952808,5.877408966625808e-06,9.132551349466667e-05,0.004361300263553858,0.0010833414271473885,0.002185794524848461,0.002581320470198989,0.001600871211849153,0.0016796512063592672,0.00023244181647896767,0.0005189819494262338,0.02184639498591423,0.006470441352576017,0.04304875433444977,0.00030609857640229166,0.0008798622875474393,0.00032918821671046317,0.01495465636253357,0.010960698127746582,0.6305197477340698,0.43572282791137695,0.02718246914446354,0.12285248935222626,0.0073155686259269714,0.006340486463159323,4.116169748158427e-06,9.353043992632593e-07
uyuyor,3.6139024359727046e-06,0.014373274520039558,0.037103381007909775,0.028571918606758118,0.15022028982639313,0.047496017068624496,0.0012413457734510303,1.5318214536819141e-06,7.61212731958949e-07,0.4547106623649597,0.47338834404945374,0.41097840666770935,0.41695356369018555,0.017996789887547493,0.3392806947231293,0.3203178644180298,0.00957280769944191,0.04043550416827202,0.02298249490559101,0.7330964803695679,0.5486832857131958,0.0031321574933826923,0.000548117037396878,0.004004005342721939,0.003445201786234975,0.06815631687641144,0.0001313112152274698,0.002461767988279462,0.008639927953481674,0.01038272399455309,0.00021558793378062546,0.0002220876922365278,0.010399816557765007,0.0008379545761272311,0.2051568180322647,0.44102439284324646,0.06923969835042953,0.0856274664402008,0.0032544920686632395,0.00038848642725497484,0.00373291177675128,0.023056644946336746,0.0020260747987776995,0.006748423911631107,0.8789201378822327,0.8611972332000732,0.01710117794573307,0.06140934303402901,0.6300028562545776,0.6393297910690308,3.0374426387425046e-06,4.886634087597486e-06
uyuyor,3.0785972739977296e-06,0.023505616933107376,0.03207461163401604,0.043383028358221054,0.08062504976987839,0.03754361346364021,0.00040001366869546473,1.4745440921615227e-06,6.594637511625479e-07,0.5557092428207397,0.4929736256599426,0.49489083886146545,0.4846150577068329,0.020074455067515373,0.4708724021911621,0.402023047208786,0.003944432362914085,0.031422410160303116,0.022112341597676277,0.7393264770507812,0.6444165706634521,0.002731770509853959,0.0005135086248628795,0.003830756526440382,0.0013205230934545398,0.016343437135219574,0.00015199404151644558,0.0007479285704903305,0.008232849650084972,0.006047221831977367,0.00010653537174221128,0.000141034834086895,0.015260440297424793,0.0007655990775674582,0.07577002793550491,0.23428133130073547,0.041038401424884796,0.04503267630934715,0.004034303594380617,0.0005279051256366074,0.0010250706691294909,0.011169811710715294,0.0011416400084272027,0.007825126871466637,0.8855093717575073,0.8704887628555298,0.010735067538917065,0.17190271615982056,0.38595226407051086,0.3851639926433563,5.594007689069258e-06,4.353261829237454e-06
uyuyor,1.9825993149424903e-06,0.01108217891305685,0.059054553508758545,0.009182206355035305,0.15830650925636292,0.02297396771609783,4.322894892538898e-05,2.8549305852720863e-07,2.3937724336065003e-07,0.5231543183326721,0.5197742581367493,0.5478031635284424,0.5295126438140869,0.01247421745210886,0.41630712151527405,0.40760499238967896,0.004622362554073334,0.019025186076760292,0.01449626125395298,0.7895596027374268,0.7022527456283569,0.001786763546988368,0.0002877355145756155,0.00021355903299991041,0.00048516993410885334,0.000920042279176414,1.3051836504018866e-05,0.00023527756275143474,0.005084519740194082,0.0032082239631563425,0.0016881811898201704,0.0019047907553613186,0.0008126232423819602,0.0002017012593569234,0.0003130882978439331,0.0006973751587793231,0.04414599761366844,0.014531932771205902,0.010913207195699215,0.0029764531645923853,0.0025093250442296267,0.0023314207792282104,0.011163021437823772,0.005805773660540581,0.7193278074264526,0.5896446704864502,0.018331872299313545,0.07483498752117157,0.0016924755182117224,0.0020637516863644123,2.602688709885115e-06,1.3316978311195271e-06
uyuyor,1.986916913665482e-06,0.023795228451490402,0.0719524398446083,0.006104655098170042,0.08019749075174332,0.021954724565148354,2.6878486096393317e-05,1.082335003843582e-07,2.1411109685232077e-07,0.2993830740451813,0.4564231038093567,0.30547982454299927,0.31075650453567505,0.027230974286794662,0.14151117205619812,0.127571702003479,0.03345293179154396,0.0468505434691906,0.029404236003756523,0.6537996530532837,0.567057728767395,0.0023347726091742516,0.00031856520217843354,0.00015371314657386392,0.0003284132981207222,0.0004377452132757753,7.620214091730304e-06,0.00012646554387174547,0.015480367466807365,0.005366250406950712,0.0015697641065344214,0.001898505142889917,0.00047416635788977146,0.0003345075238030404,0.00015925170737318695,0.00029640382854267955,0.09062299132347107,0.033836908638477325,0.006997489836066961,0.00147672975435853,0.001824912615120411,0.0007536555058322847,0.016673747450113297,0.008179046213626862,0.36993110179901123,0.273997038602829,0.03770805150270462,0.13654308021068573,0.0008099472033791244,0.0013794051483273506,2.718159748837934e-06,8.226559202739736e-07
uyuyor,2.1171060780034168e-06,0.04085167124867439,0.08895198255777359,0.012268663384020329,0.06025721877813339,0.023829860612750053,1.8418229956296273e-05,1.815963059925707e-07,2.1246006554065389e-07,0.18383705615997314,0.1822035163640976,0.15842406451702118,0.16444221138954163,0.07465481013059616,0.04921019449830055,0.057336367666721344,0.08086618036031723,0.0685032531619072,0.06276502460241318,0.5776052474975586,0.5092132687568665,0.00363941746763885,0.002007888862863183,8.019362576305866e-05,0.0001982148241950199,0.0003737220831681043,1.0186034160142299e-05,9.681610390543938e-05,0.010028363205492496,0.002051285933703184,0.0007609578315168619,0.001007157377898693,0.0006006791954860091,0.00040378799894824624,0.00011034085036953911,0.00018478953279554844,0.04895690828561783,0.017087751999497414,0.018624205142259598,0.0019750678911805153,0.0016742749139666557,0.0005930277402512729,0.020100519061088562,0.013689412735402584,0.47220683097839355,0.396835595369339,0.013966690748929977,0.07824425399303436,0.0011534320656210184,0.0018438085680827498,2.2276783511188114e-06,1.054022618518502e-06
uyuyor,8.473650154883217e-07,0.0154210040345788,0.07450152933597565,0.006346380803734064,0.1179763674736023,0.02430148422718048,1.839523611124605e-05,6.390364148955996e-08,1.1348443962333477e-07,0.35883358120918274,0.4306030869483948,0.29777899384498596,0.29793813824653625,0.026109876111149788,0.16828958690166473,0.16166865825653076,0.024673832580447197,0.04687175527215004,0.036003321409225464,0.6454838514328003,0.5797215104103088,0.0017996715614572167,0.0004430958942975849,0.00011709340469678864,0.00039288075640797615,0.0008471119217574596,1.3499133274308406e-05,0.00034892294206656516,0.009565536864101887,0.0031893858686089516,9.791595221031457e-05,0.00011569494381546974,0.0021156701259315014,0.0010275454260408878,0.0001421390479663387,0.00024538469733670354,0.022925350815057755,0.010760197415947914,0.07508242130279541,0.0010515947360545397,0.0007692401995882392,0.000521154492162168,0.003396245650947094,0.004903590772300959,0.36582207679748535,0.3226156234741211,0.006917464081197977,0.032015811651945114,0.000251887075137347,0.0004613452183548361,1.608387719898019e-06,3.789750167015882e-07
uyuyor,1.1721243708961993e-06,0.0013912386493757367,0.007686152588576078,0.1222773939371109,0.3313460648059845,0.22212746739387512,0.00014352537982631475,1.7507014717921265e-06,9.352125402983802e-07,0.6766631007194519,0.6208376884460449,0.6925935745239258,0.6971795558929443,0.07666352391242981,0.09519600868225098,0.06254405528306961,0.051583431661129,0.007246325258165598,0.006739040371030569,0.6602736115455627,0.5675146579742432,0.0004319999134168029,0.0004083316307514906,0.000953163078520447,0.00029365153750404716,0.0065069906413555145,0.0005779961356893182,0.00017015171761158854,0.004252385348081589,0.0014278548769652843,0.00212910957634449,0.0016944733215495944,0.01753506250679493,0.00036115548573434353,0.027447206899523735,0.06486275047063828,0.032059550285339355,0.008255790919065475,0.031369972974061966,0.0008320912602357566,0.000984481885097921,0.0012419967679306865,0.00135221506934613,0.060381777584552765,0.4457584619522095,0.26906684041023254,0.10215101391077042,0.07172086834907532,0.0641830563545227,0.07912658900022507,1.031096871884074e-05,2.4769371975708054e-06
uyuyor,3.5883479085896397e-06,0.5202348232269287,0.45161473751068115,0.00012058097490807995,0.0022915471345186234,0.00415610009804368,2.748424230958335e-05,1.2520689551820396e-07,1.4506521495150082e-07,0.2155085951089859,0.10673300921916962,0.3449881374835968,0.3136453926563263,0.07429659366607666,0.05849950760602951,0.06712735444307327,0.07855330407619476,0.02644563838839531,0.03176021948456764,0.4222547113895416,0.48642081022262573,0.0036555284168571234,0.004445556551218033,2.455818139424082e-05,0.0011192273814231157,0.0019237056840211153,9.313841474067885e-06,0.0003017681301571429,0.009781110100448132,0.03465454280376434,0.0006011204677633941,0.0005439995438791811,6.44940955680795e-05,0.0002193815598729998,5.715123188565485e-05,3.441865192144178e-05,0.17691224813461304,0.1583973616361618,0.0006816575187258422,0.004547570366412401,0.0168610867112875,0.027986830100417137,0.26154473423957825,0.016799448058009148,0.6824624538421631,0.5620682239532471,0.010043480433523655,0.0037838576827198267,0.0027164099738001823,0.004855322651565075,2.17240739175395e-07,9.510957283964672e-07
uyuyor,9.694533531501293e-08,0.0030937145929783583,0.012025505304336548,0.29053443670272827,0.3241683840751648,0.4719405770301819,3.391989821466268e-06,1.1355069062801704e-07,5.670843279403925e-07,0.4401518702507019,0.08117689937353134,0.49448129534721375,0.3980977237224579,0.11301382631063461,0.38943395018577576,0.31584033370018005,0.02970387414097786,0.009694215841591358,0.01991467922925949,0.19807106256484985,0.8214496374130249,0.005916409194469452,0.007746273186057806,0.0006268582656048238,5.825058906339109e-05,9.29945417738054e-06,0.0001509298017481342,5.300466909829993e-08,0.01588812842965126,0.010165282525122166,0.011482477188110352,0.013035057112574577,0.0016980672953650355,0.06884821504354477,0.01866615191102028,0.01343870535492897,0.04602357745170593,0.11457809805870056,0.042320240288972855,1.708932722976897e-05,0.0047938586212694645,0.0013088195119053125,0.02063184231519699,0.005430915858596563,0.0013741388684138656,0.002102750586345792,0.00979695376008749,0.036708101630210876,0.0003141784982290119,0.0005625583580695093,2.0702560505014844e-05,1.0430196795141455e-07
uyuyor,6.962224006201723e-07,0.0109634380787611,0.06891431659460068,0.022191129624843597,0.24988214671611786,0.063320092856884,1.3586880413640756e-05,1.1947007294565992e-07,4.249599783179292e-07,0.14256539940834045,0.07434860616922379,0.22706085443496704,0.20980611443519592,0.006373267620801926,0.3332047462463379,0.3175468444824219,0.011613116599619389,0.03872869908809662,0.03862719237804413,0.3518904745578766,0.30587708950042725,0.006122827995568514,0.009122192859649658,0.00013218168169260025,0.0002563434827607125,0.00022873403213452548,1.1031252142856829e-05,2.9470995286828838e-05,0.011409338563680649,0.0016539741773158312,0.0005750130512751639,0.0007420499459840357,0.0008835470653139055,0.0024819308891892433,0.0002307464019395411,0.0004014383303001523,0.04332631826400757,0.016011759638786316,0.030365683138370514,0.00031199087970890105,0.0008862869581207633,0.0001753682881826535,0.007072355132550001,0.027138352394104004,0.13158003985881805,0.10860330611467361,0.014033621177077293,0.03840160742402077,0.0017137235263362527,0.0027757976204156876,6.032338660588721e-06,7.482229875677149e-07
uyuyor,1.2305696373005048e-06,0.010387540794909,0.05166732892394066,0.036259137094020844,0.17483961582183838,0.05993892252445221,1.2473136848711874e-05,1.6333549979208328e-07,4.725482938283676e-07,0.15453535318374634,0.11455003917217255,0.2907288670539856,0.28535136580467224,0.014278154820203781,0.21690262854099274,0.21231518685817719,0.015785399824380875,0.03038310632109642,0.027615290135145187,0.4711529016494751,0.4096219539642334,0.005299335811287165,0.005477793514728546,0.00011336911120451987,0.00021721815573982894,0.00021402686252258718,1.0470374036231078e-05,4.02435107389465e-05,0.031089913100004196,0.001172104850411415,0.00051010528113693,0.0009074177942238748,0.0010418662568554282,0.0022423325572162867,0.00013210633187554777,0.0002788262499962002,0.05994574353098869,0.014152432791888714,0.038669653236866,0.0003564952057786286,0.0009308778098784387,0.00019698751566465944,0.011678295210003853,0.02166012115776539,0.21637335419654846,0.14456434547901154,0.010430021211504936,0.08506909757852554,0.0015519224107265472,0.001672870246693492,6.490771284006769e-06,1.0483935284355539e-06
uyuyor,1.365547404930112e-06,0.03651978820562363,0.08447352796792984,0.014599409885704517,0.09744468331336975,0.035078853368759155,1.4669513802800793e-05,1.4967622519179713e-07,2.666064062850637e-07,0.13374845683574677,0.08035637438297272,0.16121016442775726,0.1503477841615677,0.013091898523271084,0.21870219707489014,0.20868711173534393,0.018566586077213287,0.0579400397837162,0.05891893804073334,0.41399049758911133,0.4601600766181946,0.005195398349314928,0.0062744999304413795,0.00011148201883770525,0.00019901643099728972,0.00037215137854218483,1.10424716694979e-05,9.341893019154668e-05,0.020541513338685036,0.0025902106426656246,0.00037931298720650375,0.0005648730439133942,0.0007750507793389261,0.001076461630873382,0.00016632751794531941,0.00026002127560786903,0.06568682193756104,0.0228809155523777,0.024759262800216675,0.0007196266669780016,0.001374796382151544,0.00024032143119256943,0.011604053899645805,0.013376268558204174,0.23280954360961914,0.18080371618270874,0.011392543092370033,0.04640287905931473,0.0007210937328636646,0.0011198128340765834,2.9987506877660053e-06,8.48830552513391e-07
uyuyor,1.2078828603989678e-06,0.02145458199083805,0.03890430927276611,0.010424678213894367,0.09772229194641113,0.04680139571428299,0.00016422022599726915,3.781850637096795e-07,3.642989554464293e-07,0.10152027010917664,0.07612232863903046,0.10353298485279083,0.10340479016304016,0.013146437704563141,0.2030373364686966,0.19035163521766663,0.018859541043639183,0.09188474714756012,0.09521202743053436,0.4625503718852997,0.5072733163833618,0.006166662089526653,0.006365044973790646,0.0008916668593883514,0.000853830308187753,0.15578730404376984,0.00038005810347385705,0.0036813707556575537,0.03490276262164116,0.005442159716039896,1.6950098142842762e-05,2.8997368644922972e-05,0.019958408549427986,0.0005601378506980836,0.05799243599176407,0.09539145976305008,0.044685669243335724,0.02998114749789238,0.005860299803316593,0.0006408790359273553,0.001744672772474587,0.005795612931251526,0.00020597124239429832,0.010625127702951431,0.023826735094189644,0.0293299350887537,0.0009657292393967509,0.00972856767475605,0.02274869754910469,0.026432480663061142,1.5310123444578494e-06,1.7123270481533837e-06
uyuyor,1.222369292008807e-06,0.012169607914984226,0.030645649880170822,0.04438091069459915,0.20349998772144318,0.09474091976881027,1.588150189490989e-05,2.3162149886957195e-07,4.7324235197265807e-07,0.06821422278881073,0.03006909228861332,0.1620904952287674,0.14846733212471008,0.01704384759068489,0.18134334683418274,0.16250543296337128,0.023088563233613968,0.061059582978487015,0.06282109022140503,0.3674060106277466,0.30018600821495056,0.011791964061558247,0.0190877728164196,0.00016871180559974164,0.0003144221263937652,0.0002537605178076774,7.674687367398292e-06,4.775837078341283e-05,0.012634468264877796,0.00046681202366016805,0.0008135432726703584,0.0014140987768769264,0.003735567443072796,0.0017617723206058145,0.00029951895703561604,0.0006717889336869121,0.024355284869670868,0.004707694984972477,0.09291094541549683,0.0004042012442369014,0.0004759198927786201,9.801880514714867e-05,0.0060225543566048145,0.0513235479593277,0.10420753061771393,0.07268825173377991,0.01707674190402031,0.08064613491296768,0.006929781753569841,0.008566567674279213,7.726444891886786e-06,1.1124461707368027e-06
uyuyor,8.830710385154816e-07,0.014285767450928688,0.05397294834256172,0.0193945299834013,0.14166682958602905,0.0552687868475914,1.5209058801701758e-05,1.7661351137121528e-07,3.6511946177597565e-07,0.11774440109729767,0.07109961658716202,0.20518790185451508,0.1919645220041275,0.02205081842839718,0.16998609900474548,0.1562664955854416,0.022998614236712456,0.05149638280272484,0.049112141132354736,0.40988463163375854,0.4024265706539154,0.006818010937422514,0.009578456170856953,0.0002316150930710137,0.000273360958090052,0.0003286889404989779,1.3176925676816609e-05,6.109222158556804e-05,0.016833512112498283,0.0005531593924388289,0.00018770326278172433,0.0003332622582092881,0.009059123694896698,0.003234846517443657,0.0003896127745974809,0.0007955596665851772,0.01774453930556774,0.004195170011371374,0.14416420459747314,0.0002610088558867574,0.0002909348113462329,0.00014238173025660217,0.002142844256013632,0.027242666110396385,0.18576107919216156,0.13018740713596344,0.010079377330839634,0.06345084309577942,0.005854744464159012,0.006283910479396582,6.260631835175445e-06,8.433879656877252e-07
uyuyor,1.0838074331331882e-06,0.01023827213793993,0.01911120116710663,0.032034844160079956,0.15791217982769012,0.06292467564344406,0.00014504813589155674,5.551504500544979e-07,3.031438779999007e-07,0.1262674778699875,0.09725571423768997,0.16988462209701538,0.17266015708446503,0.018748437985777855,0.16353483498096466,0.1477859616279602,0.022255899384617805,0.05665997043251991,0.053301166743040085,0.3982488214969635,0.4360142648220062,0.005589424166828394,0.004446821287274361,0.0009668358834460378,0.0011176008265465498,0.06352751702070236,0.00012965987843926996,0.0010980404913425446,0.01774883083999157,0.0013223253190517426,0.00032645234023220837,0.0005065188161097467,0.028036924079060555,0.0007360420422628522,0.05101541057229042,0.11682788282632828,0.027869010344147682,0.00812452845275402,0.010781541466712952,0.0002692030684556812,0.001302068238146603,0.002143456134945154,0.00042054030927829444,0.02775571681559086,0.01883476786315441,0.012276859022676945,0.0038284349720925093,0.01013626717031002,0.09159320592880249,0.08537325263023376,3.259712684666738e-06,2.148547309843707e-06
uyuyor,9.55245354816725e-07,0.017156602814793587,0.02694830857217312,0.00862907525151968,0.17053136229515076,0.07895582914352417,1.2881179827672895e-05,1.0768740565936241e-07,1.645699256869193e-07,0.12422274798154831,0.0834888219833374,0.15080375969409943,0.13811495900154114,0.03831631690263748,0.11488016694784164,0.10005450248718262,0.03461192548274994,0.06725955009460449,0.061653006821870804,0.42930904030799866,0.41773080825805664,0.005332536995410919,0.00448096776381135,0.00011173403618158773,0.0001972478348761797,0.0004416688752826303,1.0798212315421551e-05,0.00018353592895437032,0.021927066147327423,0.002562864450737834,0.00028303664294071496,0.00038655634853057563,0.0010569681180641055,0.002017562510445714,0.00010779988951981068,0.00017744203796610236,0.06679093837738037,0.021621380001306534,0.01814999431371689,0.0003852501686196774,0.0008780159987509251,0.00022763056040275842,0.012281665578484535,0.012179752811789513,0.14902010560035706,0.10831116884946823,0.014600719325244427,0.02832622453570366,0.0006392249488271773,0.0008509527542628348,2.0028003291372443e-06,4.502109050008585e-07
uyuyor,7.464718692062888e-07,0.008636322803795338,0.021770549938082695,0.012307084165513515,0.23508647084236145,0.05075916275382042,1.5305602573789656e-05,1.5721339252650068e-07,1.7247799632968963e-07,0.1367344856262207,0.1219063401222229,0.09135070443153381,0.09103676676750183,0.036893051117658615,0.12684525549411774,0.11753763258457184,0.030352013185620308,0.1276131421327591,0.12416265159845352,0.5464109778404236,0.48159271478652954,0.00538989482447505,0.0036695615854114294,0.00022603034449275583,0.00027186519582755864,0.0005602451856248081,1.264294496650109e-05,0.0002060287952190265,0.015509704127907753,0.0005121201975271106,0.0006030971999280155,0.0009161033085547388,0.003911673091351986,0.001293005421757698,0.0002190177037846297,0.0005566058098338544,0.031437765806913376,0.004107221029698849,0.07012568414211273,0.00046988262329250574,0.0004304942558519542,0.00018661326612345874,0.0029936644714325666,0.011605684645473957,0.08852089196443558,0.04436782747507095,0.02266111597418785,0.04310646280646324,0.0005672285915352404,0.0005702496855519712,4.191625976091018e-06,5.388240538195532e-07
uyuyor,1.0121581226485432e-06,0.0048100766725838184,0.02522304281592369,0.01595775969326496,0.2818424105644226,0.04554658755660057,0.00010402318730484694,3.6892586763315194e-07,3.4988715924555436e-07,0.14428292214870453,0.13166368007659912,0.11137790977954865,0.11087611317634583,0.02593790926039219,0.14071573317050934,0.1279406100511551,0.026717886328697205,0.09999612718820572,0.10137011855840683,0.5284894704818726,0.46185553073883057,0.005103049334138632,0.0032142940908670425,0.0010003814240917563,0.0006296512437984347,0.02115645818412304,0.00010818925511557609,0.0007630319450981915,0.031281594187021255,0.0004990310990251601,0.00018723921675700694,0.0003455457044765353,0.03641491383314133,0.00044776356662623584,0.01286100409924984,0.04407332092523575,0.025122324004769325,0.0022521289065480232,0.033926282078027725,0.0007318900898098946,0.000322902254993096,0.001245334860868752,0.0001899183407658711,0.01793474517762661,0.0856146290898323,0.04147355258464813,0.009309458546340466,0.037960924208164215,0.015524003654718399,0.011870638467371464,6.1928890318085905e-06,1.865742319751007e-06
uyuyor,1.5760878113724175e-06,0.007573584094643593,0.013316528871655464,0.017787452787160873,0.2376544326543808,0.07665812224149704,0.00012954357953276485,5.239314191385347e-07,3.607769087921042e-07,0.10383572429418564,0.08827341347932816,0.10718268156051636,0.11041615158319473,0.01897774636745453,0.16622377932071686,0.14720283448696136,0.024271225556731224,0.09844616055488586,0.09595298767089844,0.5501827001571655,0.4908653497695923,0.005701411049813032,0.0056114415638148785,0.0007418437744490802,0.00044364159111864865,0.011297738179564476,7.790549716446549e-05,0.0007013588328845799,0.02936587482690811,0.0005981482681818306,0.00016192642215173692,0.00025044693029485643,0.014601482078433037,0.0004847270902246237,0.006922025233507156,0.025753078982234,0.037541989237070084,0.0030592780094593763,0.03582964837551117,0.0007991833263076842,0.0005291174747981131,0.00124520028475672,0.0006241758237592876,0.019255228340625763,0.5071069002151489,0.22606013715267181,0.020069707185029984,0.0363343171775341,0.019158458337187767,0.016086533665657043,4.0892518882174045e-06,2.2630956664215773e-06
uyuyor,1.0256028417643392e-06,0.006517921108752489,0.010785890743136406,0.022453736513853073,0.26762625575065613,0.08755916357040405,8.953630458563566e-05,4.206315509236447e-07,2.7373869215807645e-07,0.10169191658496857,0.08807791769504547,0.12161149084568024,0.1287958323955536,0.02500081993639469,0.1501627266407013,0.13171812891960144,0.028589732944965363,0.09016263484954834,0.08794363588094711,0.5397452116012573,0.4593037962913513,0.006332392804324627,0.005952485837042332,0.0007438527536578476,0.0004553230828605592,0.006765666883438826,5.194344339543022e-05,0.0004032208235003054,0.017575029283761978,0.00046893605031073093,0.00010467993706697598,0.0001600295363459736,0.030997565016150475,0.0007282798178493977,0.005688617005944252,0.018132120370864868,0.016126355156302452,0.001681721885688603,0.11137401312589645,0.0006848079501651227,0.00024129189841914922,0.0005907087470404804,0.00039731705328449607,0.018314680084586143,0.49154388904571533,0.24497736990451813,0.01613711751997471,0.04198338836431503,0.022043174132704735,0.018004273995757103,5.035217327531427e-06,1.5745960126878344e-06
uyuyor,1.2351633813523222e-06,0.007585522253066301,0.015178168192505836,0.01779020205140114,0.25017833709716797,0.0719679594039917,3.345856748637743e-05,3.12418507064649e-07,2.690443352548755e-07,0.10761463642120361,0.0960637778043747,0.11049781739711761,0.11991555243730545,0.024669378995895386,0.1483016014099121,0.13162706792354584,0.03526550903916359,0.103924959897995,0.09775122255086899,0.5555648803710938,0.43612372875213623,0.006488736253231764,0.0051477518863976,0.00037088501267135143,0.0002797115594148636,0.0010305517353117466,1.842954588937573e-05,0.00021233470761217177,0.014410196803510189,0.0003090105310548097,0.0003025242767762393,0.0005145863397046924,0.012795781716704369,0.0009848211193457246,0.0004923478118143976,0.0015820566331967711,0.017507581040263176,0.0015233185840770602,0.15687276422977448,0.0007352305110543966,0.0002597167622298002,0.00021690421272069216,0.0016033967258408666,0.019995596259832382,0.4071250259876251,0.1895885020494461,0.02371397241950035,0.07733894139528275,0.004315679427236319,0.0037544132210314274,5.452896857605083e-06,1.2097410717615276e-06
uyuyor,9.641368023949326e-07,0.006105607375502586,0.018310049548745155,0.009479952044785023,0.3020898699760437,0.07025792449712753,7.52230262150988e-05,3.37840049269289e-07,3.0882702617418545e-07,0.09450457990169525,0.09563689678907394,0.08114616572856903,0.08824627101421356,0.017868760973215103,0.17963744699954987,0.16531780362129211,0.02758810669183731,0.14263726770877838,0.13229145109653473,0.5715340375900269,0.4470982551574707,0.007818544283509254,0.005226565524935722,0.0008520095143467188,0.0005346074467524886,0.006285444833338261,4.567849828163162e-05,0.0004369314119685441,0.013047627173364162,0.0006707761203870177,9.561466140439734e-05,0.000144624020322226,0.03831665962934494,0.0004697456315625459,0.004281774628907442,0.012044732458889484,0.015211970545351505,0.0022635809145867825,0.0909297987818718,0.0011811237782239914,0.00018448529590386897,0.0005869335145689547,0.00025681903935037553,0.01400492899119854,0.376577228307724,0.232509046792984,0.01881331205368042,0.07698977738618851,0.007196169346570969,0.006977166049182415,5.038786639488535e-06,1.4955894585000351e-06
uyuyor,1.5440992910953355e-06,0.005885257851332426,0.011176309548318386,0.017634065821766853,0.3028643727302551,0.0903952345252037,8.506504673277959e-05,5.774187457063817e-07,4.4068863758184307e-07,0.09265269339084625,0.06998420506715775,0.06826510280370712,0.0718824490904808,0.024123448878526688,0.13218234479427338,0.1259154975414276,0.03166642785072327,0.15222029387950897,0.1457088440656662,0.5363724231719971,0.36357587575912476,0.008364463225007057,0.0063260397873818874,0.0007365188212133944,0.0006990699912421405,0.0103559335693717,5.2824725571554154e-05,0.00044096779311075807,0.017941968515515327,0.00025607721181586385,0.0006823434960097075,0.001306201214902103,0.030024999752640724,0.0003596550668589771,0.005974853411316872,0.024921080097556114,0.019026190042495728,0.0015067016938701272,0.04961533844470978,0.0008680238970555365,0.0003177138278260827,0.000610847317148,0.000671780260745436,0.040600091218948364,0.07291620969772339,0.03406500816345215,0.013064173050224781,0.06592812389135361,0.03534787893295288,0.027549680322408676,8.239111593866255e-06,2.3649370177736273e-06
uyuyor,6.764408908566111e-07,0.0018687042174860835,0.004687838722020388,0.09062346071004868,0.4455313980579376,0.1367252767086029,2.9659418942173943e-05,1.832074332241973e-07,2.1070619027341309e-07,0.16689006984233856,0.16696594655513763,0.1503366082906723,0.16957108676433563,0.018864866346120834,0.19268830120563507,0.1899191290140152,0.02060525119304657,0.07804166525602341,0.06363122910261154,0.5637285709381104,0.3792397677898407,0.004563950467854738,0.002542471280321479,0.00036859422107227147,0.0004272166406735778,0.0016583374235779047,1.832110865507275e-05,0.000506001990288496,0.013905954547226429,0.00045123256859369576,0.0003911452949978411,0.0006140486802905798,0.0053971922025084496,0.0007444438524544239,0.0005565275787375867,0.001581187592819333,0.02546435408294201,0.0030238532926887274,0.05715970695018768,0.0008854500483721495,0.00042143199243582785,0.00036748041748069227,0.0009072081884369254,0.00767288263887167,0.07805129140615463,0.04092157632112503,0.015101693570613861,0.05299263074994087,0.0005780578358098865,0.00045633112313225865,5.775500085292151e-06,7.872485525695083e-07
uyuyor,7.385382900793047e-07,0.0005833571776747704,0.001462859334424138,0.3114265203475952,0.5199244022369385,0.20595093071460724,6.760913674952462e-05,8.899503427528543e-07,3.9443145283257763e-07,0.1587069034576416,0.12569141387939453,0.30512383580207825,0.29096266627311707,0.08356044441461563,0.054081179201602936,0.044338200241327286,0.08510972559452057,0.03473279997706413,0.03147890418767929,0.4662511348724365,0.38237249851226807,0.004571415483951569,0.00499375257641077,0.0008503856952302158,0.0004317894927226007,0.005638076923787594,4.895194069831632e-05,0.00022430748504120857,0.009032635018229485,0.0005855569615960121,0.0008131050853990018,0.0011691153049468994,0.028139693662524223,0.00042432741611264646,0.010190228000283241,0.025461750105023384,0.013915497809648514,0.003591185435652733,0.05861182138323784,0.0008564895833842456,0.00041892481385730207,0.0003785610606428236,0.0009455524268560112,0.03453310579061508,0.08919691294431686,0.05848856270313263,0.02036673203110695,0.08363237977027893,0.1291622668504715,0.1283494532108307,8.128205081447959e-06,1.4489864952338394e-06
uyuyor,1.466437197450432e-06,0.009837772697210312,0.024683518335223198,0.008278057910501957,0.22210972011089325,0.05503176525235176,0.0001895763707580045,3.402180936973309e-07,1.6953504200500902e-07,0.2900203466415405,0.4125884771347046,0.46336978673934937,0.44190964102745056,0.024067925289273262,0.17205758392810822,0.16228808462619781,0.023227358236908913,0.02821006253361702,0.015353585593402386,0.63053297996521,0.48041489720344543,0.003220984945073724,0.000495985324960202,0.0007366335485130548,0.0005334662855602801,0.006082457955926657,5.637237336486578e-05,0.000409360189223662,0.003839249024167657,0.0012482855236157775,0.00045147305354475975,0.0004876641614828259,0.014036351814866066,0.00020080474496353418,0.009365187957882881,0.024777160957455635,0.015138319693505764,0.0048187971115112305,0.040140844881534576,0.001898754620924592,0.0006606432725675404,0.0019134862814098597,0.0009710750309750438,0.015136322006583214,0.7143607139587402,0.598430871963501,0.010699878446757793,0.035622261464595795,0.07248662412166595,0.0890124961733818,3.759892024390865e-06,1.8641416090758867e-06
uyuyor,6.66939513394027e-07,0.01305357739329338,0.026431038975715637,0.020771343261003494,0.13511712849140167,0.035043567419052124,1.991653880395461e-05,1.2456376907721278e-07,1.0300013997266433e-07,0.3552791178226471,0.3549271523952484,0.35604187846183777,0.35152143239974976,0.04019429162144661,0.11925837397575378,0.10644720494747162,0.04877577722072601,0.03975813090801239,0.029362758621573448,0.5971255302429199,0.4551718831062317,0.0021922574378550053,0.0008370910654775798,0.00023208549828268588,0.0004059381317347288,0.00037786716711707413,6.769257197447587e-06,0.00012612954014912248,0.003015361027792096,0.001057035755366087,0.0006551192491315305,0.0007084041717462242,0.0030278682243078947,0.0007164764683693647,0.0002416526695014909,0.0003904668556060642,0.013381575234234333,0.004974985029548407,0.08056560158729553,0.001057434594258666,0.00034258185769431293,0.00022899152827449143,0.003691495396196842,0.01303236372768879,0.3915407061576843,0.28085559606552124,0.04461206868290901,0.0720616802573204,0.002198519418016076,0.0031925770454108715,3.6183475913276197e-06,6.10348877216893e-07
uyuyor,9.84407051873859e-07,0.007715528830885887,0.013970421627163887,0.021241899579763412,0.19744831323623657,0.05229945480823517,1.8492892195354216e-05,1.537217286795567e-07,2.0055036031862983e-07,0.2860104441642761,0.3381607234477997,0.30857932567596436,0.3092953860759735,0.06283272802829742,0.08765871822834015,0.06690048426389694,0.060779787600040436,0.04531766101717949,0.03263764828443527,0.5583506226539612,0.46683698892593384,0.0026134122163057327,0.0008759766351431608,0.0002114064700435847,0.00023094208154361695,0.000316472229314968,1.126102597481804e-05,0.00010163496335735545,0.010143747553229332,0.001321435789577663,0.0011174966348335147,0.0014101880369707942,0.0011057165684178472,0.00030577045981772244,0.00017848647257778794,0.00040268595330417156,0.03817416727542877,0.008387180045247078,0.030472949147224426,0.0021480321884155273,0.0006942243780940771,0.0002793677558656782,0.008320978842675686,0.010426541790366173,0.35389426350593567,0.22717837989330292,0.044690098613500595,0.13191348314285278,0.0012768832966685295,0.0016496392199769616,4.9880773076438345e-06,6.906528255967714e-07
sinirli,1.8282690916748834e-06,0.06330940872430801,0.1275673359632492,0.0021370912436395884,0.042083244770765305,0.020203866064548492,1.7835729522630572e-05,1.3750802452250355e-07,2.974964274926606e-07,0.1730237752199173,0.15006162226200104,0.11436062306165695,0.11987554281949997,0.02976660057902336,0.12092754989862442,0.11818363517522812,0.041817110031843185,0.10573086887598038,0.09671222418546677,0.5600653886795044,0.47745469212532043,0.004244046751409769,0.0027222747448831797,0.00014056358486413956,0.000303437962429598,0.00030880526173859835,8.843495379551314e-06,0.00010675299563445151,0.0284609105437994,0.0008017381769604981,0.0005350325955078006,0.000908292829990387,0.0013811765238642693,0.002082402817904949,0.00010551173181738704,0.0002734206791501492,0.061482470482587814,0.00946736615151167,0.05764494463801384,0.0003030531224794686,0.0010457843309268355,0.0001894699380500242,0.013280128128826618,0.012698143720626831,0.33580282330513,0.1756574511528015,0.01741325855255127,0.08388838171958923,0.0005939418915659189,0.0005931555642746389,3.0749852157896385e-06,8.236403346018051e-07
sinirli,1.2528519164334284e-06,0.12327839434146881,0.3187742531299591,0.0009464907343499362,0.019785327836871147,0.006005904171615839,1.4739670405106153e-05,7.172994287429901e-08,2.2349360051521217e-07,0.2002985030412674,0.21166837215423584,0.1426875740289688,0.15106268227100372,0.029626332223415375,0.1080712080001831,0.13111767172813416,0.04817132651805878,0.08300994336605072,0.07583776861429214,0.5349752902984619,0.4520893692970276,0.003460825653746724,0.0016960961511358619,0.00011169876961503178,0.0002435909555060789,0.0003651102597359568,1.0763955287984572e-05,9.592370042810217e-05,0.031277477741241455,0.0019136101473122835,0.00028112586005590856,0.0004634563229046762,0.0007200738764367998,0.000639644917100668,0.00010019470937550068,0.00023790188424754888,0.07123380899429321,0.013629981316626072,0.024909354746341705,0.0012146692024543881,0.0010556207271292806,0.00028258556267246604,0.011734278872609138,0.010448399931192398,0.1907951980829239,0.11866659671068192,0.007921458221971989,0.046759556978940964,0.0004824227944482118,0.0006351244519464672,2.3384884570987197e-06,5.837317758050631e-07
sinirli,4.788253704646195e-07,0.07374359667301178,0.23714210093021393,0.0011667478829622269,0.032420866191387177,0.008587656542658806,1.8298202121513896e-05,1.5948612031024822e-07,2.332652115910605e-07,0.22824054956436157,0.2543127238750458,0.15820413827896118,0.16432902216911316,0.04157032445073128,0.0947580337524414,0.10737396031618118,0.055229708552360535,0.0837528184056282,0.08293717354536057,0.5498608350753784,0.5177984237670898,0.00322329462505877,0.0016815970884636045,0.00043801130959764123,0.00018944896874018013,0.00026020329096354544,1.445384077669587e-05,3.114807259407826e-05,0.004975317511707544,0.0006206659600138664,0.0020904059056192636,0.002725420519709587,0.0023081833496689796,0.00025983218802139163,0.0006188275874592364,0.0015450315549969673,0.016033239662647247,0.0029283941257745028,0.07859078049659729,0.0012343499111011624,0.00032705417834222317,0.00011840472870972008,0.0015806907322257757,0.012750654481351376,0.17044369876384735,0.09489404410123825,0.10043976455926895,0.19484007358551025,0.0010746597545221448,0.0014211270026862621,6.045976988389157e-06,6.251524951039755e-07
sinirli,6.188529368955642e-07,0.04711158946156502,0.23586967587471008,0.0012734357733279467,0.0462578609585762,0.011194382794201374,1.7354996089125052e-05,2.038096056367067e-07,2.940610386303888e-07,0.2078961879014969,0.2963975965976715,0.19206929206848145,0.22562187910079956,0.033060453832149506,0.10807667672634125,0.11960159987211227,0.050547387450933456,0.07115460187196732,0.057896938174963,0.5776795148849487,0.45856285095214844,0.004033669363707304,0.0016138238133862615,0.00044604658614844084,0.00016815481649246067,0.00013084437523502856,1.1562797226360999e-05,1.4994817320257425e-05,0.004648631438612938,0.00048721954226493835,0.0032712840475142,0.004647467285394669,0.004015909507870674,0.0004643847933039069,0.0004920130013488233,0.0011663861805573106,0.01211430225521326,0.0023939686361700296,0.17758268117904663,0.0008352998993359506,0.0002618827857077122,5.418426371761598e-05,0.0033651196863502264,0.030703235417604446,0.17149531841278076,0.1024453416466713,0.10222199559211731,0.299460232257843,0.0030850397888571024,0.004758567549288273,1.048039393936051e-05,6.991806458245264e-07
sinirli,6.973533572818269e-07,0.1729903668165207,0.3805786073207855,0.000671536079607904,0.0177477914839983,0.006069726776331663,1.7551750715938397e-05,1.3367589701829274e-07,2.7729316798286163e-07,0.2635681629180908,0.25256845355033875,0.27367687225341797,0.30464938282966614,0.012488852255046368,0.19984255731105804,0.23259864747524261,0.03248545154929161,0.04305976629257202,0.038900524377822876,0.5531603097915649,0.47746506333351135,0.0030372997280210257,0.002110164612531662,0.00032845058012753725,0.0001250218047061935,0.00015907852503005415,1.660456291574519e-05,2.251875957881566e-05,0.009732809849083424,0.00042508391197770834,0.0007802210166119039,0.0012408859329298139,0.002751030260697007,0.0005220344755798578,0.0003184072847943753,0.0009728571749292314,0.018681460991501808,0.0024949684739112854,0.16876162588596344,0.001108641386963427,0.00027479344862513244,7.261573045980185e-05,0.003068350488319993,0.020447105169296265,0.24033324420452118,0.12860466539859772,0.029510708525776863,0.1555878221988678,0.002570947865024209,0.0028003985062241554,6.767959348508157e-06,8.30050339573063e-07
sinirli,1.1142085440951632e-06,0.05320652574300766,0.4767422080039978,0.0013452395796775818,0.031177088618278503,0.006037902552634478,2.1664047380909324e-05,2.4249453645097674e-07,7.458862114617659e-07,0.27918392419815063,0.33781740069389343,0.18404032289981842,0.23522694408893585,0.0049854787066578865,0.3513382077217102,0.3448280096054077,0.01795165240764618,0.06900432705879211,0.05378148332238197,0.5722303986549377,0.3870316445827484,0.003152222838252783,0.001483020605519414,0.0004648185567930341,5.021765537094325e-05,7.642275159014389e-05,4.238502151565626e-05,6.756918537575984e-06,0.008693564683198929,0.00031378306448459625,0.005332752130925655,0.008232316002249718,0.0034817096311599016,0.0005368489073589444,0.0003663614625111222,0.0014792975271120667,0.020632660016417503,0.0017223506001755595,0.2662256956100464,0.0008048037416301668,0.00036140999873168766,4.281356086721644e-05,0.007748791482299566,0.053956784307956696,0.20690946280956268,0.09942140430212021,0.08383438736200333,0.37542617321014404,0.006388889625668526,0.008518580347299576,1.8179922335548326e-05,8.89064722287003e-07
sinirli,8.573624086238851e-07,0.03656052052974701,0.1668938547372818,0.008842621929943562,0.14348497986793518,0.038962628692388535,1.1683840966725256e-05,2.0805150313663034e-07,1.21429764021741e-06,0.31199416518211365,0.2539950907230377,0.32388290762901306,0.32426437735557556,0.0008767357212491333,0.7812850475311279,0.7876412868499756,0.001861577620729804,0.028912050649523735,0.025177648290991783,0.3511318266391754,0.32109466195106506,0.0032530599273741245,0.0027292801532894373,0.000260474334936589,3.6823825212195516e-05,5.443197369459085e-05,0.0001266676845261827,2.9189586712163873e-06,0.018618863075971603,0.0009050816879607737,0.0024698195047676563,0.0031028238590806723,0.0022686393931508064,0.0005752289434894919,0.0003411486395634711,0.000931590679101646,0.0477636344730854,0.006479060277342796,0.17991290986537933,0.0009099806775338948,0.0005494802026078105,5.5988941312534735e-05,0.011411254294216633,0.04830378666520119,0.20581196248531342,0.14347706735134125,0.035519108176231384,0.2081054151058197,0.0028210219461470842,0.003472008276730776,2.7916248654946685e-05,9.364977131554042e-07
sinirli,8.47529065595154e-07,0.028905868530273438,0.21321316063404083,0.006058932282030582,0.1786017268896103,0.02750859595835209,1.5545811038464308e-05,1.8034556603652163e-07,1.5610302170898649e-06,0.2955990135669708,0.3297584652900696,0.3963843286037445,0.39961349964141846,0.0007052281871438026,0.8199652433395386,0.8263146877288818,0.001649230718612671,0.02289518713951111,0.019392600283026695,0.36872729659080505,0.38586995005607605,0.0032270748633891344,0.001774493372067809,0.00033557770075276494,3.554089198587462e-05,7.38372327759862e-05,0.00013673586363438517,3.460998868831666e-06,0.03199605643749237,0.0009582434431649745,0.004349694587290287,0.005538732744753361,0.0012901538284495473,0.0012638476910069585,0.00044140437967143953,0.0013495178427547216,0.05917301028966904,0.006893498357385397,0.08062252402305603,0.0002674514544196427,0.0008873465121723711,9.785928705241531e-05,0.010891889221966267,0.038150202482938766,0.18119239807128906,0.1113651916384697,0.0559784397482872,0.268667072057724,0.003618735820055008,0.004129133652895689,2.2223644918994978e-05,9.287766147281218e-07
sinirli,1.502944428466435e-06,0.032932348549366,0.34388479590415955,0.002013830468058586,0.09197439253330231,0.012855182401835918,2.708278043428436e-05,2.7857498707817285e-07,8.109220175356313e-07,0.2663285732269287,0.2654394805431366,0.15268614888191223,0.17690299451351166,0.0014575115637853742,0.633095383644104,0.6120548248291016,0.005781241226941347,0.07300122827291489,0.06025097146630287,0.589126467704773,0.36433297395706177,0.0030254351440817118,0.0018287976272404194,0.0002946252061519772,2.4287288397317752e-05,0.0001275812101084739,0.00015017238911241293,9.153665814665146e-06,0.01022461149841547,0.0010788877261802554,0.003864387748762965,0.005093182437121868,0.0013638247037306428,0.0007208902970887721,0.0004069131100550294,0.0008630442898720503,0.024765608832240105,0.006343391723930836,0.0839247927069664,0.0005897791124880314,0.001073269871994853,0.00010495230526430532,0.013949215412139893,0.04022427648305893,0.36913004517555237,0.30671069025993347,0.029132705181837082,0.18860937654972076,0.002800972433760762,0.004772612359374762,1.210770642501302e-05,9.945150623025256e-07
sinirli,1.6138573073476437e-06,0.11850014328956604,0.18948274850845337,0.00032752720289863646,0.029149852693080902,0.01617673598229885,3.3890686609083787e-05,2.8163626097921224e-07,5.180818334338255e-07,0.18423868715763092,0.21129189431667328,0.09807871282100677,0.11268877238035202,0.039632681757211685,0.08634515106678009,0.10172329843044281,0.06113689765334129,0.13249751925468445,0.1340610533952713,0.7101532220840454,0.6048895120620728,0.0038286044728010893,0.0022125535178929567,0.00041294036782346666,0.000350199785316363,0.0005311067798174918,1.8214455849374644e-05,9.748765296535566e-05,0.017857475206255913,0.0004351148381829262,0.0020791117567569017,0.0035252736415714025,0.0017878583166748285,0.0005595311522483826,0.0004621853004209697,0.001697041792795062,0.042708247900009155,0.003938604611903429,0.06002316623926163,0.0004458276089280844,0.001109729753807187,0.0004331530653871596,0.003972656559199095,0.005918299779295921,0.299771249294281,0.11904674768447876,0.045269932597875595,0.2405552715063095,0.0002232964470749721,0.00020330790721345693,3.692690825118916e-06,1.2367416957204114e-06
sinirli,1.087259988707956e-06,0.15510687232017517,0.11785158514976501,0.0011334079317748547,0.02312600240111351,0.016506679356098175,1.9712124412762932e-05,3.5564357858675066e-07,1.5855405877118756e-07,0.1834491789340973,0.1707586646080017,0.07263360917568207,0.07687320560216904,0.38416075706481934,0.0073449090123176575,0.012715300545096397,0.381864458322525,0.16143536567687988,0.1612650454044342,0.6357814073562622,0.6001343727111816,0.004598093219101429,0.0018866119207814336,0.00042786423000507057,0.0006162041099742055,0.00023606377362739295,7.1226918407774065e-06,3.0341388992383145e-05,0.0035659128334373236,0.0010602654656395316,0.01170964166522026,0.01317918486893177,0.0015506328782066703,0.00034868851071223617,0.000561382679734379,0.0007989811128936708,0.03127053380012512,0.012329363264143467,0.013025250285863876,0.000457348651252687,0.0009474046528339386,0.00035219895653426647,0.01148909330368042,0.009047074243426323,0.24760209023952484,0.13776464760303497,0.17647801339626312,0.33278924226760864,0.0005226368666626513,0.000525108422152698,1.904635723803949e-06,9.695695553091355e-07
sinirli,4.030871991744789e-07,0.1935245543718338,0.15867988765239716,0.0004136986390221864,0.026161296293139458,0.009971070103347301,1.5722262105555274e-05,1.325093279547218e-07,4.5190276409812213e-08,0.17021054029464722,0.14864251017570496,0.04792685806751251,0.04443756863474846,0.54079270362854,0.0037473763804882765,0.00852618832141161,0.509407639503479,0.2233264446258545,0.21758389472961426,0.6167030334472656,0.6315257549285889,0.005475344602018595,0.0017023608088493347,0.0003760866238735616,0.0010468412656337023,0.0002636525023262948,4.2512351683399174e-06,2.5310408091172576e-05,0.0016844075871631503,0.004325328394770622,0.013702861964702606,0.011920816265046597,0.0010694548254832625,0.00014233232650440186,0.0015537047293037176,0.0013338591670617461,0.025359442457556725,0.043156836181879044,0.005970374681055546,0.001086942502297461,0.0006807635072618723,0.00033411834738217294,0.006499344017356634,0.007160991430282593,0.032693348824977875,0.03112209215760231,0.05928650498390198,0.06238023564219475,0.0003599624033086002,0.0006219877395778894,1.3911807172917179e-06,5.554506969929207e-07
sinirli,2.2608558936099143e-07,0.2809194326400757,0.2746850252151489,0.00020449870498850942,0.024118676781654358,0.006524777039885521,1.2886402146250475e-05,5.365689403902252e-08,2.5415479498747118e-08,0.17616240680217743,0.18523980677127838,0.04252437874674797,0.04645731300115585,0.5381172895431519,0.0027296971529722214,0.013895626179873943,0.5843907594680786,0.20268931984901428,0.20770953595638275,0.666811466217041,0.605657160282135,0.005527646746486425,0.0013295981334522367,0.0001936826010933146,0.0032385187223553658,0.0002429734740871936,2.8211500193719985e-06,1.1034639101126231e-05,0.002557617612183094,0.009043628349900246,0.005172288045287132,0.0034505901858210564,0.0007606749422848225,0.00043005315819755197,0.0016040089540183544,0.001222935039550066,0.03889423608779907,0.09502643346786499,0.004221320617944002,0.00036930295755155385,0.0010304554598405957,0.0005543509032577276,0.01220026332885027,0.007251818664371967,0.009918169118463993,0.0085165835916996,0.01775904931128025,0.006559931207448244,0.0002130788197973743,0.0004013930447399616,9.355559313917183e-07,3.04136534623467e-07
sinirli,1.7724879342040367e-07,0.2162913680076599,0.23172305524349213,0.0001893478474812582,0.042088937014341354,0.009422950446605682,1.1208345313207246e-05,4.037300982417946e-08,1.9483048063762e-08,0.13131655752658844,0.19695840775966644,0.042874619364738464,0.05514339730143547,0.5707539319992065,0.003671069862321019,0.011044146493077278,0.5382828116416931,0.223609060049057,0.20608177781105042,0.7134004831314087,0.5930231809616089,0.008119281381368637,0.0011659424053505063,0.00013799961016047746,0.0020478619262576103,0.0003543348575476557,6.728805146849481e-06,2.0675926862168126e-05,0.0010468035470694304,0.01073727011680603,0.003740138141438365,0.0021343373227864504,0.0009023267193697393,0.0001624217111384496,0.0015681680524721742,0.0008750681881792843,0.02057875692844391,0.0838555097579956,0.008045614697039127,0.0013545299880206585,0.0010005729272961617,0.0006603295332752168,0.009070153348147869,0.004497974179685116,0.003451449563726783,0.004161682445555925,0.013679886236786842,0.004738008137792349,7.898002513684332e-05,0.00020358336041681468,8.236049779952737e-07,2.0619397389509686e-07
sinirli,2.1425460090540582e-06,0.1032065749168396,0.0924731194972992,0.0011417580535635352,0.04557384178042412,0.031605709344148636,3.988969911006279e-05,3.8721472606084717e-07,4.808264293387765e-07,0.1954585611820221,0.17176148295402527,0.07126238197088242,0.08393489569425583,0.1405154913663864,0.024226590991020203,0.03809117153286934,0.16560715436935425,0.16788631677627563,0.16389013826847076,0.7302918434143066,0.5717710256576538,0.0037668270524591208,0.002281524008139968,0.00042830745223909616,0.0007370885577984154,0.0005860468954779208,9.357404451293405e-06,0.00012341282854322344,0.01953064650297165,0.0004288352211005986,0.0035105871502310038,0.005993593949824572,0.001520904479548335,0.00020698001026175916,0.0004929284332320094,0.0016388241201639175,0.06570949405431747,0.003960029687732458,0.02839057333767414,0.0012714402982965112,0.0013652530033141375,0.0006299939705058932,0.006212709937244654,0.005717340856790543,0.30286750197410583,0.09248027950525284,0.07769275456666946,0.28311797976493835,0.0004231604398228228,0.00026709900703281164,3.7385893847385887e-06,1.812103050724545e-06
sinirli,1.5799071206856752e-06,0.22286459803581238,0.3251732885837555,0.0001841424236772582,0.01722000539302826,0.009387470781803131,3.583743455237709e-05,2.0754220031449222e-07,4.09250645816428e-07,0.21411646902561188,0.19834378361701965,0.08176988363265991,0.09873506426811218,0.042902860790491104,0.07122117280960083,0.10274161398410797,0.07875502854585648,0.14110100269317627,0.14917562901973724,0.6993193626403809,0.5790590643882751,0.0034171973820775747,0.0020091389305889606,0.00036876063677482307,0.0003544500796124339,0.000541954708751291,1.598558810655959e-05,9.745707939146087e-05,0.01996178738772869,0.00019895934383384883,0.0010191148612648249,0.001912648556753993,0.0031183697283267975,0.0014763022772967815,0.0004270482459105551,0.0017524417489767075,0.02932419814169407,0.0019629932940006256,0.12672458589076996,0.00023467355640605092,0.00060150126228109,0.00027488204068504274,0.0024548338260501623,0.007196594960987568,0.3951086699962616,0.1361982524394989,0.027742009609937668,0.14265966415405273,0.0004932449664920568,0.0003305230929981917,3.847675543511286e-06,1.2778923519363161e-06
sinirli,1.695587798167253e-06,0.24945563077926636,0.34369516372680664,0.00025086200912483037,0.01250707171857357,0.00857251975685358,3.841835496132262e-05,2.8563084697452723e-07,4.7611692366444913e-07,0.2132442742586136,0.23605060577392578,0.1463843435049057,0.18046200275421143,0.04030381143093109,0.07273644208908081,0.10631260275840759,0.07745391875505447,0.08248031884431839,0.0811544731259346,0.7416892051696777,0.5885818004608154,0.0032501842360943556,0.0018144930945709348,0.0003823165316134691,0.0003365087031852454,0.0005581584991887212,1.607929698366206e-05,9.985896031139418e-05,0.01835465244948864,0.00023902207612991333,0.0019421136239543557,0.003476971061900258,0.0026495507918298244,0.0006893776007927954,0.0003992635174654424,0.0018014258239418268,0.03179248049855232,0.001767435111105442,0.13706569373607635,0.0004482946533244103,0.000746506208088249,0.00023697689175605774,0.0032627528999000788,0.008204802870750427,0.35425299406051636,0.11102882027626038,0.04144348204135895,0.17939496040344238,0.0006522376206703484,0.00045085459714755416,3.9348310565401334e-06,1.5290104329324095e-06
sinirli,1.662089857745741e-06,0.08611268550157547,0.2612588107585907,0.0015208943514153361,0.03004058450460434,0.010475228540599346,2.8593154638656415e-05,5.621917011922051e-07,1.3933012041889015e-06,0.2363968938589096,0.20625342428684235,0.10948304831981659,0.1254129707813263,0.004003113601356745,0.501232385635376,0.4865187108516693,0.006654870230704546,0.11317796260118484,0.10791894048452377,0.6762373447418213,0.47973039746284485,0.0033921985886991024,0.0030575450509786606,0.0006450489745475352,4.968893699697219e-05,0.00020735371799673885,0.00012446950131561607,1.8261349396198057e-05,0.0271865576505661,0.0004052871954627335,0.0051401942037045956,0.009568278677761555,0.002976485528051853,0.0006347298622131348,0.0007669465849176049,0.00281922472640872,0.03845580667257309,0.0029762296471744776,0.20029202103614807,0.00039818210643716156,0.001232157927006483,0.00010649871546775103,0.0043233600445091724,0.017048783600330353,0.2683841288089752,0.11021900922060013,0.06773258745670319,0.4171110987663269,0.0005451085162349045,0.0005238395533524454,1.632818930374924e-05,1.25873930301168e-06
sinirli,1.7931004094862146e-06,0.12118420749902725,0.21165476739406586,0.002302121138200164,0.04357799142599106,0.028230495750904083,3.463930625002831e-05,5.688566488970537e-07,3.6575968351826305e-06,0.22299744188785553,0.15973331034183502,0.14007696509361267,0.13116689026355743,0.0006558473687618971,0.8021209836006165,0.8017299771308899,0.0029442235827445984,0.09361080825328827,0.09743596613407135,0.5925019979476929,0.5095812082290649,0.0038714134134352207,0.0053143976256251335,0.0011909622699022293,2.6201456421404146e-05,0.0002128177002305165,0.0005991445505060256,9.39224446483422e-06,0.05364680290222168,0.000415726681239903,0.00627288268879056,0.01067142840474844,0.0031353409867733717,0.005421849433332682,0.0016012523556128144,0.0056115188635885715,0.0553847961127758,0.0047417329624295235,0.08940985053777695,2.7732230591936968e-05,0.0014354310696944594,0.0002821338421199471,0.0026340459007769823,0.01342157181352377,0.11724976450204849,0.04410497844219208,0.12008089572191238,0.5503406524658203,0.0006894347607158124,0.0005770652205683291,1.9993838577647693e-05,1.9472142867016373e-06
sinirli,1.5547057046205737e-06,0.08204517513513565,0.2907737195491791,0.0011268731905147433,0.04290996119379997,0.01643228344619274,2.9219356292742305e-05,5.986909172861488e-07,2.4043890789471334e-06,0.25393369793891907,0.1654902994632721,0.10931228846311569,0.10309330374002457,0.0011793699814006686,0.7528097033500671,0.7431104183197021,0.0029625205788761377,0.12240125238895416,0.136010080575943,0.6285499334335327,0.5690466165542603,0.0030574011616408825,0.004685501102358103,0.000794856867287308,4.670489943237044e-05,0.00022247168817557395,0.00030600171885453165,1.661070746195037e-05,0.036141522228717804,0.0004104904946871102,0.004516341257840395,0.007732215337455273,0.003802165389060974,0.0014382567023858428,0.0009550629183650017,0.003559224773198366,0.04946471005678177,0.0036866425070911646,0.18823222815990448,0.00014212944370228797,0.0013305419124662876,0.00016746536130085588,0.0034107263199985027,0.015557210892438889,0.17459073662757874,0.06075869873166084,0.09403121471405029,0.392507404088974,0.0004425674269441515,0.00040851367521099746,1.674783561611548e-05,1.3876456250727642e-06
sinirli,1.7906960465552402e-06,0.15977564454078674,0.3902305066585541,0.00048598478315398097,0.016072051599621773,0.005909334868192673,4.088113200850785e-05,3.3283936318184715e-07,7.976793199304666e-07,0.2913648784160614,0.3697359263896942,0.16397911310195923,0.18849554657936096,0.008190256543457508,0.27929747104644775,0.2704896926879883,0.019752269610762596,0.07638068497180939,0.08299235999584198,0.7117983102798462,0.680255651473999,0.002064161468297243,0.0010822511976584792,0.0006009449134580791,0.0002954163937829435,0.0004149769665673375,1.9748455088119954e-05,5.367077756091021e-05,0.027311978861689568,0.00022364377218764275,0.006276590749621391,0.011231145821511745,0.0028888985980302095,0.001434182282537222,0.0005314629524946213,0.00281884684227407,0.03166785463690758,0.0014878630172461271,0.1652144491672516,0.00013465143274515867,0.00098427664488554,0.0001604423887329176,0.002743982942774892,0.013879368081688881,0.23201169073581696,0.06074216961860657,0.10904256254434586,0.332781046628952,0.0005816748598590493,0.00045313601731322706,6.946876055735629e-06,1.323450646850688e-06
sinirli,2.106930423906306e-06,0.20977486670017242,0.24146737158298492,0.00022334606910590082,0.01958317682147026,0.0097042266279459,4.257481487002224e-05,3.58318743565178e-07,3.5830746014653414e-07,0.41580381989479065,0.4389350116252899,0.2632618844509125,0.2815031111240387,0.12259548157453537,0.03538792207837105,0.042307235300540924,0.13469408452510834,0.04820333048701286,0.051133688539266586,0.7692031860351562,0.7693793773651123,0.001614328008145094,0.00047471444122493267,0.0005098957335576415,0.0006340454565361142,0.0005474388017319143,9.805294212128501e-06,9.109572420129552e-05,0.009221228770911694,0.0007198128732852638,0.00739064859226346,0.010027501732110977,0.001370282843708992,0.0001665022282395512,0.0005841931561008096,0.001800434198230505,0.04430942237377167,0.004078103229403496,0.022668441757559776,0.0012750638416036963,0.0010301811853423715,0.000733442953787744,0.0060013169422745705,0.006779295392334461,0.3353428542613983,0.10963088274002075,0.15299376845359802,0.38656291365623474,0.0011524155270308256,0.0008534768712706864,3.2503442071174504e-06,1.4836366517556598e-06
sinirli,7.663669521207339e-07,0.053104713559150696,0.07065311819314957,0.004052980802953243,0.06788063794374466,0.022575240582227707,1.735416844894644e-05,1.899152977102858e-07,1.1208723549316346e-07,0.2620682120323181,0.27985715866088867,0.1682368963956833,0.17207424342632294,0.3849017918109894,0.007655869238078594,0.012104786932468414,0.397833913564682,0.07068879902362823,0.07082536071538925,0.5848633050918579,0.597477912902832,0.003234316362068057,0.0009213573066517711,0.0002721979399211705,0.0012055080151185393,0.0001764013577485457,2.650930809977581e-06,1.9817354768747464e-05,0.003715082537382841,0.0013364703627303243,0.005001584999263287,0.0053494940511882305,0.0009857118129730225,0.0013694714289158583,0.00038982994738034904,0.0004952316521666944,0.04190698638558388,0.02244766615331173,0.008234364911913872,0.00015304653788916767,0.0009158606990240514,0.0004683122388087213,0.016738973557949066,0.009858896024525166,0.3852725327014923,0.2167598307132721,0.1026095300912857,0.17056261003017426,0.0008831699378788471,0.0008183526224456728,1.8185952512794756e-06,9.176191042570281e-07
sinirli,5.51276912119647e-07,0.01936451718211174,0.07345946878194809,0.0028747881297022104,0.18099112808704376,0.03010168857872486,2.381886042712722e-05,6.247000783332624e-08,5.4117350600790814e-08,0.466389536857605,0.5192794799804688,0.5631043910980225,0.5283570289611816,0.2723873555660248,0.013928255997598171,0.023852845653891563,0.27325859665870667,0.019818566739559174,0.01027798093855381,0.6835038661956787,0.5409888029098511,0.002823176560923457,0.00018973009719047695,0.0001296578993787989,0.0007608859450556338,0.00027786425198428333,4.984748557035346e-06,5.565622996073216e-05,0.0018900197464972734,0.005245779640972614,0.0006787390448153019,0.0005580518627539277,0.000504660012666136,0.0003270108427386731,0.00024606246734037995,0.00026306670042686164,0.04238266870379448,0.05339331179857254,0.007104150019586086,0.001999431289732456,0.0009989814134314656,0.0005887405714020133,0.0187773946672678,0.006188140716403723,0.46822017431259155,0.4504464864730835,0.027261367067694664,0.05320640653371811,0.0007530098664574325,0.0012519708834588528,1.3652700090460712e-06,5.030610168432759e-07
sinirli,2.0270504137442913e-06,0.0456543006002903,0.08168353140354156,0.004455232992768288,0.0760028213262558,0.021606585010886192,2.3589935153722763e-05,8.626017944379782e-08,8.253437755456616e-08,0.5648181438446045,0.5692741274833679,0.6243427991867065,0.5973386764526367,0.05211082473397255,0.1009792611002922,0.08375436812639236,0.06217629089951515,0.013808123767375946,0.009527446702122688,0.6821539998054504,0.6163718104362488,0.0016603990225121379,0.0001666806056164205,0.00010149163426831365,0.0004933268064633012,0.00019444515055511147,6.196226877364097e-06,4.8716439778218046e-05,0.013528240844607353,0.0013174673076719046,0.0007702212315052748,0.0011236130958423018,0.0006894636317156255,0.004093991592526436,6.830682104919106e-05,0.00012876353866886348,0.05377426743507385,0.01723700761795044,0.01876881904900074,0.00014863666729070246,0.0010463837534189224,0.0005472976481541991,0.05732477456331253,0.014394250698387623,0.6771079301834106,0.45501670241355896,0.006939341314136982,0.04183124378323555,0.003045923076570034,0.00213421368971467,2.2581093617191073e-06,9.56782514549559e-07
sinirli,1.7844837429947802e-06,0.05105806514620781,0.0810827687382698,0.003139716573059559,0.04656117036938667,0.022771824151277542,2.4753242541919462e-05,6.234062510657168e-08,6.865477786277552e-08,0.4871363937854767,0.5696987509727478,0.5589189529418945,0.5249086022377014,0.020067527890205383,0.23065400123596191,0.21769240498542786,0.017388686537742615,0.022371478378772736,0.01106149423867464,0.6329604387283325,0.5706098675727844,0.0021839027758687735,0.0001563810365041718,0.00010501396900508553,0.00037449473165906966,0.00022288296895567328,6.273906365095172e-06,6.788751488784328e-05,0.010178465396165848,0.00314668333157897,0.0007338658324442804,0.0009011590736918151,0.0007614767528139055,0.002864768961444497,8.672561671119183e-05,0.000133475215989165,0.04150557145476341,0.01935385912656784,0.02302173525094986,0.00025407352950423956,0.0009235480101779103,0.0004180298128630966,0.04023599624633789,0.016563059762120247,0.5766769647598267,0.44206514954566956,0.010196098126471043,0.034207019954919815,0.0037083695642650127,0.004841688089072704,2.3663380943617085e-06,5.435174443846336e-07
sinirli,1.824480705181486e-06,0.07410011440515518,0.2061038464307785,0.002759314142167568,0.02351902797818184,0.00905925314873457,1.744072505971417e-05,1.1620556250591108e-07,1.1641265018624836e-07,0.3062930405139923,0.3115622401237488,0.26687300205230713,0.2776140570640564,0.13313572108745575,0.032369039952754974,0.03657025471329689,0.14118504524230957,0.04485253244638443,0.03823865205049515,0.62577223777771,0.5039490461349487,0.0026464792899787426,0.000816541607491672,7.520480721723288e-05,0.0002125907631125301,0.00019693945068866014,7.342827302636579e-06,5.0173952331533656e-05,0.008469640277326107,0.0016011204570531845,0.0010883506620302796,0.001384044997394085,0.0007101153023540974,0.001418810454197228,7.062236545607448e-05,0.00011466419528005645,0.03399340808391571,0.015145650133490562,0.027591479942202568,0.0004932411829940975,0.0010186039144173265,0.00032170911435969174,0.0385809987783432,0.01870959997177124,0.5650396943092346,0.4672563672065735,0.010740126483142376,0.05809362232685089,0.002806719858199358,0.0036521812435239553,1.8342821022088174e-06,7.759420554975804e-07
